7.041512670538071506e-01
6.850152966861595694e-01
7.147849166612724181e-01
7.272637474587304585e-01
7.083539376248424446e-01
6.761722890339808556e-01
6.864336484715928277e-01
7.197922466206970737e-01
7.035934951316492603e-01
6.653238778754552163e-01
6.998964422954427889e-01
6.986811298895063693e-01
6.790407965140338176e-01
6.913172633796255129e-01
6.987002506034647453e-01
7.256438001271461324e-01
7.306328910232487983e-01
7.015463879499147515e-01
6.951190429236360213e-01
6.956662042592668405e-01
6.996129533051123062e-01
6.849556250188504336e-01
7.232495324015335569e-01
6.842521636482180591e-01
6.506252882268915849e-01
7.369893777686531422e-01
7.283995586534427469e-01
7.139397827467274249e-01
6.679833343095397113e-01
6.269433663971425430e-01
6.912069828493166979e-01
6.395249077809125327e-01
6.980103490696063506e-01
6.978379945059048906e-01
6.578590425823023224e-01
6.558117364821463013e-01
6.729242438887300670e-01
6.508252059283353708e-01
6.520352931888008241e-01
6.564580794918065676e-01
7.076577300997444198e-01
7.095225181490752986e-01
7.285014368777478211e-01
7.273581668348594320e-01
6.784557392088127470e-01
7.079298694635233202e-01
7.206758241501263207e-01
6.724510775520773365e-01
6.669003526525806302e-01
7.012134975928263625e-01
6.834083318307411226e-01
7.306207099532018301e-01
7.291257413288585454e-01
6.616294269436390207e-01
7.037479221250833028e-01
6.924266810884480705e-01
7.256625616646386057e-01
6.962705570921596809e-01
7.286136030627051730e-01
6.896883168602049308e-01
7.176453296342253374e-01
7.142592894683953419e-01
6.570654536808504531e-01
6.649367754384680751e-01
6.931882841592905686e-01
6.634488176688355665e-01
7.155933995261745117e-01
6.558524533099624465e-01
7.009856391341217074e-01
6.633707804323748514e-01
7.044748057996712554e-01
6.774964274806783981e-01
7.053796505443762355e-01
6.572405219183991010e-01
6.732231777182319243e-01
6.855247208966620542e-01
6.872622040866539495e-01
6.560130949575213588e-01
6.220258662680343553e-01
6.794073090847656538e-01
7.074662651820231574e-01
7.154532431068929554e-01
6.514762870617847312e-01
6.988104579898711810e-01
6.961985861231451134e-01
7.019325428268100575e-01
7.124999056363469085e-01
6.821265869682775485e-01
7.080042338827651216e-01
6.874007985714839508e-01
7.283534946786396347e-01
6.970834908760972226e-01
7.421577517452659922e-01
7.270637252391026761e-01
7.134100971510811684e-01
7.058533261320057983e-01
7.157589883200973224e-01
7.084996788815393076e-01
6.916851135285541075e-01
6.611837557852443537e-01
6.654281254613311214e-01
6.922615990782529094e-01
6.790853942835189949e-01
6.633634213321218942e-01
6.613196578007207727e-01
6.802761887135663210e-01
6.579268892841705352e-01
6.815199521731488685e-01
7.372048498891287105e-01
7.017338550981283563e-01
7.029010062094107614e-01
6.929770189974980843e-01
6.939716806457312259e-01
7.131775060476200911e-01
6.762004986413064911e-01
6.718143801608782439e-01
6.890809048760312416e-01
7.076720403689603645e-01
6.813723640408787530e-01
6.446347578782385401e-01
7.246909524995364116e-01
7.132985943221016312e-01
7.161446983559877077e-01
6.532293107785038799e-01
6.496493217058496583e-01
7.105966501898430820e-01
7.068566063490254736e-01
7.082818543795068589e-01
6.665129236962664683e-01
6.166143585494728852e-01
6.945245553684999962e-01
6.575270565404492951e-01
6.974033365313180299e-01
6.956223235227358970e-01
7.078195943065219709e-01
6.751893119920041597e-01
6.522657210815758777e-01
7.248378030000193206e-01
6.491905831143084393e-01
7.230371253578259383e-01
6.536859595272915824e-01
7.093923140593315635e-01
6.649070828423873092e-01
6.692587775601838151e-01
6.883344941387012916e-01
7.172762098751552795e-01
6.605484950847310133e-01
6.698263691853344470e-01
6.733722577586678248e-01
7.258435202931308172e-01
6.782292648489358644e-01
7.034676707301192877e-01
6.973730992160284137e-01
6.866486639195308328e-01
6.367356918795800125e-01
6.815859001270335726e-01
6.566191347940981693e-01
6.758279935366444668e-01
6.719868605541526874e-01
6.968645069662887659e-01
7.056288862016301122e-01
7.150157762333432254e-01
6.902223434091986354e-01
6.766011803352167675e-01
6.976999518450861526e-01
6.591937855546508018e-01
6.759615328982507831e-01
6.986358742047958925e-01
7.200457571968080783e-01
6.763802783064463142e-01
6.597487169542507468e-01
7.167486358103721811e-01
7.154117713745580254e-01
7.124095000978560854e-01
7.024864527971388384e-01
6.824865602481305915e-01
6.630428250867084206e-01
6.186491013269393990e-01
7.038050830433153493e-01
7.049430652344219617e-01
6.805734810273031954e-01
7.213678648753958367e-01
6.995768222372173994e-01
6.879959565588004144e-01
7.376639882366635703e-01
7.129098961569404480e-01
7.059091010367812835e-01
7.025285859956204026e-01
7.156846813912808303e-01
6.668043330793055334e-01
7.288514645523634927e-01
6.994534289397966731e-01
7.123088955728866800e-01
6.653443874325427609e-01
6.636957660364433131e-01
6.649830094097328725e-01
6.935853569204968316e-01
7.129565340178859456e-01
7.087666246316962626e-01
7.071129381215356391e-01
6.948434225282028587e-01
7.238589769350649572e-01
7.128150322449777754e-01
7.003883610602145149e-01
6.860594424541787140e-01
6.401749958951741259e-01
7.016547868123660381e-01
6.594839740512065118e-01
6.748898302739965160e-01
7.216777174231603365e-01
6.967418958669191476e-01
6.796553942260721293e-01
6.724569056941535061e-01
6.949316245573641249e-01
5.996806679182906663e-01
7.036699541838455918e-01
7.328051419967857028e-01
6.812300643374356035e-01
6.605155164330683837e-01
7.181914315092813306e-01
7.404491823848704524e-01
6.821340997514638849e-01
6.599467028811597524e-01
6.767322209590469484e-01
6.790345266240896960e-01
7.280617588470067458e-01
7.262616520881715054e-01
6.493659380540209858e-01
6.672681861877518550e-01
6.687399017828785652e-01
7.341953903376147172e-01
7.204685956168329630e-01
6.616487886932941320e-01
6.732045580814876029e-01
6.975853921857910755e-01
6.777640591139405535e-01
6.216332629837836299e-01
7.048229329386668240e-01
7.273226676850477190e-01
6.995975865047493469e-01
6.861249094440537988e-01
6.967218521624515271e-01
6.952460325645604122e-01
6.732360310957785643e-01
7.005676011767811850e-01
7.081430234121312006e-01
6.895565463222911307e-01
7.210014144570250361e-01
6.815300007235135515e-01
6.644651962161183256e-01
7.017086341257131599e-01
6.815644091659337489e-01
6.604773381534960741e-01
6.351570860780708649e-01
6.885778257606792740e-01
7.113569055014145048e-01
7.049239018380416555e-01
7.299178043566983964e-01
6.740568624600190573e-01
6.998522426627643567e-01
6.858468347138719778e-01
6.980867093667784129e-01
6.498645794554527289e-01
6.522151478134257108e-01
6.841066771910423450e-01
7.024628204739271631e-01
7.247873042645963659e-01
6.614770633666627875e-01
6.964731462474311741e-01
6.839770779493363762e-01
7.024536963050984628e-01
6.902440971607788356e-01
7.121763844301574053e-01
7.103251899947995440e-01
6.654165533083539197e-01
7.023005354197601191e-01
6.343709640673405037e-01
6.727656591087858295e-01
6.851840283965652256e-01
6.497274595514789253e-01
6.596563046356145321e-01
6.460925096721915617e-01
6.935171870539263983e-01
6.858776428379121937e-01
6.853753735171584927e-01
6.811473661138012226e-01
6.593690088183020714e-01
7.016222849403219719e-01
6.901358114773220587e-01
6.691399856094216725e-01
6.978329283577128228e-01
7.042182424535360363e-01
6.517183031574659280e-01
7.123659301726140702e-01
6.909618898820110156e-01
6.959072720983758842e-01
6.932689715760451676e-01
7.282320093520386894e-01
6.585408726323431772e-01
6.514405595366220547e-01
6.919840153005577532e-01
6.414637874007137475e-01
6.888485689834152881e-01
6.601852003519059764e-01
6.950352844251738160e-01
6.436103777146574556e-01
6.806817579391006845e-01
6.878277150796825445e-01
6.662774125206081255e-01
6.418624083322789220e-01
7.217026765872947003e-01
6.873876622718712026e-01
6.686423775778806977e-01
6.562739301031422778e-01
6.794087770472548860e-01
6.847610608175292990e-01
6.456901784809320199e-01
7.129074814309269703e-01
7.173390594685500332e-01
7.011493550964112975e-01
6.678089904417134903e-01
7.065745189744433441e-01
6.968674827973607711e-01
6.533890319726957108e-01
6.758298350325323556e-01
7.014433717422404735e-01
7.565320308654670534e-01
6.903691921023904499e-01
7.025326846972732575e-01
6.657794796814030525e-01
7.072148780515018496e-01
6.554742014120846783e-01
7.384283396749169448e-01
6.998051064016322931e-01
6.606161488783349744e-01
6.261531762988654659e-01
7.240257479700370480e-01
7.192305417497614206e-01
6.596896355394727962e-01
6.828340328034614437e-01
6.916615052037157207e-01
6.659904284733128010e-01
7.267046233947185296e-01
6.880243142799552514e-01
6.772899812677524167e-01
6.055183680727806994e-01
6.824046981607816420e-01
6.850767346816396541e-01
6.646504626555539419e-01
7.074976510333271795e-01
7.245796835698166127e-01
7.159724845944560601e-01
6.986175320738382544e-01
7.098994610609392630e-01
6.612249942907136857e-01
6.786401517493110269e-01
7.304559214475059292e-01
7.240322338819146220e-01
6.525390389095419019e-01
7.140026356650391870e-01
6.753744398671712723e-01
7.041643256948735274e-01
7.231078885112764976e-01
6.911301095718395127e-01
6.773339547861175758e-01
6.533183017341436249e-01
6.982179905958042498e-01
7.208968999159488522e-01
7.076058149678526865e-01
6.988126868243303980e-01
7.078334641048615872e-01
6.917034404052387897e-01
7.233086219264793781e-01
6.516985688341682126e-01
6.703209640514716794e-01
6.982983646502938235e-01
6.913554394364488376e-01
7.049052039138645753e-01
7.016263953293156996e-01
6.940108979192878280e-01
6.820066040071112168e-01
7.260445603518308477e-01
7.065345031187574287e-01
6.583599158568407272e-01
6.901809267866236830e-01
6.766067329087824822e-01
6.631296359758006576e-01
6.530972227686295817e-01
6.604763414244942954e-01
7.069983941425105334e-01
6.656639453935753181e-01
6.615520601470024076e-01
7.136717025055528962e-01
6.374268651044606715e-01
6.615244805457730637e-01
6.575579282102795853e-01
6.795560720556371725e-01
6.765806710794031176e-01
6.406201343203538068e-01
7.069669248898431402e-01
7.199440495995738099e-01
6.875328484902869519e-01
6.813947284892601930e-01
7.129203926133484970e-01
7.192004986285343016e-01
6.647848970287232317e-01
6.872798928484992187e-01
6.520660873654071654e-01
6.757532661087695125e-01
6.845876574055543839e-01
6.502285262557805368e-01
6.968221152802527296e-01
7.353963113591346357e-01
6.570407145469371324e-01
6.889795592842993255e-01
7.160568560896791723e-01
6.982112431404882136e-01
6.691340551299629347e-01
6.609825705509199123e-01
6.978142169966469188e-01
6.925239747142465374e-01
7.035661883375785575e-01
7.058410787633868644e-01
6.649381781292136306e-01
7.007998286380020536e-01
7.143954973112786044e-01
7.246379605624198028e-01
6.887903957357087714e-01
6.586320204639524167e-01
7.224589061795118061e-01
6.621789955513940340e-01
6.660703424172887965e-01
7.095656264249251555e-01
6.935307652592749283e-01
7.350151151529485949e-01
6.832196747278107551e-01
7.091041091965847309e-01
7.049070160144642605e-01
6.986901246148663480e-01
6.873737657169955995e-01
7.348046093379227983e-01
6.610850774832525145e-01
6.738323218688384575e-01
7.080735935891268040e-01
6.755850769787130616e-01
7.116713756714235783e-01
7.438967545338921461e-01
6.724611654116876558e-01
6.877494438130375976e-01
6.534257289299496563e-01
6.734125120502394424e-01
7.090373191199443870e-01
6.851177189318867766e-01
7.260085991701773489e-01
6.783609394378935509e-01
6.803310860722140418e-01
7.141993711659266886e-01
7.347985767711564531e-01
7.034284968728216070e-01
7.063453243873928367e-01
7.068093186091207736e-01
7.227257187655506954e-01
6.677459899643656271e-01
6.754704337787057478e-01
7.024802026450459591e-01
7.255295618870757357e-01
7.001169817874958179e-01
6.896146705786829756e-01
6.894631209511612457e-01
6.856254878085660254e-01
6.797373391425495237e-01
6.637398289517774108e-01
6.876624579537350401e-01
6.659315642075255282e-01
7.185462516549642187e-01
6.857550166303328920e-01
6.724579005663543496e-01
6.692120481078072114e-01
6.888082358256487625e-01
7.205253384074312706e-01
6.456206749086624841e-01
6.611119336586054329e-01
7.068809509421583037e-01
6.764677049928283781e-01
6.621618383023657461e-01
6.994043312441884375e-01
6.509383077726554889e-01
7.136999042429927886e-01
6.920808813780499058e-01
6.994806656927116117e-01
7.311548223922472722e-01
7.155332529103693995e-01
7.100684112339726850e-01
7.288117499140547295e-01
6.528690098464574598e-01
6.742327148988430663e-01
7.039591457980938216e-01
7.275726445991833602e-01
7.067984352337751686e-01
7.035930301910138240e-01
7.189363303975643271e-01
7.293625802556482629e-01
6.577492185466036201e-01
6.584303887088489571e-01
6.654996295101219816e-01
7.231844855378940506e-01
6.621692635868634547e-01
7.256503683993333897e-01
7.170989032750481051e-01
6.469921652821898350e-01
6.874454938369943813e-01
6.772169646470111992e-01
7.239978207506222452e-01
7.094690430904097012e-01
7.126876871834931793e-01
7.084132424267025607e-01
6.953966985665438472e-01
7.062205994975601087e-01
6.399202722324474069e-01
6.428253517203766920e-01
7.359228788558120904e-01
6.770885975491918174e-01
7.075496894582724572e-01
6.655332568397217541e-01
6.771883174428151575e-01
6.748538078383448102e-01
7.093977500994615992e-01
7.057622793845984566e-01
6.748738058475937107e-01
7.305745783424959505e-01
7.057965605995447644e-01
6.813887590457645693e-01
6.580354256183297279e-01
6.520046991210729503e-01
6.690688596302504232e-01
6.857984025183093690e-01
7.299198811267494369e-01
7.081411091338936092e-01
7.452038134147418447e-01
6.678724956836358251e-01
6.694261508847352271e-01
6.810218803484358041e-01
6.947390845145092753e-01
7.159357654163382989e-01
7.139834782991967277e-01
6.665828975026408809e-01
6.554876646749604463e-01
6.766224355775213306e-01
7.120709219908535337e-01
6.581260696624288142e-01
7.195773821043522922e-01
6.727390985000268886e-01
7.060590488125361164e-01
6.920035222508046369e-01
6.649295096487007894e-01
7.043663792415003622e-01
6.899672795966961258e-01
7.245813067707274069e-01
7.116273877106907841e-01
7.076891650342135298e-01
7.312782919744837962e-01
7.311859947270380466e-01
6.700034306471400747e-01
6.526844184148692385e-01
7.095263613665457880e-01
6.928068023098745698e-01
6.935950362433663807e-01
6.923575406557233025e-01
7.029465818939121258e-01
7.092678911861964863e-01
7.299497909619697689e-01
6.863145733116660097e-01
6.256966320199136566e-01
6.824508987520667702e-01
6.819157458856788256e-01
6.855296575473731613e-01
6.728438252862244395e-01
6.577233504445909595e-01
6.822716736158817019e-01
6.678793068266365429e-01
7.309962090396886492e-01
7.233235212309190310e-01
6.937889870444710061e-01
6.724054786984954291e-01
6.494720014342046932e-01
6.558309664348080936e-01
6.995823817132013067e-01
6.817501162098865697e-01
7.127423377730665033e-01
6.760110600459332542e-01
6.601692600282692558e-01
7.390018032643479451e-01
6.794415189996932947e-01
6.618411235804180226e-01
7.120750000386879552e-01
7.188031319261553032e-01
6.764024739328297064e-01
7.053320954160142708e-01
6.795508745588888511e-01
7.170512977677457878e-01
6.577412586924769045e-01
6.829354030260124109e-01
6.495224832890879041e-01
6.607491756305469144e-01
6.799128740280049321e-01
6.731109140439405225e-01
6.504851552860054786e-01
6.914970475283267470e-01
7.229804397211041511e-01
7.535036374182791929e-01
6.639564686041897756e-01
6.923426393009832758e-01
7.058616127390235917e-01
6.888447198583405040e-01
6.885891218584765383e-01
7.124124116708308030e-01
7.143472061314266597e-01
6.726954322408672526e-01
6.925744338087319596e-01
6.477535343382103683e-01
6.646074397532800715e-01
6.839446521290115655e-01
6.570868791952233501e-01
7.081306861958625021e-01
7.002474636189980339e-01
7.057959774951383380e-01
6.967389535728086836e-01
6.994774434146181497e-01
6.567279015255288455e-01
7.233441348528345527e-01
7.052691579434755553e-01
6.988151063069809599e-01
7.107835007912337577e-01
7.273170138808165985e-01
7.170980750511842805e-01
6.819808477574270666e-01
6.939727627894131112e-01
6.747746700984901258e-01
6.830216785974165816e-01
7.197481406471547549e-01
6.511195239360366704e-01
7.184945502185481336e-01
7.206714223508905448e-01
6.574276471009704581e-01
6.705757322794839714e-01
7.023172897617674382e-01
7.239151930095490961e-01
7.340149850461467063e-01
6.688072549578401027e-01
7.030805858767972261e-01
7.200594689131745163e-01
6.643765209957077644e-01
7.150180306473828962e-01
6.644510771209611866e-01
7.087212944491372291e-01
7.180293030785600550e-01
7.034255059960067280e-01
7.002177569557364034e-01
7.188649088044060109e-01
6.441152511331167396e-01
6.584158558029966635e-01
7.243943451295502545e-01
6.520861864783692452e-01
6.700206652928456519e-01
6.876477392058757410e-01
6.587140164509815987e-01
6.588505233690475915e-01
6.055623330098270918e-01
6.861186075230992776e-01
6.586721253875312820e-01
6.984419521251558072e-01
6.742106410156120111e-01
6.635468567988205280e-01
6.852132320487126504e-01
6.853324358490505697e-01
7.178333451933741616e-01
7.223163083360621961e-01
7.079238467281508962e-01
7.191939013202376385e-01
7.159026652525387613e-01
7.069617213317630489e-01
7.060807489406828452e-01
7.091521295805088831e-01
7.435599247616556662e-01
7.082923919762715848e-01
6.938716337935586509e-01
7.160462951739460236e-01
6.547425957004284758e-01
7.008429723112996612e-01
7.171731240001070207e-01
6.995964891985267942e-01
6.710480923688481036e-01
6.705630945316856106e-01
7.161122911198217755e-01
6.509356279903678599e-01
6.697429147415143724e-01
7.036329652933229761e-01
6.990134523619002671e-01
6.619807503771041324e-01
6.615394280233385382e-01
6.698781240972762063e-01
6.626438650298006605e-01
6.811053801972504207e-01
6.576436197266353201e-01
6.633274011103992285e-01
7.261355701781373462e-01
6.498108865846784488e-01
6.743056185564541005e-01
6.752880574122365198e-01
6.827224332904483495e-01
7.194027807987066758e-01
6.548719297494099978e-01
6.728974281830778503e-01
7.136450390579575087e-01
7.235673339388744019e-01
6.998434906784352094e-01
6.895221844428753855e-01
7.004336952909353542e-01
7.124398622869577702e-01
6.955483574812516556e-01
6.630455917177274783e-01
6.824149475147880395e-01
7.022675572273984201e-01
6.867028199920199860e-01
7.104160119357300074e-01
7.349793270809209522e-01
7.294898268717232570e-01
6.756314202936329893e-01
6.635170746201946024e-01
6.554034040857609211e-01
6.623163840602173114e-01
7.174225330558899882e-01
6.539749727674655233e-01
7.031211363581592044e-01
7.042575940198094742e-01
7.076174577881607641e-01
6.781006021903525083e-01
7.045216830793851193e-01
7.380745026122638164e-01
5.628209365202039294e-01
6.683012695750653043e-01
6.614086849000465618e-01
6.790312243083991284e-01
6.777187244338696015e-01
7.107625470316426552e-01
7.317065720043647303e-01
7.071377428687632971e-01
6.904992659929763965e-01
7.128560251015191307e-01
7.405246643506560034e-01
7.158378658302476660e-01
7.029565266639776766e-01
7.361977117485900557e-01
7.025302143554876810e-01
7.047283568537260345e-01
7.057617253351148312e-01
6.413042120557028714e-01
7.094955387274808345e-01
6.779406637582732209e-01
7.057679929335808344e-01
6.281589896866338618e-01
6.411024000379531573e-01
6.903965345077605065e-01
7.209314958703093579e-01
7.036273375679676922e-01
7.112086310493870300e-01
6.565083500905488645e-01
6.678352898130186510e-01
7.127447469242245148e-01
7.184039317533562619e-01
7.095852618388646116e-01
7.285850795298040028e-01
6.740726611192296991e-01
7.157308278059945073e-01
6.617128737476147826e-01
6.444566094614612162e-01
7.376278433363561149e-01
7.036509192723409134e-01
7.186943404113224076e-01
6.674110007124800514e-01
6.515294386155351392e-01
7.211160417577056059e-01
7.194676353298689042e-01
6.329202109223984740e-01
7.065799324754660216e-01
7.255929410473164198e-01
6.748538879188384909e-01
7.076932262405146723e-01
6.445283522216983529e-01
6.689521717924965527e-01
7.276414509719401069e-01
7.475842297242111245e-01
7.524259539839004418e-01
7.018020642971972700e-01
7.278063630635789316e-01
6.856293658790796330e-01
7.184431916380408234e-01
6.481334708795224442e-01
6.523807503813409125e-01
7.531800666851674597e-01
7.096910375026798112e-01
6.672589509704128785e-01
7.000206491972508216e-01
7.218763328956623315e-01
7.164621423702108860e-01
6.867224288233851892e-01
6.981969450578587866e-01
6.594067973403087146e-01
6.583680250358697750e-01
7.015432111058054199e-01
6.837373426465499504e-01
6.169987233039240238e-01
6.330874475738280660e-01
6.385189222039578949e-01
7.246306655446157485e-01
7.184208738696288288e-01
6.821214440763410103e-01
6.960029112231649329e-01
6.321481948171119303e-01
6.975597984675081520e-01
6.989228757373087131e-01
6.769274438103675129e-01
7.055905977990972744e-01
6.763485685638456202e-01
6.540183976626766649e-01
6.730152751281659462e-01
7.157744020517450290e-01
6.979265146300169809e-01
6.797263417784442652e-01
7.294137322473503993e-01
6.434921988316398833e-01
6.523976977953277467e-01
6.646903855076128353e-01
7.048630397115120960e-01
6.918778323751387793e-01
6.647987343755872303e-01
6.879749433949271520e-01
7.076555346451027795e-01
6.895456806723244680e-01
6.970669562905896788e-01
7.252430410371949465e-01
7.289622599789148394e-01
7.046722083514317392e-01
7.049122914424040820e-01
6.379157107677148053e-01
6.690142528713759473e-01
6.587374764923481507e-01
6.610510949421360971e-01
6.717568432311421533e-01
7.298577430740391669e-01
7.153940465778224622e-01
6.936666810144256345e-01
6.862395850428019139e-01
6.987971417184054568e-01
6.577517107439434518e-01
6.509793131657649612e-01
6.503352228348751041e-01
6.770141691556751384e-01
6.844552545712287994e-01
6.604794256941159958e-01
6.824682500926280149e-01
6.465178632776352741e-01
6.558678468082057567e-01
7.042939523513908062e-01
7.004837131696219910e-01
6.905333669743950464e-01
6.532574915458423392e-01
6.560100589316812947e-01
6.860587903091283080e-01
7.128202287479989963e-01
6.395682294301717752e-01
7.380937801527730491e-01
6.684601583868108321e-01
7.230179387704877003e-01
6.726109493220530089e-01
6.801061482639819689e-01
6.389857178770697033e-01
7.558629496168991491e-01
6.754461494658879905e-01
7.173412846454702008e-01
7.200410092320436162e-01
6.999363592249902011e-01
6.815424667033713746e-01
7.298882549444608570e-01
7.185917225672627806e-01
7.023674042956215002e-01
6.752689431818376109e-01
7.250187182752314552e-01
6.852932920322729604e-01
6.942017359836819557e-01
6.678026309058487930e-01
6.729325065372260273e-01
7.126285194961452518e-01
6.550009931381745032e-01
6.918390030897585419e-01
7.187420907388420988e-01
6.749262328136147460e-01
7.172371445002903023e-01
6.659799899363880726e-01
6.958169404894436472e-01
7.026730777171048548e-01
6.823654735590908293e-01
6.577205296506176690e-01
6.690523191308258566e-01
6.447555710179982968e-01
7.084620481266510339e-01
6.739506381190952800e-01
6.777190225815655777e-01
6.683430979770451641e-01
6.851307495827354543e-01
6.720021076055350262e-01
6.482677484097224552e-01
7.011923149640767461e-01
6.767520392698139764e-01
6.545691850464844252e-01
6.744255346100763715e-01
7.041978760011704530e-01
7.214084785686584178e-01
6.322546111332196794e-01
6.742936600134340486e-01
6.799217850067907909e-01
6.410219886197614514e-01
6.762556195075999366e-01
7.056164271098033236e-01
6.927562464955255850e-01
7.072323997776974736e-01
7.116709793043035637e-01
6.685988993762949084e-01
7.248285528001081612e-01
7.044674770312363554e-01
6.975506601212968505e-01
6.905336308875217322e-01
6.807139000606028389e-01
7.124715601855534652e-01
6.821361138379128386e-01
6.884711083973428236e-01
6.825768231602924452e-01
6.926337770627547519e-01
6.939508234313306323e-01
6.895982728038511089e-01
7.210644420151502976e-01
6.458421071667186375e-01
6.556662566210382792e-01
6.538394769921146432e-01
7.116013065892644596e-01
7.203592300322284592e-01
6.655726597284380430e-01
6.510961890178802447e-01
6.578515535240563317e-01
6.640302053356118561e-01
6.907162373779661690e-01
6.902971622798762530e-01
7.302678286496941951e-01
6.818773094288351766e-01
6.860538266469928814e-01
7.216743929637972066e-01
6.903001259056759098e-01
6.688144324046011446e-01
7.241483420665824067e-01
6.976233652650515316e-01
6.754082704428889805e-01
6.714867902802380550e-01
7.331808668271813101e-01
7.142968521921524427e-01
7.247785644697222196e-01
7.294501518735021506e-01
6.861598330662594947e-01
6.680753083680452953e-01
6.666845658392674956e-01
6.864666271706184597e-01
7.078356014280704489e-01
6.762925778159836199e-01
6.645518533042689135e-01
7.287760690534067498e-01
6.569275538063684694e-01
7.057500283742440539e-01
7.601617621303972117e-01
6.838718821592593144e-01
6.741637834219185166e-01
7.190581414036927299e-01
7.338278633132213624e-01
6.979280345321576817e-01
7.259859840238034323e-01
7.160616341922368955e-01
7.017918641823567283e-01
6.518538173938047686e-01
6.465093550964988722e-01
6.595485781280402415e-01
6.473823916567463810e-01
7.521107984525001733e-01
6.576658173912629524e-01
7.156834015814692584e-01
7.251819554199460116e-01
7.140975973936226628e-01
6.604431814670554957e-01
7.341257229299356091e-01
6.404593936501562501e-01
6.656894346348551927e-01
7.115472206873452166e-01
7.036130413731463973e-01
6.967434201892762635e-01
7.242024987105406542e-01
6.916879545923213524e-01
7.241683296832468475e-01
6.768341891981473069e-01
6.571850053272315639e-01
6.834982025722308174e-01
6.606267956357942950e-01
7.069954258367793232e-01
6.950506762090473689e-01
6.836835986302903789e-01
7.082887601950291767e-01
7.119787935090080566e-01
7.066159265670440837e-01
7.475992805202045233e-01
6.894133874458102662e-01
6.653874647019523136e-01
7.102818300350949299e-01
6.692131318925369499e-01
6.981620663593206544e-01
6.740758875300617570e-01
6.973630367006062869e-01
6.773545164306399302e-01
7.180766608763740066e-01
7.052892081073035557e-01
6.660003061686007308e-01
7.004351762633590495e-01
6.627025369300876267e-01
7.159137461289364346e-01
7.174885069771383961e-01
7.135882886185452856e-01
6.780906822853688398e-01
6.732515535869773027e-01
7.083249667424915685e-01
6.776594423347036544e-01
7.608156529000710266e-01
6.668661586589489376e-01
7.064730889937594904e-01
6.289556756095238121e-01
6.715070466596783083e-01
7.372070595737926224e-01
7.144369676322596119e-01
7.087546005969126428e-01
7.143542505577995527e-01
6.788387425229451821e-01
6.885429771324531600e-01
6.929748984967506464e-01
6.519212163970683482e-01
7.069699022503656005e-01
7.155977150270645959e-01
6.562088740565120704e-01
7.207013833948682224e-01
6.547547007277928488e-01
6.640737437571644364e-01
6.394929527338701902e-01
6.306483345714927191e-01
7.108959247594445197e-01
6.832551024601292156e-01
6.798535473430953324e-01
6.575351302071799076e-01
6.394394443061567346e-01
6.532635350625464188e-01
7.049878630159579496e-01
6.589145324194478626e-01
6.707827790462598250e-01
6.440904115483540027e-01
6.602082857198028343e-01
6.574722425959460548e-01
6.984084586012192508e-01
6.663562652817581755e-01
6.591523328853540198e-01
6.851097883451873205e-01
7.048555087879017078e-01
7.053502317043918168e-01
5.841391198445000654e-01
6.584093442493567094e-01
6.702046664540508569e-01
7.139799894763232402e-01
7.415620275310270682e-01
6.961379727940144591e-01
6.948921667362061294e-01
6.664297918706820756e-01
6.615867676658960805e-01
6.772177590656823787e-01
6.516908045008071859e-01
7.047365215758820689e-01
6.650559095776095164e-01
6.948723100285847387e-01
7.180564865033477462e-01
7.276976544756748044e-01
6.336004516920697993e-01
7.136221194819670766e-01
7.153104109161616542e-01
6.793449993483374749e-01
6.912849732747169407e-01
6.535015463298460281e-01
6.348987554411892331e-01
6.517902100597324777e-01
6.526525649066892143e-01
6.597187707142433410e-01
6.591413842802532619e-01
6.744446023346111208e-01
7.043799882484695907e-01
7.038261698007360900e-01
6.927864778898878972e-01
6.760052194740754361e-01
6.791913341017847827e-01
6.599342126443085155e-01
6.812211032866556382e-01
6.993163636172662345e-01
7.061098176470542720e-01
7.278991442800717415e-01
6.959040066557350412e-01
6.556658375654931259e-01
7.092515590505747980e-01
6.626394719301244018e-01
7.025855945008161463e-01
6.945127198174200212e-01
7.054266475899039213e-01
6.844406472127604335e-01
6.616411016271761536e-01
7.273620471873654125e-01
6.515309923269919645e-01
7.169886151260819185e-01
6.961124615137975757e-01
6.540174695160386742e-01
6.768509866221377180e-01
6.356668646233000208e-01
6.916773296551232963e-01
7.100283435179580716e-01
6.708695181279139552e-01
6.958220642157624258e-01
6.863609343504016858e-01
7.108817028810835437e-01
6.842334801263106892e-01
6.675633357034548299e-01
6.635417535555515611e-01
6.653411621119560415e-01
6.572400608731560068e-01
6.689040546421516353e-01
6.460610929821647419e-01
6.782949675233483910e-01
7.363614315583667524e-01
6.498257734284923481e-01
6.795450468528968502e-01
6.835962859043483997e-01
6.948145431581225218e-01
6.867990078524680575e-01
6.422788549250825207e-01
6.757753377513765480e-01
7.291574877637028163e-01
7.253405634598828478e-01
7.108641048117907424e-01
6.655340974850625368e-01
6.817136881932502890e-01
6.965759029904489141e-01
7.016698537588361706e-01
6.635878500013515646e-01
6.865583491437682317e-01
7.074957801880690234e-01
6.873270429720030883e-01
6.416682299328275718e-01
6.463120794346530751e-01
7.295414839333587143e-01
6.965589986351368168e-01
6.961580442382500067e-01
6.812056120709115703e-01
6.579618882267387336e-01
6.727042018905791121e-01
6.610563986761521793e-01
6.621550287986125438e-01
6.932613303265031668e-01
6.595327358154275954e-01
7.053767098819228032e-01
6.909275611963657804e-01
6.905298158270265496e-01
6.634836665305217096e-01
6.693058614935155637e-01
7.001278049544330528e-01
6.580786328860698253e-01
7.036897393337376849e-01
7.016242060563241401e-01
6.329071150520539923e-01
6.714244323333412590e-01
6.915798764633160900e-01
6.526456316813028513e-01
6.960249519065264678e-01
7.075366759738387357e-01
6.644640249593393166e-01
6.548963011698235581e-01
6.638874102474181527e-01
6.774849255304690177e-01
6.688256147246018912e-01
7.018100297747895677e-01
6.831828151305566754e-01
6.285949820923711906e-01
6.600978071013069437e-01
6.769603907784590424e-01
7.099769021799270385e-01
7.069185965300744945e-01
7.269882592498353446e-01
6.616699679199683493e-01
6.771257324639438080e-01
6.722186106503714731e-01
6.806692404285888953e-01
6.775391385174095449e-01
7.185401329228461309e-01
7.391278194047865568e-01
6.595145590339840380e-01
6.641946821756539165e-01
6.511538226671766960e-01
6.929151582619365035e-01
7.019528253903228876e-01
7.433276568671072226e-01
6.703916401146939874e-01
6.847811225377707922e-01
7.012912587308696155e-01
7.239828681155061618e-01
6.754408018042998840e-01
7.030485638276360305e-01
6.603852720620438932e-01
5.919408704728701398e-01
6.995638343001329140e-01
7.153430723860246809e-01
7.060739840240347620e-01
6.660096592688969919e-01
6.815847660798920460e-01
7.106582177855154114e-01
7.073775082599312869e-01
7.269928879217746331e-01
6.939882877856246024e-01
6.881200463771476317e-01
6.680173018065672652e-01
7.009264422876126943e-01
7.104388853480535504e-01
6.350723163692434392e-01
7.105068678481361033e-01
6.823741794235546054e-01
6.595718661363958457e-01
6.526221756728968204e-01
6.666983716595403786e-01
7.097993707118176454e-01
6.995516304544203701e-01
6.974163885687157949e-01
6.904037932664536248e-01
6.804462321813309345e-01
6.979198262800312413e-01
7.093770081930065308e-01
6.840689458841802129e-01
7.068397604993569283e-01
7.257279115437601513e-01
6.451333210496108528e-01
7.103987088519666537e-01
6.734756444473568582e-01
6.556848586099470744e-01
7.249639441093929104e-01
6.972819572283418532e-01
6.693008819016365019e-01
7.043728481610740388e-01
7.105779451192280050e-01
6.942750264839930852e-01
7.010790334829518633e-01
7.067872356338820161e-01
6.923825812311705796e-01
6.993770217921247978e-01
6.836894417653632816e-01
6.835586856999601446e-01
7.162836397367128294e-01
7.053035368207584144e-01
6.956508823717967305e-01
6.791197520465521720e-01
6.956742410940536248e-01
6.858086831255496563e-01
7.287275163121649246e-01
7.266180895829248421e-01
7.227889910407444551e-01
7.094729181868968393e-01
6.666959508939593881e-01
6.839617714532990611e-01
6.768109782671025698e-01
6.808405065932691125e-01
6.932211608756783106e-01
7.221420046209853227e-01
6.957475085272849524e-01
6.521470040203473095e-01
6.554511992569785894e-01
6.766961809911596903e-01
7.118116927703034280e-01
6.701575059913250643e-01
6.884251783625587873e-01
6.892619675911579868e-01
6.722719806405934584e-01
6.875466843233387637e-01
6.917817258838838690e-01
6.776299313608852293e-01
7.034249780873179647e-01
7.166244539277718539e-01
6.873249242902188527e-01
6.756566512739575758e-01
6.735946040149037861e-01
7.265333469617818452e-01
7.026866353847482927e-01
7.388623252377486406e-01
6.927348305660449013e-01
6.591546840930446738e-01
7.167161565676012369e-01
6.874740804536787486e-01
6.461778802738663563e-01
6.907093145521998601e-01
6.809703248482555926e-01
6.775637071182694093e-01
6.844465192562898537e-01
6.704557378036305471e-01
6.864050355543508397e-01
7.120796131634700155e-01
6.833057670062931965e-01
7.118475001466014751e-01
7.228038402307589427e-01
7.067300763711700240e-01
6.879783018752471113e-01
6.661640272258249063e-01
7.066539195136182228e-01
6.814664087435657880e-01
7.015361455264698121e-01
6.877636312618675696e-01
6.578192899718450226e-01
6.826330201721061419e-01
7.327789296260633911e-01
7.067668724576915418e-01
6.664336341246500650e-01
6.482386149136877274e-01
6.404361131945915941e-01
6.606899761121466375e-01
6.758972632747117792e-01
7.303953853181521794e-01
6.805967119431578505e-01
6.489171297103895064e-01
6.998241399053544143e-01
6.747685902578542949e-01
6.521061554563796214e-01
7.246564602485522366e-01
6.963375980664006093e-01
6.408904579715692940e-01
6.773677021435945411e-01
7.102549755607835413e-01
6.740670081282080783e-01
6.793559101729597094e-01
7.272454320407812922e-01
6.818830341125079464e-01
6.608812976307285592e-01
6.996970026053975777e-01
6.871540376565022923e-01
6.708702643116571940e-01
6.408030118941424602e-01
6.436297207290364586e-01
6.769669139143903447e-01
6.873131844263684620e-01
7.138138495846012566e-01
7.381360734387224509e-01
6.583776568238236537e-01
6.492565089860676819e-01
7.128457614714406310e-01
6.558650243046368900e-01
7.171609674799072076e-01
6.541598983085592511e-01
7.072946430376919613e-01
6.954030172541809662e-01
6.955328873405201007e-01
6.738625749714507451e-01
6.514644697389302408e-01
7.194599220683727259e-01
6.595142130659998880e-01
6.680519665295561182e-01
7.377436268801446095e-01
6.846168438559920855e-01
6.630079091466577479e-01
6.857137240836220782e-01
6.436977213502402817e-01
6.714639606960076668e-01
6.904231459160791173e-01
6.809565033597397843e-01
5.927993725516099710e-01
7.063008936930456061e-01
7.066481345259556512e-01
5.928093043020665753e-01
7.061348981540342962e-01
7.395812205699769937e-01
6.375771748785415971e-01
7.089467816608115980e-01
7.194407719943688440e-01
7.118761904488802861e-01
6.728848949933764478e-01
7.066140257871276198e-01
6.813704614027672468e-01
7.044856407131373510e-01
6.552538981634160598e-01
6.713357317587140827e-01
6.659157296152744543e-01
7.261858952967029657e-01
7.070324675241635992e-01
6.515028802778545236e-01
6.445948782971917534e-01
6.667870959215013160e-01
6.648824874615834046e-01
7.319751545724767494e-01
6.763119184143263629e-01
6.733313515830167129e-01
6.721724158684977413e-01
6.764173245537192791e-01
6.175875458360464698e-01
6.769015556573672043e-01
6.816382790959814031e-01
6.707094597652728529e-01
7.190981108426672819e-01
7.286139553424485493e-01
7.259588507269814084e-01
7.348317585601396029e-01
6.866760284985704565e-01
7.046037370165224578e-01
7.101575309105540024e-01
6.988036291734927019e-01
6.653174887783400715e-01
7.044828983585947890e-01
7.223706874283523094e-01
6.881117448318706531e-01
7.021291342697503213e-01
7.089081114189780264e-01
7.153665076369009057e-01
7.171755149878271673e-01
6.960163536542776086e-01
6.991039307610268372e-01
7.297873169929746107e-01
7.026765316523694294e-01
7.228304769381938000e-01
7.243531903634412572e-01
6.974220039368012047e-01
7.297242624288634572e-01
7.104106502413864987e-01
6.901386261833660773e-01
6.984619200930298755e-01
6.999091977863743930e-01
7.245438487975612851e-01
7.180690877685463880e-01
6.860221505850701007e-01
6.837367680326510433e-01
6.944547520241588501e-01
6.678391982217558587e-01
6.458597315192712296e-01
6.855155170417841504e-01
7.019599917674147482e-01
7.124657382309111942e-01
7.009011434786088790e-01
6.697520862589922963e-01
6.704666683485643874e-01
6.863981409253240296e-01
6.505290151411312616e-01
7.172066971139521296e-01
6.816678255214466686e-01
6.086205096252429447e-01
6.619969036783580618e-01
7.159078733251768023e-01
7.050697622648595120e-01
7.083983328415761616e-01
7.294628622504530924e-01
7.004348860249590691e-01
6.945316808869588243e-01
6.461363459268903986e-01
7.281996015590731508e-01
7.060880040411602332e-01
7.092087281240513352e-01
6.906287299828872683e-01
7.125902656851703654e-01
6.747907912692876486e-01
6.653035854073979793e-01
6.631061723786800810e-01
6.733837491428700250e-01
6.992543454143206327e-01
6.489106668165216529e-01
6.778503630260073187e-01
6.868744072670320833e-01
6.922756033523860264e-01
6.790495440589011666e-01
6.680909974638503668e-01
7.014503707597735671e-01
6.693767980498085413e-01
6.972663165953201236e-01
6.888675997761576353e-01
7.241861238033902026e-01
6.492405653987057823e-01
7.231064468164090098e-01
6.742363125101019650e-01
6.968340543305262536e-01
7.179018758133680622e-01
7.361534915743880303e-01
6.643866668337601311e-01
7.279184818804671497e-01
6.608458900770637356e-01
7.308652746218639029e-01
6.362010958173116570e-01
7.326335443912634915e-01
7.257724229595698962e-01
6.892378265816081484e-01
7.185829023579510810e-01
7.009071926310503908e-01
6.976984822927662089e-01
7.205547271786416630e-01
6.602801102839612746e-01
7.125807946457678455e-01
6.331178509271309096e-01
6.920967882621017475e-01
6.893368980821952263e-01
6.967942657279214691e-01
7.308483798687900324e-01
6.953162744112377780e-01
6.443305897925006853e-01
6.905961964598803515e-01
7.006321012309640883e-01
7.375484450883437182e-01
7.108697190601110938e-01
6.918412573134026244e-01
6.595283263074755986e-01
6.597812086314451818e-01
7.212592422708835604e-01
6.555309648504480391e-01
7.243208424979155069e-01
6.586964368192640418e-01
6.958347207466321072e-01
7.361387712868256994e-01
7.058002409577969205e-01
6.694504548994153481e-01
6.866795260913005627e-01
7.357065572817148569e-01
6.980750853190028637e-01
7.008582778152612214e-01
7.080576149530669605e-01
6.599522470180537725e-01
6.699117213752957545e-01
6.546145466641457578e-01
6.489535042681504606e-01
6.474015502596712768e-01
7.247571106620421810e-01
6.358043693547593689e-01
6.813252151381844479e-01
6.912243824213746279e-01
6.839018115529960085e-01
7.092008694902789401e-01
6.677969943415238419e-01
7.095084114230707506e-01
7.162334510053267600e-01
6.858776803920805243e-01
7.196147405462236524e-01
7.066084540654059554e-01
6.805805691501367605e-01
6.260693113470638949e-01
7.010482427040209963e-01
6.689722531384889592e-01
6.659187495855519723e-01
7.109679697982044244e-01
6.870971641881892245e-01
6.682582357634901937e-01
7.424850929978052960e-01
7.284661428481169487e-01
7.244159076835527955e-01
6.887231239399186355e-01
6.828498639371355372e-01
7.150209945879106854e-01
6.736032331990157163e-01
6.934247478639924411e-01
6.975499646122007569e-01
6.752249437916273411e-01
6.795911095469261420e-01
7.132378797249102620e-01
7.278222789168411477e-01
6.913792639475940804e-01
6.946954066496564550e-01
7.051921457229384238e-01
7.026978627903170960e-01
7.119758193612897301e-01
7.131116446877235893e-01
6.659569375074664288e-01
6.414086145563654418e-01
7.075664145175926123e-01
6.518774643060849527e-01
6.596651495951363353e-01
6.452934142520914129e-01
6.313764798439932546e-01
6.938092692423100116e-01
6.539434174403814248e-01
7.111676689467106849e-01
7.355055041403341098e-01
6.853317232474464005e-01
7.110585442570537262e-01
6.846682275436750675e-01
7.197893903604369870e-01
7.157641856469713071e-01
6.613398493764484076e-01
6.982994301859254405e-01
7.065881452550796249e-01
7.133803641425906505e-01
7.159752508597587717e-01
6.811780091148045280e-01
6.089891610894313523e-01
7.477813682745672041e-01
6.933957012760085803e-01
7.127434621926075353e-01
6.564365182457247982e-01
7.306679878804126504e-01
7.112220946900511542e-01
6.955084402805399302e-01
6.750096249442089080e-01
6.541535986567288408e-01
6.176424396515969306e-01
6.545237701285860910e-01
7.035208808835116123e-01
6.652215258858831248e-01
6.317829232132878836e-01
6.540777793766322512e-01
7.230252330112204584e-01
7.233897932459182334e-01
7.050811152278591010e-01
6.914525474155315266e-01
7.011170744159356261e-01
6.789727090383563812e-01
7.058638626798418025e-01
7.378781459574387247e-01
6.940304034969172475e-01
7.530985105086106524e-01
7.195276979799479777e-01
7.081523676082835950e-01
6.877959378951983282e-01
7.503738007827438494e-01
6.933623922965951314e-01
6.819707554204351707e-01
6.469803782234131440e-01
7.040183673036145562e-01
7.003082849999074933e-01
7.097140338978827900e-01
6.757833491344004129e-01
7.060039476942866488e-01
7.116116652864103997e-01
6.984599761552606756e-01
6.226569078049677408e-01
6.718556923235966538e-01
7.225858652069275800e-01
6.537597111467369215e-01
6.517012432710016512e-01
6.926902076985289591e-01
6.941671540356427750e-01
6.548718596167898420e-01
7.146486074372943031e-01
7.151290427592251753e-01
7.103622071699510210e-01
6.637453554353869301e-01
7.271319821622577173e-01
6.645271113075470470e-01
7.034267966079346124e-01
7.150025367258739939e-01
6.798471172209330504e-01
6.515010119557430590e-01
6.743596890212355532e-01
7.136046847777078872e-01
6.492287647067985779e-01
7.208652220369184960e-01
7.373704683635402546e-01
6.289466445982551113e-01
7.467941138376678056e-01
6.708897819121153461e-01
7.305789094220562774e-01
6.785389643320759445e-01
6.679695372208936943e-01
6.962397430043745228e-01
7.158958657674664439e-01
6.987967110105222091e-01
7.146750679738752554e-01
7.231108378651022184e-01
7.015976853310601502e-01
6.794235187590781377e-01
6.705519046434990083e-01
6.583085993404281799e-01
6.464746358006323579e-01
7.081745278858010417e-01
6.921759017338114939e-01
6.668717083815900448e-01
6.691110652664109537e-01
7.116665936070271092e-01
7.241896776779699341e-01
7.068782571651667235e-01
6.277770415153047789e-01
7.234441109857970842e-01
6.499281105328411634e-01
7.377597002882502197e-01
6.885032047261471222e-01
7.111596167890179565e-01
6.501349277036008178e-01
6.887178003739927723e-01
7.118161502971505072e-01
6.835977499173965244e-01
6.680824764800835647e-01
6.799834664802368867e-01
6.559642123067116470e-01
7.409699409391193869e-01
7.134944842582725544e-01
6.990615515337594843e-01
6.575043728325489223e-01
6.592912601742643153e-01
6.996355005314889297e-01
7.024294147525371734e-01
6.911936310449463550e-01
7.107539091830851197e-01
7.127718243965531775e-01
6.806969496220520721e-01
7.302898572144903566e-01
6.692391596788608288e-01
6.668303930048017358e-01
6.800831058066174606e-01
6.755854933929156259e-01
7.467090804843790064e-01
7.116722963057644513e-01
6.519509730784980306e-01
7.163898995657110857e-01
7.010314285144264579e-01
6.607440862644820001e-01
6.974360876685604671e-01
6.584454757417056436e-01
6.915164955330801444e-01
6.782847011493858824e-01
6.550902163115289722e-01
6.894255269338579462e-01
6.779249545171623925e-01
7.227609448880104592e-01
7.078650093672065324e-01
6.792908707978644323e-01
7.002734683736265842e-01
7.027249677384479476e-01
6.882868382927185280e-01
6.680982181345024307e-01
6.756039793476419364e-01
6.846848531955240791e-01
6.893175069755347328e-01
6.838384280826598216e-01
6.837359225386172579e-01
6.569705126944901385e-01
6.744273422926688744e-01
6.926113647969077691e-01
6.842702672004329356e-01
7.204489517498275930e-01
6.707284171058484068e-01
6.498094320775635868e-01
7.106368650556887934e-01
7.064597014764664173e-01
6.827191475789767816e-01
7.131398018065001621e-01
6.198953209980535561e-01
7.332107802493394999e-01
7.302130232983623515e-01
6.729368912470734543e-01
6.649065648071251777e-01
6.648459003368946130e-01
7.093328859937262365e-01
6.678831076827211888e-01
7.007778607282878491e-01
6.913644687654011411e-01
6.910797931465152422e-01
6.974863584476503897e-01
6.451410353253744789e-01
6.938961218882385706e-01
6.434662569262404874e-01
6.737020426318128807e-01
6.295831454045744957e-01
6.750907252409027448e-01
7.205983472034622750e-01
6.509976966774952967e-01
6.685087905021839250e-01
6.870592859078928916e-01
6.962652798770988527e-01
6.798854011558262966e-01
5.936803023147393388e-01
7.225952198676378613e-01
7.202427631539315422e-01
6.697496048221280862e-01
7.218304424043212597e-01
6.936497931294663966e-01
7.374199942613902659e-01
7.239713789437861591e-01
7.137604467529635732e-01
6.974726846831513782e-01
6.415770557687913156e-01
6.970186141402413549e-01
6.953103763685457572e-01
7.060056039472275558e-01
6.511416735011684720e-01
6.942980454550924385e-01
6.905568415074517796e-01
6.791831904550925669e-01
6.686942459939135830e-01
6.621706093861681186e-01
7.047361300832327702e-01
6.755919209087780652e-01
7.166624263932583894e-01
7.034193369686519981e-01
7.190372899450664379e-01
7.191513197257201062e-01
7.062802480780964176e-01
6.672825802131328032e-01
7.276986690031856941e-01
6.792164637586806109e-01
6.766212018278108253e-01
6.664408547111695391e-01
6.892385982387996268e-01
6.394052103614140670e-01
6.726471360815180489e-01
7.275635283590545788e-01
7.224864287337742219e-01
6.330108540214829382e-01
7.109006980564912537e-01
6.749292402972141280e-01
6.708868202150346516e-01
7.019974506690935812e-01
6.834082486674065704e-01
6.617902156998175522e-01
6.840982790680049108e-01
6.526069637635426579e-01
6.743108871830308937e-01
7.280561523207337293e-01
6.888970340951202642e-01
7.003508800596444095e-01
6.542747394483451329e-01
7.435599349982274786e-01
7.083264286588200065e-01
6.939368054727051982e-01
6.683458849679162483e-01
7.426213613587177020e-01
6.847054861242298784e-01
6.762547951557519310e-01
6.945407114286471506e-01
6.730014582876567841e-01
6.373778121190919466e-01
6.730730881138679011e-01
7.084085347180689718e-01
6.560592991377673933e-01
6.812942807288177027e-01
6.486935566378551066e-01
7.126361832539992447e-01
6.420705988489171512e-01
6.944130982996251644e-01
6.908262408714263003e-01
6.522814645887778928e-01
6.840151164289310914e-01
6.499405092996494160e-01
6.965084624344740627e-01
7.142072759285873484e-01
6.687908276159393317e-01
6.725206765203816106e-01
6.791167984431693005e-01
7.134119708461544862e-01
6.886759836721362271e-01
6.974900347121996136e-01
6.747153667781984332e-01
6.695294153342622456e-01
6.985471204875129958e-01
6.632794250893812027e-01
6.851174206105312692e-01
6.813049093702293613e-01
7.161888373451598122e-01
7.099998339006993175e-01
6.930375253691147819e-01
7.052113603615567383e-01
7.080203932536152100e-01
7.067493442593725250e-01
6.879839167197568939e-01
6.743103524906404189e-01
6.893761095296148111e-01
6.998740947736027396e-01
6.401652549983024576e-01
6.921571384335090116e-01
6.836770930077293862e-01
7.191580801859479566e-01
7.110228248233601001e-01
7.049068062439768356e-01
6.841859005892398926e-01
7.072656145190183707e-01
6.976708556525238469e-01
6.425292544896716862e-01
7.018944719649212738e-01
6.773697940660304839e-01
7.003863121491880062e-01
7.268686294916864021e-01
6.367807213935817723e-01
6.907996355217974616e-01
6.465004341488428397e-01
6.383281263511451087e-01
7.147548299047038478e-01
6.875067639798819741e-01
6.942339310710000655e-01
6.662174521773561731e-01
6.586108100318757153e-01
6.992700260020969782e-01
6.772658432105992388e-01
6.554879683573711091e-01
6.883403644734825688e-01
6.613562452354683208e-01
6.823318840628634918e-01
7.096132568892494774e-01
6.780803169636239192e-01
6.748367515355394586e-01
6.827183917037912275e-01
7.098652561704869024e-01
6.679182462021292510e-01
6.541668530807853710e-01
6.889684922447277815e-01
7.209865831832525940e-01
6.349575900287547370e-01
7.145998825916212160e-01
6.656062576152700361e-01
7.086255006579107452e-01
6.905150077815384035e-01
7.269240109605609179e-01
7.115816789261916187e-01
6.876948317978405223e-01
6.057223535059432784e-01
6.867227663884212241e-01
6.293624116654624734e-01
6.272254531372407627e-01
6.402837271019687915e-01
7.239044807686747518e-01
6.993806122798092995e-01
6.533740960055881564e-01
7.253064737925062344e-01
7.140761117022386140e-01
7.347402335986883415e-01
6.198244021320360453e-01
7.184267370007116904e-01
6.646377161235705877e-01
6.735354112777504065e-01
7.170549089222575390e-01
6.560053818138311676e-01
7.120764312011511610e-01
6.798123722240895228e-01
7.062208363141130318e-01
7.073927244157410810e-01
7.183611772036160303e-01
7.418556072390717349e-01
7.159904370654076589e-01
6.739857860892944919e-01
6.972803524712113399e-01
6.598177453228090128e-01
6.770993180695336067e-01
7.198868880884332633e-01
6.803658059381841872e-01
6.818247798956400541e-01
6.435823297726985803e-01
6.944019947193577069e-01
6.687707245653412569e-01
7.179178558585594949e-01
6.725443738812245664e-01
7.219652527481299487e-01
6.851894960775756216e-01
6.814685835436397054e-01
6.612931686146024113e-01
7.213968219343942501e-01
6.787831421616256078e-01
7.137260138297184531e-01
6.804258597683823240e-01
6.953093209000339447e-01
6.531679398060726838e-01
7.085131842589511564e-01
6.614349702285192700e-01
6.611904827070680390e-01
6.782348315771642433e-01
7.059499141964887814e-01
7.056108472100808271e-01
6.566810374645206672e-01
7.119976725179041344e-01
6.837013904100488482e-01
7.109299115109668499e-01
6.872824110104809314e-01
6.606381604416337039e-01
7.271101945790373611e-01
6.775233944354237536e-01
7.150429664753256143e-01
6.635375289214212602e-01
6.977247636540639952e-01
7.385709237686152173e-01
6.646148658511014107e-01
6.644462007271263460e-01
6.763684304816593995e-01
6.947053719622999779e-01
6.931612932962929463e-01
6.472472877238025779e-01
6.778456677837056965e-01
7.074779719177615167e-01
6.730947912072616779e-01
6.586379511657523000e-01
6.508744952033065356e-01
6.642710765481840696e-01
6.473013717400962763e-01
7.056332331360548604e-01
7.039839438010299100e-01
7.042123979042158588e-01
6.060602784441432300e-01
6.763704073383688398e-01
7.392307905705889359e-01
6.648984330672834675e-01
6.885830175681486587e-01
6.706357671020463096e-01
7.286332734967807534e-01
6.859697863339624391e-01
7.102582341555595535e-01
6.619887743124991397e-01
6.619750858495283552e-01
6.598003207120702873e-01
6.894597607596200106e-01
7.061923018710543065e-01
6.965480591688839596e-01
7.036651082622606967e-01
6.110972119920615730e-01
6.932634171767920739e-01
6.750821688086157124e-01
7.072026360487920771e-01
7.076285201888415921e-01
6.942514151677975365e-01
6.841731906096372162e-01
6.900039558160092623e-01
6.791651626286067112e-01
6.529955705296814905e-01
6.780579067199857812e-01
6.627431811330007916e-01
7.119399814104316881e-01
7.068503796871703493e-01
6.801038768260380118e-01
6.554233718018711574e-01
6.960826540325184553e-01
6.876237428073017632e-01
6.953309528998907751e-01
6.638460076476245808e-01
7.264812667466317153e-01
6.509545822879169163e-01
6.429956739364627305e-01
6.599705188296906000e-01
6.487505368532939798e-01
7.049343798655153259e-01
6.717897500675960032e-01
7.113422395592402525e-01
6.574783145463887202e-01
7.147217988568215219e-01
6.841825106367096510e-01
6.935270211677196928e-01
6.767983939186512643e-01
6.988618304837146411e-01
7.089160454428810043e-01
6.725560965570318572e-01
6.526230059546340723e-01
7.076875294017351825e-01
6.824812529325057220e-01
6.938762842542298692e-01
6.977847465635185209e-01
7.123820025667674249e-01
6.726449139604180338e-01
7.240344092995109060e-01
6.964322017798536546e-01
7.155229248213242910e-01
6.556790912058332310e-01
6.967635256260603649e-01
6.782092482972007508e-01
7.369833051975993587e-01
6.431824692286299827e-01
7.220004066580552049e-01
7.488373439225646244e-01
6.644325427149799790e-01
6.727932452095114479e-01
7.124696359158286807e-01
7.429764968816320314e-01
6.814533675578887673e-01
7.036670333298360447e-01
7.017217940992465097e-01
6.700900241547337322e-01
7.391126862049209878e-01
7.274395389924126487e-01
6.962167479158690719e-01
6.867990805228422202e-01
6.647145839079031671e-01
6.766726611554640947e-01
6.976981373962295452e-01
6.689971065951610951e-01
7.245008827802290607e-01
6.989820962307063956e-01
7.182719464607391080e-01
6.629889840363548670e-01
7.078166685506289690e-01
7.096159630292819820e-01
7.069394937118643751e-01
7.018345519401615329e-01
7.198158217692212091e-01
6.454729758201148693e-01
6.880287505899809197e-01
6.733840941371274091e-01
7.099094258243606737e-01
6.692418683174341520e-01
6.796679847093836102e-01
6.685747171340151729e-01
6.552995591867477598e-01
6.799793598810918160e-01
7.150819438210946899e-01
6.943854646777852802e-01
6.410413835186707932e-01
6.985233966851316367e-01
7.120882859246159269e-01
6.915820590001815482e-01
7.445005802889546054e-01
6.549710723550692393e-01
7.063260408819465042e-01
6.755942476248880668e-01
6.951428063947342473e-01
6.958641775611574820e-01
6.891484922656525569e-01
7.236587918535647423e-01
6.923529017176900391e-01
7.061649341174929262e-01
7.102981747143491953e-01
6.325401404972620378e-01
6.989134184707919140e-01
6.926143731382957691e-01
6.747505525930376225e-01
6.748995900931689107e-01
6.389799352543422684e-01
6.434600482347520023e-01
6.702044742059506399e-01
7.430905076258071951e-01
6.818260145167869268e-01
6.947706674056344234e-01
6.770418557007834570e-01
6.960816582952695786e-01
6.941311081947550976e-01
6.892617545377439647e-01
7.227944866310607175e-01
7.183444079558880535e-01
7.109237801486690822e-01
6.682025918972538392e-01
6.513515159550665734e-01
6.554365032474264163e-01
6.640016281613133620e-01
6.784998732337511607e-01
7.035598293920380941e-01
6.758508301799256435e-01
6.410619684072944580e-01
6.648789674880557499e-01
7.084823792828176536e-01
7.153227453862844865e-01
7.167334819236484966e-01
6.926619766458300687e-01
6.993922703080256431e-01
7.043134047472564552e-01
6.929184631700201491e-01
6.752415902194408570e-01
7.081997551981883410e-01
7.125792593855868606e-01
6.576433781594204220e-01
7.225617603926558496e-01
7.040539117455305584e-01
6.675306561800609106e-01
6.595572129028663966e-01
7.334889675319762326e-01
6.987478688418963246e-01
7.004988590696648032e-01
7.016354644793696416e-01
6.906206268269855508e-01
7.097718851226983983e-01
6.944721307110340858e-01
7.195260599010724345e-01
6.938584015648817660e-01
7.339073899271589818e-01
6.925782065385917008e-01
6.643879426770106233e-01
7.233727468737842781e-01
7.035327077835260567e-01
6.870605009439911814e-01
6.878694372974960558e-01
6.348924379355092018e-01
7.046083326966945393e-01
7.157327786472964526e-01
7.286249243419944399e-01
7.093269538504619609e-01
6.761358407976657547e-01
6.628725200400225059e-01
7.261992279653739502e-01
7.111336419671140385e-01
6.697009013047905412e-01
7.037745236046606401e-01
7.106705927192836780e-01
7.016798978951165333e-01
6.508173129008407720e-01
6.816182596993329845e-01
7.305229827275188104e-01
6.562882454351233186e-01
6.747693690231769681e-01
6.764291418285233171e-01
6.976404830507139110e-01
6.789874962013617843e-01
7.187152559887239889e-01
7.223488470682830620e-01
7.382558587325660504e-01
7.210121141244211218e-01
7.321630692434540899e-01
7.045643680432873701e-01
7.118549976052466199e-01
7.013160206441876321e-01
7.049556629963675825e-01
7.106033117669271482e-01
6.827833920146174629e-01
7.164482650969073996e-01
7.168146901317031805e-01
6.828310114888243021e-01
6.737714520061794943e-01
6.891268084024008145e-01
6.846511287107256427e-01
7.163417015463924287e-01
6.294221941605079307e-01
7.329658123407986059e-01
7.026293298794819009e-01
6.457312399953564208e-01
6.817793611394220576e-01
6.858434854564248173e-01
6.937336528016645465e-01
7.019575225967272791e-01
6.941368732203111458e-01
6.494094714703275706e-01
6.477628200159452065e-01
7.202512199487336453e-01
6.823133222096351425e-01
6.702810474565291665e-01
7.107883251605043862e-01
7.050267531084903894e-01
6.612455690820882026e-01
7.107561199540487484e-01
6.882020914610516016e-01
6.658564521903298505e-01
6.624184572937100723e-01
7.180356323872295610e-01
6.990922287679129932e-01
7.019150100788014157e-01
6.092632766243829545e-01
6.278288648891731105e-01
7.400578491259786063e-01
7.136837064741975434e-01
6.349964274301436173e-01
6.300965010356393003e-01
6.287685988940848736e-01
7.012847021559213134e-01
6.681125027469984046e-01
6.953527706317143009e-01
6.441844901611476493e-01
7.219454473310258358e-01
7.210721187494778528e-01
6.890730807120700740e-01
6.788596689267945017e-01
7.194335887050434808e-01
6.893150343491313281e-01
7.010450537697985318e-01
6.869199138946718852e-01
7.158849186927191965e-01
7.139785004413301550e-01
6.598310906096940265e-01
7.067912524698067855e-01
6.556828624905325364e-01
6.719835749687319559e-01
6.949195505996644817e-01
6.909223274961155958e-01
6.555632498228201044e-01
7.051931588924850169e-01
7.356636238755452917e-01
6.847250717918611507e-01
7.119974725903457369e-01
7.179418349156060364e-01
6.918125237816236117e-01
6.704783192154688543e-01
7.022799952964170478e-01
6.397427988239655638e-01
6.926807290155493346e-01
6.469051863782333545e-01
6.906505295141331935e-01
6.754746697522658883e-01
6.823506669455448037e-01
7.045503121360461307e-01
7.300432084244278252e-01
6.647334047523264511e-01
7.026850405668840782e-01
6.631734768983774675e-01
7.202121681311024481e-01
6.701762843515790546e-01
6.981734647017866502e-01
6.669494279872448805e-01
7.262139159110291287e-01
6.810482860956743600e-01
6.356713792005540542e-01
6.827017605965700620e-01
6.874311929305202407e-01
6.432585779155837180e-01
7.374504321874829627e-01
7.275479748249381595e-01
7.316979519881605665e-01
6.531432083141823774e-01
6.619187112371706094e-01
7.023730224914673803e-01
7.292567280934342255e-01
7.129596320212826521e-01
6.800207538035003552e-01
7.153002538233167451e-01
6.947386004277229521e-01
7.269444077741317178e-01
7.384577235671596629e-01
6.726054512199219904e-01
7.120708619039387566e-01
7.091066388977361745e-01
7.002538479454351039e-01
7.253679255967595552e-01
7.022715993068736617e-01
7.226519969371878460e-01
6.868408056756785118e-01
6.679645768117683513e-01
6.917179888100892793e-01
6.693963028050635700e-01
7.300210509147261329e-01
7.022149687561709541e-01
6.892573842926764671e-01
6.848999225821646997e-01
6.719111624067742872e-01
7.077735428197741152e-01
7.083269940900072115e-01
6.568212051799360296e-01
6.917825842948618353e-01
7.502476328779218440e-01
7.043813515572833195e-01
6.746701058162519749e-01
7.155835187463334135e-01
6.595675081271906715e-01
6.571400988886466621e-01
6.513990572100311072e-01
6.858056490384327741e-01
6.635358296128563982e-01
6.783409152545186727e-01
7.198903748205413011e-01
7.180568543406747883e-01
6.501801248543571665e-01
7.121286656850781549e-01
7.351646712660543370e-01
7.024640420107015615e-01
7.435414755541778220e-01
6.578744324474695704e-01
6.921660767329019803e-01
6.958087339400801374e-01
7.147428633075799675e-01
6.452717001402985542e-01
7.047807092302745824e-01
6.642207261965780152e-01
7.161006034081888183e-01
6.355121776581289517e-01
7.074282804207580044e-01
7.287138223724461961e-01
6.456132717890740169e-01
6.907757373280497548e-01
7.129765439537242289e-01
6.715636190429791208e-01
6.960319178851852584e-01
7.136415686409239845e-01
7.303902490057082586e-01
7.077865431879016844e-01
7.134570541682719869e-01
6.729084994193085256e-01
7.284161099071638779e-01
6.804094339412790626e-01
7.247280269826028576e-01
6.825051975519689229e-01
7.085952783180300418e-01
7.149776739655089308e-01
6.955458129548716117e-01
7.061106992727351761e-01
6.773867622618496842e-01
6.727879649853950594e-01
6.921217795818949137e-01
7.099159042575324818e-01
7.576050674822030206e-01
6.897273560078636123e-01
6.811307990286635805e-01
6.611326062563032124e-01
6.947684026494356235e-01
6.919406556302324374e-01
6.890167542751963747e-01
7.051568043826047516e-01
6.409954991586190864e-01
6.528371291696096756e-01
7.244156011631437408e-01
7.051555129262088162e-01
6.633088979471107871e-01
7.062298169137577464e-01
6.562391107254488265e-01
6.276651047149710561e-01
6.479524723252372276e-01
6.724237980954588245e-01
6.636474938413456925e-01
7.223457687312001552e-01
6.528069679953950599e-01
6.766775328110434806e-01
6.631460653194999333e-01
6.555925747022883776e-01
6.658773005974895076e-01
5.586674919986656107e-01
7.243090387730518609e-01
7.150890522180950448e-01
6.957256298041321063e-01
7.102721449668362164e-01
7.074743312756657243e-01
6.601370219381309523e-01
6.857270460810812596e-01
7.212490427437375784e-01
6.912271708344580601e-01
7.062708066453811107e-01
6.891901084266462973e-01
6.846087196207309988e-01
6.956323018512343692e-01
7.143431716388812802e-01
6.609356594308388733e-01
6.642088686943091735e-01
6.876658209614204820e-01
6.661649981374665463e-01
6.870806152056500027e-01
7.142529101462843366e-01
6.961840423076592899e-01
7.012150634886359368e-01
7.156602915640081219e-01
6.419186997509559456e-01
7.103176164576812113e-01
7.275091805180250448e-01
6.787947343046248916e-01
6.733844014646419573e-01
6.784835300506828482e-01
7.328786477737875282e-01
6.987120704095537427e-01
6.403723584244287448e-01
6.693397441738934139e-01
6.658560406683419197e-01
7.064661876048252687e-01
6.990914308289112311e-01
7.131573084648369365e-01
7.248846895690160830e-01
6.951815040113132893e-01
7.063770685165534635e-01
6.903484074983184948e-01
7.151099571146506406e-01
7.284187167281879205e-01
6.623465321382528970e-01
7.043274032898729775e-01
7.005779564511592783e-01
7.553923242845219654e-01
6.531301366153439147e-01
7.090722643997370289e-01
6.963307600517718576e-01
6.950634806877004079e-01
7.046762960631522965e-01
7.183442533245980588e-01
6.498493387419501666e-01
6.621957976592872663e-01
7.329741526584229172e-01
6.871581305163109166e-01
6.666074643064627825e-01
6.289479420633946605e-01
6.672417081276913464e-01
7.205785664637069932e-01
7.326053623305324169e-01
6.857198366702520476e-01
6.508353230088373964e-01
7.033283491132809040e-01
6.988955898016214752e-01
6.524249306187952513e-01
6.703384629525898086e-01
6.541636714331872104e-01
6.958500503813868088e-01
6.589576740572763436e-01
6.724447799096751055e-01
7.128426811755099735e-01
7.132660038830289650e-01
6.557765460511528754e-01
7.024438872509595200e-01
6.730491587493029337e-01
7.208590258596168088e-01
6.613996423002318492e-01
6.713004066672286774e-01
7.109756881051483290e-01
7.377830212154412592e-01
7.120371331304008455e-01
7.274698399104453372e-01
6.891927670900147573e-01
6.796291520468723535e-01
7.051923705575332546e-01
6.995766208914071527e-01
7.346003890408461245e-01
7.033770327297128588e-01
7.335110602604489882e-01
6.632418416970479180e-01
7.155528354050318951e-01
7.071782329412723556e-01
6.725514439505335673e-01
6.539444658585590320e-01
6.954207680242135980e-01
6.982931240846840248e-01
7.450450275071156536e-01
7.155135955149769522e-01
6.899635605086192891e-01
6.869496957034652018e-01
6.701384256681636176e-01
7.000643095657073101e-01
7.142046468675433690e-01
6.644087502620988905e-01
6.841889648372343480e-01
7.233715250471141056e-01
7.245496734572145492e-01
6.554586520358659518e-01
7.277013289887297454e-01
7.256038821636311420e-01
6.484718108877554066e-01
7.176841792960789723e-01
6.804936869880049422e-01
6.930847212229558352e-01
6.657391683809176230e-01
6.873605961155465627e-01
7.041894105838351070e-01
6.694231166670008282e-01
6.755980950492260773e-01
7.056879653104916050e-01
6.985215370486911324e-01
6.683474761800392017e-01
6.708352645830641947e-01
6.891528182060521202e-01
6.844897624529941993e-01
6.730208625114778576e-01
7.062231765544924045e-01
6.728142574434171630e-01
7.060450943824343462e-01
6.868843638339563462e-01
6.746196654467451204e-01
7.058019989308339515e-01
7.266845608015434221e-01
6.794064330326768930e-01
6.604353506559655917e-01
6.911705583605245451e-01
7.130485224341093220e-01
7.449306307163231500e-01
6.350621477689831762e-01
7.164254700688913458e-01
6.920760766069220526e-01
7.463438452878795593e-01
7.196804056590249132e-01
7.260703034204348816e-01
6.886193877561418430e-01
7.096025568273417461e-01
7.139981140679512173e-01
6.662745720420992779e-01
6.949792869454808342e-01
6.895595200828182891e-01
6.576086585205898061e-01
6.591296361293983441e-01
6.906266671764283993e-01
6.710589570331033649e-01
7.037717622212790181e-01
6.701603658394881258e-01
6.884125566686040143e-01
7.036683015357164672e-01
7.064595454851801959e-01
6.944438658609892734e-01
6.870082525227166892e-01
6.437005715508600234e-01
6.801003636104535621e-01
7.185010903384950742e-01
7.141521726525835723e-01
6.839682186279990583e-01
6.822088294864790958e-01
6.926789343763790630e-01
6.771377964090705692e-01
6.770645151083739544e-01
7.059353976186359958e-01
6.619413565791760767e-01
7.257741252429370515e-01
7.100273038531158543e-01
7.168885405035719804e-01
6.880517545058625339e-01
6.821191283425056540e-01
7.031427833688249640e-01
7.000524216050166837e-01
7.142016263449072477e-01
6.882985508555692356e-01
6.855983610247107229e-01
6.816004092718449536e-01
7.014156511017879403e-01
7.175114531498096859e-01
6.413133221381376314e-01
7.183162126013667992e-01
7.209535706081061646e-01
7.195167365699571826e-01
7.121824401532669269e-01
6.432464248515991079e-01
6.794752838859938748e-01
7.161172178823124179e-01
6.892930088485299533e-01
7.224876489001490487e-01
7.001177197139836217e-01
6.617776522497126335e-01
6.771024534079975732e-01
6.749057835551984796e-01
7.214004302613368225e-01
6.245405126298052556e-01
6.333325107493720241e-01
6.735697623620272578e-01
6.439354144483026010e-01
6.941080252450504418e-01
6.882568547977425677e-01
7.102345981464922575e-01
7.128932530000121615e-01
7.281125978144330491e-01
6.534446838161399596e-01
6.608841710381161416e-01
6.663292485082266126e-01
7.246886260747333885e-01
7.310884721288055665e-01
7.290453720303532448e-01
7.380356212200773758e-01
6.595152951936084085e-01
7.103358826087227129e-01
7.248142678342350820e-01
7.000151529230675962e-01
6.747463074784004755e-01
6.805224546862665980e-01
6.792250959073223848e-01
7.071377783664519745e-01
6.961157839770875100e-01
6.370222280145078075e-01
6.667056116173847302e-01
6.426186571055932939e-01
7.064412634138571567e-01
7.333819318227867701e-01
7.147990088782463225e-01
6.668490124667807439e-01
6.172107048934769580e-01
6.995676939551396245e-01
6.711089409972873510e-01
6.814758666629682216e-01
6.668028251829860586e-01
6.585722471332479122e-01
6.386242779727675511e-01
7.016623164158584114e-01
6.584335228260491668e-01
6.869186367362111190e-01
6.615728590325591352e-01
7.448810745977819670e-01
6.927702683484997515e-01
6.911754317685760984e-01
6.206448294061459592e-01
6.976049608395588075e-01
6.609090080426707203e-01
6.578276616267065835e-01
6.583606851081299505e-01
6.980312591519988175e-01
6.642070931276613521e-01
6.955017295814949208e-01
6.928599473614833748e-01
7.053434046248343581e-01
6.984292503341164027e-01
6.641657039636857940e-01
6.775737926646514531e-01
6.750887424718614582e-01
7.135484539715853947e-01
6.490978896421998323e-01
7.087018460854707103e-01
6.338109389173431918e-01
7.281493763945690034e-01
7.144308189599387626e-01
7.044037075271282200e-01
6.496691584806972841e-01
7.096388548755598880e-01
6.871963422793841980e-01
6.596581448917645529e-01
6.560452454216094687e-01
7.085205019228977275e-01
7.080694041532039629e-01
6.228560092481215671e-01
7.099812182622257106e-01
6.740880391310163366e-01
6.510806078335700242e-01
6.642716138081111721e-01
6.866474772962734008e-01
6.739679372607169094e-01
7.460703570658416828e-01
7.154342058432588969e-01
7.119558154863895316e-01
7.016978575557508702e-01
7.087410499057708035e-01
7.042653536071836751e-01
7.312886083359669831e-01
6.722894438693426400e-01
7.061510011329747982e-01
6.961406053708727448e-01
6.733206490705222480e-01
7.221256273868703612e-01
6.974368719165379149e-01
7.288748266446778423e-01
6.877781736534824830e-01
6.461693117372528938e-01
6.663744622670094708e-01
6.989170213800041109e-01
6.731920974637121136e-01
6.594054299110766459e-01
6.702097873911908588e-01
6.466765741227131770e-01
6.800649630722848116e-01
6.629405470367132347e-01
6.748977864293504991e-01
6.757792552842776246e-01
6.909498445880756234e-01
6.961883248095080967e-01
6.767168618371464106e-01
7.063496690023308711e-01
7.124407816070009725e-01
6.488184537680021791e-01
6.567659501430580526e-01
6.748148387537291626e-01
6.601328308065370631e-01
7.151282540581596070e-01
6.930066117762567757e-01
7.419421559464577376e-01
6.539738835279955698e-01
7.281739022152986518e-01
7.109350129626537118e-01
6.649923715025242155e-01
7.018161899561572437e-01
7.156869494348346850e-01
7.231867457363317930e-01
7.142704787766556151e-01
6.834474897718306741e-01
6.917674453908958521e-01
6.974106555623938997e-01
6.584564096714361492e-01
7.026885009990810893e-01
7.107670127089575907e-01
6.909389694509157076e-01
7.030732833781939695e-01
6.985515045767433095e-01
6.972951798409300350e-01
6.430756869195960457e-01
6.990541573144987142e-01
6.343233934297873855e-01
6.750459533908533816e-01
7.103109575975374845e-01
6.439647620642432457e-01
6.835545819816979396e-01
6.963985688701194166e-01
7.126920560968517115e-01
6.997437170684093211e-01
6.908394550577408033e-01
7.124466170641678975e-01
7.092248026382188542e-01
7.346945857259891133e-01
6.887891273640350809e-01
7.134638530151035107e-01
7.025693547105047454e-01
6.811115639479979889e-01
6.242722767005440820e-01
6.800338169451233261e-01
6.969684128422599656e-01
7.502272099582714127e-01
6.486156809915503141e-01
7.051810602835931752e-01
6.877001592545559649e-01
7.002904203371008718e-01
7.042355736506892283e-01
6.734758155769996479e-01
6.448121689499809461e-01
7.110523782336611864e-01
7.118767002360738561e-01
6.630364246396371897e-01
6.978167325519848418e-01
7.061762844490928615e-01
7.116909151899526442e-01
6.543427413855582575e-01
6.966544699423932174e-01
6.801744196303493029e-01
6.963964934509867533e-01
6.772221703699116135e-01
6.480915868941891089e-01
7.153156396447708509e-01
6.967779755516012585e-01
6.262957251229390732e-01
7.246230671585558447e-01
6.706148119487725934e-01
6.641724440236279614e-01
6.729237139057252515e-01
6.730942121397722744e-01
6.669328427135270410e-01
7.050210682177745491e-01
6.017744233874321447e-01
7.103518980078066258e-01
6.832780726216463041e-01
7.052972277967971548e-01
6.466453439446315787e-01
6.839406031413204357e-01
7.228307500122097551e-01
6.747729913140848579e-01
7.127454002945654565e-01
7.267193299997529721e-01
6.947230897596887722e-01
7.332991859870514606e-01
6.697394956523720078e-01
7.027474247269168695e-01
6.763329351686117041e-01
6.413161779800200524e-01
6.834704704075007520e-01
7.262638647681504134e-01
6.450553741954830889e-01
7.212710561265830433e-01
7.250235351144096452e-01
7.171514469610490439e-01
6.868797649128572935e-01
7.358826911077486210e-01
6.811188435733507296e-01
7.011548011591397511e-01
7.167231618810440130e-01
6.561493367778209462e-01
6.138875900804136032e-01
6.962199457693819538e-01
6.886530243678222751e-01
6.857076386165795734e-01
6.896252585743684049e-01
6.428425657389356118e-01
6.813868987163655966e-01
6.433817267777892646e-01
7.107154400248768544e-01
7.108642338049709908e-01
6.799755035602600417e-01
7.318515608240585557e-01
6.733930926515633297e-01
7.210873117720151271e-01
6.740035046878611880e-01
7.106054594102079180e-01
6.652806641288452338e-01
6.769557372589876110e-01
6.969747301113846660e-01
6.669363471321819725e-01
6.856420717637057294e-01
6.840536315049953187e-01
6.790017147740901038e-01
7.205846600296885729e-01
7.067842603765153164e-01
6.901536892664049683e-01
6.691983193549925213e-01
6.652699995761351959e-01
7.282580733200172407e-01
6.314225414027808680e-01
7.379145868730364599e-01
6.448175457717096881e-01
7.324302233935290340e-01
7.069412667706767017e-01
6.863532858267628045e-01
6.721933479095465458e-01
6.713729432036247280e-01
6.549803849523048171e-01
6.584311311341973783e-01
6.521985699146405357e-01
6.567069970612492424e-01
6.697253750332817779e-01
6.767725736271915649e-01
6.841247300882564719e-01
6.904316795184670674e-01
7.223738641767231128e-01
6.744487929211175903e-01
7.045904216361614791e-01
7.071469305045143816e-01
6.936995232687784840e-01
6.992392206416422340e-01
7.066246551599770775e-01
7.088480028867643057e-01
6.470821398673032299e-01
6.848949289020404008e-01
6.508575272339176543e-01
7.083274753628686637e-01
6.565725356422129622e-01
7.531367150050669590e-01
7.029050230788113085e-01
6.635275116499468329e-01
6.453738629760890078e-01
6.928487203457618371e-01
7.265545821349151945e-01
6.776814537654525239e-01
6.843485339073335227e-01
6.960529003617091925e-01
6.876882694669602669e-01
7.289176480610143338e-01
6.862594547143653356e-01
6.763518850109240255e-01
6.490118558596877918e-01
6.703276001424014474e-01
6.860750081547624113e-01
6.457774247460227324e-01
6.850305908793692389e-01
6.896112611060073450e-01
6.753513097377865648e-01
6.991460205575140696e-01
6.773436988753754884e-01
6.680959819734472172e-01
7.028002350980392388e-01
7.334880544448560968e-01
6.956886110501292464e-01
6.742808571478234869e-01
7.069374339483699421e-01
7.015070816975045309e-01
7.164404831117527905e-01
7.114006745512243546e-01
7.239367197749531080e-01
6.267278467725476698e-01
6.933389372555576191e-01
7.150726713844672844e-01
7.147733965401720235e-01
7.062950915702774779e-01
7.174137079884341794e-01
7.155333665529765019e-01
7.029248485586956363e-01
6.785877818650137838e-01
6.925412087094201530e-01
7.136809170170331784e-01
7.032676041274900092e-01
7.098721950012402138e-01
7.104984931260244219e-01
7.164263563651321887e-01
7.006152864219967746e-01
7.194900063302419602e-01
6.536558409617905241e-01
6.973380395372209550e-01
7.119971137844167686e-01
7.274833174430497262e-01
6.913617650499795930e-01
6.819649541867763842e-01
6.501816229276130565e-01
6.376089352108419428e-01
6.782610426731144893e-01
6.807621342912880680e-01
6.979651461659988065e-01
6.701527610270876512e-01
6.869615954633051524e-01
6.516468446129781711e-01
7.382361301232104323e-01
6.570286120605984825e-01
6.632560797888501503e-01
7.067665272414153099e-01
7.221410970275087271e-01
7.117690996669079340e-01
7.151726292954496689e-01
6.906548846607583059e-01
6.507954781904684571e-01
6.721134803914939893e-01
7.107741922728564310e-01
6.673238352286180453e-01
6.898396776697792721e-01
6.803435227807621555e-01
6.790201543453664446e-01
6.734570935433135119e-01
7.113538135005357255e-01
6.739969856618074351e-01
6.728978237278323560e-01
6.836434543044519474e-01
6.598235772901120955e-01
6.608104509773718993e-01
6.947947125884385011e-01
6.890298674631013531e-01
6.730653488512071680e-01
7.085250799029996216e-01
6.420008362125239065e-01
6.671870367138408309e-01
6.335260018747908006e-01
7.316434146355621504e-01
7.186630605896828783e-01
7.163731330348275250e-01
6.893853020891812511e-01
6.726994360519603644e-01
6.835004529982322552e-01
6.824595732640319490e-01
7.004767938314216957e-01
6.860243285893320442e-01
7.251673661990061248e-01
7.020650381763898773e-01
6.975363997309051989e-01
6.541050016002638579e-01
7.463634915820669402e-01
6.824384857666343507e-01
6.721105921694345842e-01
6.738266911578129070e-01
7.079454941006351198e-01
6.656066367294988240e-01
6.813914316726016329e-01
6.904313184835829675e-01
7.188105639995776563e-01
6.774469376414208321e-01
7.025011858884543381e-01
6.676094484779172555e-01
6.668264280925214615e-01
7.022949335512521651e-01
7.421628017563889346e-01
7.270029860832100121e-01
6.878565957206973502e-01
7.010074195531079688e-01
7.161197878464587996e-01
6.812623447826103851e-01
7.113159050473086831e-01
7.172482646340796464e-01
7.230779050362409199e-01
7.022192081990937806e-01
7.243243216630195214e-01
7.449173352146137850e-01
6.792285806663271863e-01
6.858395958026981543e-01
7.317140203630149164e-01
7.068653957533109766e-01
6.789831061020602521e-01
6.206129697940103718e-01
6.734777844699468830e-01
6.732220730546852883e-01
6.505028676741808624e-01
6.755787446066058299e-01
6.636700700113059570e-01
7.132737449042725331e-01
7.171003826872232034e-01
6.747103561098898306e-01
6.674593085974976914e-01
7.007674984904689319e-01
6.842929058200019066e-01
7.280916740083624994e-01
7.095526187232192861e-01
6.857345361146589546e-01
6.223396679342554361e-01
6.595267874746368886e-01
7.283179799681728239e-01
7.074659997184937765e-01
6.857801867440215249e-01
6.993034384145341287e-01
7.286186887137853230e-01
7.029616606076691809e-01
6.752513221849530956e-01
6.930699962764772515e-01
6.874028017740919649e-01
6.648013850637052302e-01
6.570267197902728284e-01
6.909427867818752622e-01
7.353752863766758185e-01
7.020138820223215115e-01
6.671851942515617528e-01
6.679449853994469111e-01
7.224210743407141200e-01
6.714843167082835684e-01
6.602982590981416600e-01
7.125842461905964598e-01
6.829433567669299654e-01
7.144351375282641525e-01
7.028335988934615308e-01
6.814019726851815451e-01
6.754538142304763459e-01
6.996310758558048626e-01
6.418796475005755786e-01
6.699528241499987935e-01
7.151672112411052717e-01
6.948813355604525066e-01
6.816667447831193938e-01
7.174998328712463014e-01
6.802719004223952703e-01
7.228104674000168650e-01
7.027152395170294108e-01
6.822355442008420923e-01
7.019626786104155025e-01
6.672131536867565993e-01
7.066675999792937368e-01
7.050307996416383949e-01
7.101644809363676369e-01
7.012974327161561883e-01
7.400556777689503152e-01
6.514017306097804605e-01
6.898826394846568899e-01
7.090007443414052535e-01
7.360983511039775884e-01
6.908247844021162543e-01
6.961303699858129024e-01
7.026187061467313866e-01
6.563187539493182676e-01
6.617043046131391160e-01
6.357841829253718657e-01
7.553766769259249170e-01
6.527678190612103970e-01
6.924287125583884484e-01
7.104374218611290148e-01
6.675407501821585265e-01
6.713120821733361554e-01
6.327185817701591608e-01
6.733848828445857526e-01
6.474979292021080246e-01
6.948206289094449595e-01
6.744566852404170199e-01
7.127560381072698403e-01
6.998647566412813381e-01
7.258267568671892267e-01
6.848822121599386081e-01
6.875394714758824577e-01
7.318749061312268545e-01
6.603487281472960602e-01
6.761881495335430037e-01
7.034189315535289699e-01
6.799388670248425193e-01
7.061434076520182179e-01
6.946646346024659691e-01
6.691375152782285118e-01
6.658071637786551200e-01
6.715269751419611355e-01
6.738348864133906213e-01
6.865278688514816485e-01
7.401052499185917233e-01
7.260792024290882996e-01
6.721926824515107590e-01
7.004877646828427951e-01
7.200640905682981208e-01
7.191848014062972583e-01
6.779798549035601640e-01
6.883396321127815964e-01
6.952601507801243752e-01
6.587838037244172495e-01
6.486506242690890378e-01
7.189382190495211544e-01
7.079118974037079681e-01
6.608215537814944307e-01
6.681690507709348026e-01
6.778587312627905037e-01
6.753732686447100342e-01
7.203741089249232621e-01
6.608671628977326185e-01
6.372973834553292694e-01
6.711725386667305449e-01
6.826107364364992769e-01
6.586995081624650306e-01
7.112595454070268497e-01
6.604841654921683736e-01
6.492812504696476861e-01
6.910129192110884278e-01
6.871590172625569037e-01
7.300289544383361529e-01
7.044021824400337195e-01
6.775868217668484794e-01
6.870395563656628291e-01
6.774026117903323430e-01
7.098891667598711264e-01
7.164214191620278394e-01
7.093248456738212582e-01
7.005264318716951655e-01
7.119244974988582220e-01
6.950240681181134583e-01
6.634735056213875160e-01
6.946965598902309358e-01
7.259742897693947095e-01
6.887714984491402070e-01
7.056957697425261244e-01
6.972593837385648863e-01
7.433672441045228174e-01
6.979647358842552274e-01
6.776350355431195460e-01
6.322709754274240534e-01
7.116731528307657095e-01
6.578289768871327103e-01
7.072729757210852730e-01
6.751879088715857513e-01
6.819439121822177263e-01
6.695168306189606122e-01
7.014721579800049511e-01
7.074534868792257125e-01
7.089296728444463014e-01
6.663122242234591486e-01
7.121666815523671756e-01
7.311535502035153566e-01
7.205931041151920624e-01
6.952770323054071611e-01
6.966361610946185667e-01
6.957187627215745129e-01
6.756016507307592844e-01
7.316526503305796902e-01
7.117136710631543073e-01
6.692996969280639030e-01
6.501782156407289737e-01
7.274404134345933137e-01
7.015548950387010541e-01
6.851890040416998007e-01
7.088303057001078544e-01
7.069138490824967702e-01
7.017758487650307409e-01
7.050768432683296449e-01
6.676331141499980415e-01
7.132778838610657202e-01
6.518858343486336748e-01
7.120506242805633157e-01
6.810577727316956542e-01
6.752210173724239040e-01
6.543076276602871610e-01
7.203185706112713582e-01
6.896357458939363916e-01
7.020505057038120000e-01
7.225699232873923350e-01
7.174784344358821064e-01
6.757245126935811363e-01
6.828133487120667811e-01
7.345250128850165927e-01
6.770960102431008432e-01
6.044579626120145655e-01
6.308045312447944086e-01
6.958777989799105335e-01
6.922467333847377446e-01
7.057429657069785867e-01
6.509512285397535125e-01
6.779337562664777828e-01
6.807792743305425276e-01
6.677913412592421105e-01
6.970925039966114900e-01
6.917146856763263241e-01
6.956276555673303053e-01
7.154045671255584438e-01
7.182674742595871464e-01
6.899795281353359178e-01
6.738501915915556806e-01
6.774474544650731511e-01
7.155091011309742122e-01
6.530750803511259361e-01
6.564163466435122274e-01
6.852464677346825628e-01
6.658563517470043047e-01
6.817578948397494676e-01
6.877799262553270232e-01
6.835022498441046812e-01
7.114435215789353117e-01
6.532364304990644355e-01
7.386886710534236178e-01
6.666903666704313558e-01
6.984958265507347219e-01
6.569052771982882843e-01
6.756467529271423800e-01
7.133866134530517655e-01
7.287141991348340397e-01
7.221305907306083682e-01
7.240481332007999704e-01
7.319582114571521192e-01
7.192695655350856976e-01
7.261764420388789887e-01
7.183273662081444133e-01
6.904865590378405082e-01
6.645517933653443121e-01
7.045414067916672129e-01
6.477459578325952538e-01
6.829018641673246792e-01
6.926723898564731696e-01
6.758393469200032477e-01
6.773347845321535665e-01
6.972545503981573134e-01
6.840938319041988125e-01
7.392480034641366604e-01
6.719235775818321876e-01
6.975508168643411722e-01
7.023773153611732045e-01
7.127820635212388511e-01
7.141388649432983682e-01
6.246236909409916827e-01
7.394241306647895140e-01
6.838761657946621497e-01
6.891436793036465058e-01
6.640429859244191269e-01
6.839198866363256357e-01
6.642130936559281773e-01
6.889614868837173889e-01
6.747062062488021761e-01
6.794124510033497932e-01
6.532239596248121671e-01
6.989596257500337861e-01
6.928819635619950512e-01
7.297815021267251012e-01
7.131566018685745467e-01
7.163765276739999521e-01
6.687993181270076581e-01
6.315293549356122416e-01
6.814529847601390466e-01
6.607443415557929800e-01
6.838529859528893473e-01
6.339613044336224190e-01
6.642940003699249196e-01
7.033485243236287099e-01
7.033058586887231955e-01
7.073188463650568192e-01
6.689863960830225720e-01
7.121752194208236242e-01
6.958460766704158695e-01
6.669771683127200257e-01
6.920110261793422923e-01
6.691172966799884270e-01
6.966134512821636759e-01
6.941806756573097870e-01
6.936466179026586909e-01
7.528543866734862533e-01
6.561664266990252514e-01
7.001776521814355725e-01
6.559464042106015746e-01
6.588583096427510499e-01
6.729130790766093551e-01
6.521418993888939974e-01
7.083878614585685796e-01
6.839533319182116156e-01
6.561547947270649495e-01
7.045556463428691574e-01
6.377401218895784041e-01
6.685088156017016114e-01
7.243605382413821347e-01
7.138823622413478232e-01
6.902555927987231721e-01
7.110829647945057230e-01
7.008130735309573422e-01
6.758005305271987950e-01
7.203942584398467242e-01
7.028860424002971730e-01
6.754823244504205570e-01
7.228783842898643952e-01
6.963461092827282206e-01
7.125618454440978411e-01
6.647696693309065319e-01
6.932639782745559920e-01
6.550941722610975626e-01
6.726853129511324303e-01
6.849319199663463920e-01
7.526013268579616611e-01
6.654977147026691631e-01
7.008696939712855123e-01
6.751603084464794513e-01
6.661498533497782759e-01
6.651612669274580281e-01
7.150901794872900341e-01
6.755238865071624410e-01
7.200696195629481267e-01
6.778406985330045487e-01
6.271257444490585531e-01
6.919995349771262960e-01
6.592146687657097770e-01
7.232810113628951321e-01
7.040555194905616654e-01
7.110761461979974163e-01
7.100506996559484696e-01
7.046447594348794752e-01
6.918245299972188844e-01
6.984223044526586266e-01
7.119447940840668565e-01
6.660117752849257222e-01
7.159845075430926187e-01
6.710205103945009464e-01
6.367218189088270641e-01
7.152627583749088247e-01
6.885127216029339747e-01
7.055725466568659732e-01
7.276792066199410103e-01
7.502801731198899260e-01
5.577071354734348674e-01
7.243983245503935464e-01
6.984018349893293953e-01
7.040205393651731702e-01
7.323752330288877399e-01
6.754227346571822777e-01
7.150213109040614023e-01
7.093665585544060015e-01
7.042501098499839296e-01
6.675421724689137859e-01
6.678000749803647551e-01
6.583175234585202373e-01
7.025058785512231507e-01
6.762662899962615937e-01
7.053603750749939394e-01
6.595146069050431548e-01
6.964478038211167066e-01
7.250807616190637628e-01
7.023387989771204820e-01
6.920901494604647652e-01
6.647117859361850734e-01
7.268965832823702788e-01
6.747362335312310222e-01
6.624111582109324381e-01
7.109529328630380673e-01
6.902271086819951051e-01
7.342562480114972479e-01
7.128258741873366722e-01
7.031812318012321539e-01
6.805936032398660629e-01
7.345467468143443979e-01
7.178833268513659105e-01
6.777850424369753490e-01
7.072614946391320156e-01
7.013574488391265405e-01
6.710017122045028870e-01
7.011874197017833321e-01
6.960015640163289552e-01
6.367758604390398869e-01
7.174167807995589508e-01
6.805398823010120335e-01
6.981701272503250122e-01
6.778285838124380458e-01
7.017637555228092294e-01
6.737348876059300329e-01
6.719872668143804795e-01
6.713678239238577428e-01
6.859602320822223431e-01
7.335255881974598324e-01
7.294692573909977718e-01
6.674497819105242868e-01
6.940149915485114285e-01
6.520007975958840296e-01
6.922459098139438494e-01
6.630810151483182979e-01
7.136049069542168555e-01
6.901347526015848555e-01
6.834076477614751122e-01
6.793375631522889924e-01
7.012107494820595255e-01
7.423636408385632102e-01
6.536317364133036323e-01
6.633094493825577587e-01
7.028373337504246754e-01
6.832551965463655730e-01
6.925607184017884554e-01
6.792444079429843518e-01
7.175501861853383900e-01
6.971770485592790889e-01
6.760875471578652318e-01
6.615157825688273707e-01
6.524452030254631607e-01
6.462017682225065229e-01
6.650680753925198863e-01
6.780026831039052126e-01
6.534564288400027676e-01
7.254837781094556348e-01
6.553673467131296837e-01
6.881484633855413646e-01
6.987393437189480805e-01
7.075056980699176989e-01
7.196993705578892397e-01
6.886059369027660582e-01
6.800557905390299807e-01
6.713473095144717462e-01
7.104688827775108573e-01
7.023160313180168979e-01
6.851566118581592368e-01
6.435631716902596722e-01
7.053761891157139807e-01
7.038917603075048879e-01
6.527606515361901174e-01
6.967216002128314711e-01
7.078361218612387873e-01
7.288468887377044236e-01
6.867470606885367479e-01
6.868055969250962400e-01
7.016001000903487883e-01
6.922680795959355038e-01
6.445394555780188384e-01
6.909082215329275245e-01
7.231065462935583055e-01
6.679662764794327412e-01
7.127255027020686917e-01
7.190789653231547396e-01
7.285038582585654510e-01
7.067964983993272332e-01
7.123339694523062038e-01
7.083240716275774895e-01
6.790508239170405247e-01
6.612820591431551875e-01
6.947081898509521736e-01
6.667160297154993698e-01
7.144145413015672297e-01
7.220014727049133274e-01
7.145790372229143816e-01
7.053410519703270376e-01
6.783330529433920786e-01
7.294616273646935545e-01
6.799463779597253454e-01
7.178938766559872509e-01
7.083887752565193319e-01
6.576171193840631979e-01
6.883089138576232724e-01
6.710508627283964245e-01
6.823522560757298017e-01
6.509158385978048855e-01
7.189926858253197217e-01
7.130663126028768950e-01
6.866309393605116718e-01
7.004965598471226684e-01
7.131272602836512542e-01
6.714968523871287509e-01
7.341550164497311348e-01
6.349261655712128416e-01
6.655277079232447823e-01
6.452048092163588100e-01
7.057751811052095370e-01
6.718937900352640602e-01
6.854930236800964582e-01
7.060118377403359347e-01
7.266589809704141478e-01
6.349322669499628535e-01
7.060183118434951721e-01
6.721489413309867933e-01
6.769097467581467464e-01
7.013151003263363714e-01
6.915911341967384551e-01
6.964183560082153335e-01
6.837816048788073475e-01
7.226201316129584606e-01
7.309777081838696455e-01
6.819606963409886591e-01
6.915681220331268975e-01
6.715810137983940775e-01
7.209147078056076241e-01
6.589922932524180377e-01
7.403139775125564537e-01
6.642545904590705375e-01
6.864462041498573530e-01
6.662319426413847445e-01
6.547141995055792973e-01
6.861092643550711356e-01
6.819478430411476388e-01
7.104360757799761394e-01
6.418976587931283229e-01
6.747017998785161952e-01
7.062779006247964508e-01
7.102747350193427955e-01
7.151556177840528994e-01
7.140167280948328532e-01
6.509177205883505124e-01
6.326929005609202017e-01
6.662367057377307500e-01
7.132844089561305445e-01
7.107060915959579894e-01
6.570515636206892829e-01
6.400829370821498054e-01
6.477991782523153663e-01
6.675625939887893656e-01
6.943712468454248388e-01
6.984089563118999200e-01
6.762189370047977377e-01
7.123546251495859183e-01
6.518041687782676341e-01
7.234916796289779795e-01
6.386971465279615012e-01
6.467490659043245715e-01
6.952449268982884290e-01
6.990514289570195494e-01
7.333360109401029225e-01
7.001467528795107809e-01
7.105425182550262342e-01
7.069167892754194549e-01
6.744975812147696592e-01
7.137678278360670703e-01
6.600622407534483260e-01
7.170570379314892273e-01
6.736403822427561305e-01
7.138290916268593689e-01
6.732564978504894659e-01
6.643193353119437594e-01
6.421208658807621150e-01
6.554582492915215219e-01
6.818441449713642522e-01
6.820404428885340486e-01
7.095621864509804588e-01
7.144921759542652850e-01
6.731865202892016731e-01
7.110337053728716938e-01
6.939566726636695604e-01
6.871224693538972028e-01
6.684895125395827753e-01
6.514102576799518651e-01
7.067025100543672389e-01
7.200076344946828577e-01
6.419088695132768585e-01
6.562771548843012726e-01
6.500159461595607091e-01
6.802823784973757171e-01
7.134478571908559053e-01
7.310806700915203349e-01
6.737160268338876490e-01
6.689955956621591593e-01
7.047413087047432745e-01
6.519235437656025756e-01
7.038142690932169820e-01
7.072065356958239235e-01
7.119070086687748766e-01
6.659960362787660237e-01
7.251846816616154268e-01
6.916246925169134974e-01
6.757941120809295432e-01
6.889598835843288027e-01
6.790800410758758288e-01
6.390817283309875307e-01
7.169507655051655659e-01
6.853574354116283018e-01
7.052998452209390257e-01
7.023408965275107496e-01
6.976741968672567351e-01
6.811023273789372778e-01
7.169104803825359085e-01
7.054209780549356434e-01
7.228132342679250977e-01
7.360525900754860684e-01
6.749167202672589072e-01
7.021769221882498968e-01
6.974922997786242584e-01
7.207636704418495244e-01
6.937192382923991207e-01
7.341587207319548725e-01
7.213400735375062878e-01
7.071258968583337134e-01
6.850030800437516554e-01
6.873458889671224536e-01
6.471914824627872376e-01
6.611143101209521200e-01
6.902110176443195799e-01
7.100958267079441333e-01
6.762175498907556648e-01
7.026409967350112362e-01
6.577315398055848528e-01
7.410836175903513512e-01
7.090001246676093105e-01
7.005999593144371929e-01
6.667777928300679946e-01
6.558558200253165049e-01
6.470370162111588330e-01
6.610178346847573883e-01
7.095115758180996490e-01
6.717075976396023052e-01
7.353738244677817670e-01
6.885512183347183290e-01
6.741317153403419971e-01
6.956532760136372451e-01
6.487048500921503980e-01
7.100943228440387278e-01
6.771017635221503461e-01
7.114309276071885124e-01
6.952726984910924113e-01
6.493189119350581961e-01
6.717720195920412474e-01
6.716498440150452387e-01
6.936837430139205507e-01
7.271735568454131826e-01
7.308371519430802987e-01
6.998771158870011888e-01
7.149464855972107458e-01
7.512814987174945003e-01
6.840444249956297851e-01
6.800364427218240637e-01
6.647411462997719900e-01
6.896784692933443095e-01
7.303763544375259098e-01
7.335607387800114898e-01
7.059156038890190832e-01
6.850267065193462734e-01
6.754780853396615825e-01
6.539622891164944551e-01
6.686033551738000957e-01
6.888264023072224740e-01
6.857205880129192410e-01
7.094799033124083998e-01
6.886890333658081120e-01
6.849435211665078072e-01
6.131970631631852298e-01
6.665464558608791279e-01
7.205747978151606503e-01
7.046516051948471526e-01
6.767824140117020271e-01
7.257234239189505054e-01
6.771643804747622397e-01
6.696624906519025311e-01
7.045326197542248758e-01
7.106194912303108735e-01
6.850327309135032516e-01
6.883838155424184535e-01
6.842905867858760649e-01
7.105093024289811376e-01
7.137473004384214947e-01
6.957145635285465479e-01
6.812606522683816168e-01
6.680661656011571692e-01
7.117114175921408492e-01
6.745002626175016225e-01
7.007301235412680684e-01
7.359797128025116209e-01
7.208162665892311471e-01
6.737284379424551828e-01
6.643098800464427578e-01
7.120261306275191826e-01
6.628120600643575555e-01
6.548371935681379652e-01
6.594966835750106782e-01
6.979395246475105230e-01
6.495144075672082407e-01
6.741146542598093205e-01
6.758094741132140149e-01
7.143036960494182352e-01
7.507650731860606719e-01
6.532564672333164291e-01
6.532170433068704707e-01
6.862885811665395686e-01
7.077597268631086180e-01
7.144029917624200587e-01
6.575020736836312274e-01
6.862864023231284305e-01
7.024345791022664764e-01
7.238301927606979325e-01
7.137157422977709054e-01
7.140571950453038497e-01
7.199414400683726845e-01
6.523069478209706507e-01
6.721480155677737045e-01
7.086570420136214521e-01
6.624735446683237550e-01
6.460842408432635464e-01
7.328273571275145670e-01
7.031990247835396834e-01
6.599149150307658251e-01
6.757925417101111609e-01
7.120212452655524382e-01
7.032937946258371875e-01
6.953054321241345370e-01
6.988538274892356350e-01
6.507721169637791236e-01
6.731186682292150669e-01
6.904999327847768376e-01
6.956262694727255447e-01
6.460481680483679545e-01
7.027398727767349973e-01
6.948235301409412257e-01
7.496288249133019610e-01
6.093270332207080253e-01
7.332284232179389072e-01
7.009217411529650166e-01
7.294688379803300204e-01
7.196114391967145529e-01
7.347877755742534545e-01
7.112849706597360600e-01
7.087254594168465038e-01
6.743136455195318790e-01
6.509459888925229754e-01
7.191833053383887009e-01
6.748269392922829901e-01
6.361712075917869136e-01
7.166852543876705006e-01
6.648576246539543710e-01
6.826977030236953681e-01
6.358785708699806749e-01
7.098840832454516026e-01
6.707929902787537202e-01
6.800447335795900550e-01
6.949924854334051938e-01
7.281646800785340767e-01
6.915099400128760232e-01
7.094096677183360233e-01
6.431766133205183422e-01
6.984355930320195194e-01
7.182712859205196976e-01
6.600518538288849824e-01
6.572577709440421412e-01
6.744619129771772803e-01
7.249634577213204256e-01
7.152349086714048232e-01
6.669106712602399512e-01
6.777115276563190349e-01
6.805618933487368460e-01
7.172881014170496838e-01
6.866034507587422953e-01
6.843060325613793404e-01
6.966380147961955815e-01
7.164896761043713092e-01
7.053973550809907733e-01
6.233863204256584467e-01
6.835475910500914409e-01
7.086348508064840290e-01
6.727546429828734631e-01
7.236702699858872379e-01
6.455956239441243971e-01
7.108878242218512611e-01
7.168781864648320346e-01
6.833526579567904546e-01
6.646647305559110208e-01
6.877316524769486739e-01
6.546519817500676686e-01
6.451954239674697611e-01
7.074234184871259767e-01
6.835102189189885546e-01
6.917808988130084158e-01
6.189061113045775109e-01
7.181075958646655488e-01
7.039094928754326963e-01
6.900560780875656386e-01
6.589517902551603745e-01
7.042300288773229999e-01
6.903774054410983796e-01
6.550485874317221180e-01
6.684075072279187513e-01
7.289796024775514471e-01
6.965745595524334144e-01
6.631238108406355414e-01
7.062319780391086432e-01
6.981046047205601290e-01
6.470878401928773505e-01
6.636508281172001089e-01
7.173799114071514049e-01
7.009365679826112805e-01
7.302403182092384037e-01
6.593795942847251457e-01
6.915864324240279526e-01
6.692482608396241872e-01
7.140867746155064033e-01
7.077031412387694287e-01
6.905648658647048910e-01
6.459318111462016843e-01
7.063796553111986176e-01
6.725757097877540502e-01
6.143886535637125279e-01
7.146338904866180730e-01
7.239391898384947011e-01
6.708338529325884592e-01
6.850729895503812061e-01
6.305815808986819926e-01
6.864621513179800516e-01
7.279055208305257318e-01
6.756781173150161468e-01
6.520809060638812493e-01
6.362242710678089885e-01
6.880022579567546259e-01
6.893104551505944144e-01
6.844299915712476201e-01
7.084315809403839426e-01
7.241721297054367623e-01
6.978884229198299982e-01
7.506689487744186984e-01
7.073540522460156632e-01
7.122058474109224102e-01
7.199172246779959039e-01
6.754707646935570464e-01
7.106791616547952772e-01
6.811732235577752093e-01
6.746979684137818234e-01
7.560778319068529596e-01
6.471924498468603071e-01
6.327658382240700652e-01
7.327150662734175368e-01
6.873678612373377295e-01
6.942705800800593741e-01
6.575852083403531667e-01
7.483707707806879217e-01
6.774024853219507980e-01
6.950644589493991665e-01
6.598036104238450550e-01
6.731767295986740285e-01
7.349928013777637936e-01
7.028254539314477967e-01
7.224917884932895440e-01
6.302514570285885354e-01
6.800315317120469993e-01
7.151574077953948283e-01
6.964701694076704808e-01
7.045076214948435833e-01
7.095568924834703139e-01
7.218282428993809674e-01
6.555639201715286468e-01
6.577157611878865495e-01
7.197273958285980155e-01
6.499746385963809381e-01
6.489282267139121485e-01
7.278998409716033180e-01
7.138869057620419456e-01
7.065305112263199350e-01
7.195359246664075892e-01
6.885068806524092810e-01
6.837845015311017072e-01
6.609169712233184946e-01
6.633526736639009380e-01
7.432346837012780982e-01
7.196088853197563084e-01
6.153400842845988539e-01
6.758658479326932200e-01
6.942163207438172279e-01
7.254281207904017537e-01
7.074547513716860081e-01
7.302074174987538413e-01
7.038381049322344207e-01
6.551146075020279902e-01
6.801769425161992011e-01
7.255624073322285428e-01
6.536382643781071256e-01
6.933617650326369120e-01
6.580315970085378607e-01
6.668740751352576490e-01
6.991183468595788542e-01
7.073681747381768137e-01
6.687616486637466551e-01
7.263491432761682853e-01
7.146154671345704701e-01
6.530776169191052638e-01
6.414487550802466798e-01
6.971958533073795428e-01
7.159915017249404157e-01
7.403312239753595536e-01
7.039270638160024518e-01
7.126292664501003848e-01
7.193371216620443320e-01
7.012557581266951612e-01
6.865186047743119246e-01
7.261358117499803200e-01
6.844749666641427588e-01
6.739291667103272099e-01
6.629656773920657997e-01
7.021980768655575744e-01
6.650366669792625585e-01
7.180940607690375899e-01
6.298117708054332686e-01
6.704018066211242521e-01
6.548442432522940670e-01
7.320963596670249096e-01
6.891577764478384882e-01
7.172077316428332461e-01
6.654380083772368781e-01
6.809831134929146268e-01
7.445134188423685462e-01
7.039566007532184200e-01
7.055108307337271123e-01
6.652124782492602195e-01
7.212696819692374639e-01
7.040442549537361261e-01
6.904906977230259590e-01
6.710583475357208005e-01
7.410261515045425407e-01
7.034860098662623074e-01
6.960637343006345068e-01
6.809151203212260306e-01
6.994873580684393133e-01
6.526529466871501262e-01
6.462199128399853665e-01
5.918618968379392165e-01
6.855919818741079697e-01
7.151349960260374727e-01
7.285586571048218163e-01
7.057624420185728553e-01
7.513576584068355491e-01
7.062545243352947866e-01
7.125786303903984820e-01
6.562473072900862903e-01
6.809863347766053066e-01
6.315988361637390192e-01
6.514843872250734025e-01
6.704695752417338950e-01
6.796057730614549763e-01
6.506763723947751599e-01
6.843760188035584724e-01
7.130694019932017902e-01
7.120231691257575823e-01
6.807722292642884865e-01
6.963007214079548479e-01
6.866391735931151041e-01
7.084923223117280955e-01
7.117713336393721724e-01
6.827232758254844214e-01
6.514708002276715648e-01
7.059233960412560904e-01
7.090628088568271536e-01
7.369389260755244697e-01
7.373970967680044675e-01
6.569964730739924486e-01
7.121888077474590739e-01
6.915993032113242345e-01
6.606159715948991540e-01
7.127496842324179127e-01
6.973063441949256536e-01
7.076884905500807621e-01
6.609289366315129755e-01
6.941657023687805017e-01
7.029564586270747872e-01
7.005522121325302720e-01
7.064669227439921428e-01
6.756277658179121737e-01
6.759781035536763794e-01
6.954479986017353399e-01
6.727464281875377150e-01
7.224440469044388635e-01
7.145599762904445429e-01
6.846297286556247697e-01
6.736234405585167506e-01
7.100868787822820494e-01
7.100722249575022182e-01
6.953287126238487659e-01
6.682188769816589380e-01
6.948115742480003298e-01
7.002271470139483922e-01
6.760628710938655361e-01
6.315434978421489154e-01
6.896836501624945548e-01
7.144879640498263962e-01
6.632543818066022334e-01
7.275090323747748222e-01
7.487984156512065281e-01
6.882655949791337546e-01
6.799439902572137484e-01
6.518117811413715046e-01
6.550560614791683944e-01
7.014569140827908722e-01
6.990488760422460812e-01
7.158482072585092837e-01
6.427117457318921590e-01
6.850551907773919647e-01
7.216671593883795532e-01
7.041341241221196201e-01
6.427225894929349259e-01
7.328836917067647061e-01
6.630552427635266755e-01
6.771014212436535784e-01
7.280009342064229783e-01
7.195577110996763670e-01
7.106385403654010835e-01
7.111183774397290547e-01
6.802233843481836351e-01
7.308800394451627769e-01
7.343913601132262547e-01
6.630007062030676135e-01
7.191871211624009108e-01
6.572571942104908915e-01
6.730364906235776212e-01
7.224922051019666558e-01
6.754291839010376775e-01
6.882677131327316067e-01
6.526207656840534721e-01
7.174425251387520630e-01
7.004966977857508548e-01
6.749012064116364229e-01
7.158636619822391634e-01
7.022808960809294732e-01
6.804778658022772042e-01
6.977606464983744372e-01
6.819202144087318507e-01
6.579726842013698951e-01
7.226544666833172315e-01
7.018479148412180013e-01
7.380486600721405388e-01
7.296791729068845545e-01
7.255764160241431338e-01
6.646185772893993260e-01
6.661495926330981421e-01
7.263390773525786326e-01
6.824537585642436177e-01
6.739410590337590046e-01
6.304210599335370313e-01
7.151632054270326000e-01
6.711904467922515938e-01
6.730804765972071557e-01
6.646678359648522383e-01
7.018238514158753327e-01
7.147041590605806016e-01
7.227170552148678428e-01
6.965215977588220531e-01
7.090628129656556533e-01
7.338509507694125356e-01
6.839580850655117006e-01
6.465265633085294228e-01
6.954590264191112814e-01
6.887388386639536897e-01
6.595155766249576335e-01
7.069076997907248749e-01
6.956582018575202531e-01
6.567380657305722513e-01
7.041807412879582673e-01
6.510403397872247533e-01
7.140368715392982901e-01
7.149197345999219744e-01
6.633305498761568053e-01
6.087160904288908547e-01
6.574093845042834339e-01
6.757793041425260716e-01
6.993299920467904718e-01
6.180407056147184663e-01
6.743919455560241083e-01
7.151770497100380375e-01
7.040737384263437981e-01
6.790663865196954196e-01
7.047635301364366667e-01
6.711122474272519511e-01
7.032488528493838764e-01
7.171148174834600653e-01
6.589086565430376519e-01
7.149194657858033430e-01
6.929909626010560819e-01
6.655267138398067717e-01
7.086703063195991525e-01
7.215880166604723422e-01
7.048436348552653552e-01
7.640248849726039015e-01
7.031771488057225739e-01
6.718465310325608675e-01
7.010382796663886529e-01
6.786533214449044227e-01
7.352733487583537064e-01
7.117709867787702649e-01
7.477194095714061461e-01
6.737017996229006656e-01
6.496646182454097751e-01
6.817602837473900612e-01
7.152281351306111201e-01
7.103279169957543715e-01
6.114632540473211586e-01
6.838761467970911889e-01
5.977924901579241279e-01
6.853833263836319745e-01
7.017255800693096290e-01
7.231134274893662450e-01
6.864825663391249666e-01
6.971390199632524487e-01
7.077723324079968625e-01
7.213744874864792544e-01
6.910081610312923672e-01
6.786332366461248489e-01
6.782419901389111772e-01
6.820526304340694956e-01
6.868732888183585183e-01
7.112190129057532895e-01
7.109357185491889108e-01
6.750604408870292117e-01
6.687989432671987977e-01
7.368653667787546935e-01
7.160261834164352024e-01
7.185741010027160147e-01
7.292677100561713033e-01
6.571746881961307851e-01
7.120118628508470549e-01
6.919821686979964470e-01
6.767719287349058810e-01
6.717213428891790628e-01
7.374665539461532360e-01
7.137681904147836764e-01
7.243882420429945679e-01
6.493755115567626524e-01
6.593390161527419302e-01
6.740081894210601110e-01
7.315321378142131126e-01
6.992495748072475870e-01
6.999483266150483551e-01
6.847242362865119114e-01
6.995757958841530844e-01
7.335804627568015546e-01
7.084480328095955626e-01
7.053432118537740214e-01
6.793810502162930254e-01
6.867406802086417628e-01
6.949843425439955480e-01
6.673200868661112173e-01
6.601820853299228409e-01
6.748633583042272788e-01
6.589418788578481623e-01
6.793062957617640452e-01
6.676817980066441782e-01
7.143358281078819871e-01
7.045499334488950494e-01
7.156707786629025181e-01
7.058493420879415892e-01
6.813227552998206704e-01
6.888580510387853906e-01
7.029630536232740479e-01
6.614209134690292036e-01
6.916376770751812009e-01
7.356070524226425711e-01
7.459690990356306894e-01
6.758197976238502491e-01
6.811733148450614950e-01
6.736072721154343634e-01
6.917604819858560461e-01
6.850301373025777796e-01
6.653454596890504558e-01
6.824503963443048216e-01
7.932897268950542813e-01
6.928680505851704252e-01
6.677418294611244809e-01
6.164988016358400325e-01
7.042988083086866302e-01
6.631656292454675139e-01
6.718484521226338879e-01
6.329120165526821440e-01
6.996108437798618240e-01
6.728590622155692369e-01
7.126692745126569362e-01
6.709777090821353873e-01
6.956518183256225063e-01
6.799107777010801046e-01
6.148030031761331227e-01
6.931756959968247145e-01
6.284556254783775220e-01
7.496221586854066032e-01
7.327272561356626968e-01
6.843136743241359232e-01
7.094769339852566858e-01
7.832439450070307618e-01
6.876435002240119942e-01
6.810756012576859586e-01
6.869392542057614071e-01
6.934361248823911472e-01
7.026186334539271661e-01
6.529275707270465468e-01
7.255302582470275485e-01
6.830920158681270671e-01
6.318177536773005309e-01
6.987368748937625718e-01
7.170873815640727011e-01
7.474254165526157401e-01
7.412727580901729008e-01
7.163171630632576559e-01
7.011678052792572613e-01
6.794186655147638199e-01
6.775710956401126417e-01
7.485961055934668984e-01
6.712211485805340550e-01
6.624586168084161120e-01
6.956578688558719969e-01
7.100477117387757886e-01
6.239885545501682174e-01
6.946398522145619259e-01
7.219706238390554143e-01
6.451069426875688517e-01
6.696331409694161740e-01
6.376496113296138413e-01
6.671593031454364775e-01
6.607305875073733459e-01
6.761654554762888125e-01
7.121251261327673499e-01
6.837038773480133003e-01
7.021819548685614976e-01
6.875468432809972441e-01
6.855405930112801194e-01
7.274271602615355325e-01
7.049334043058780308e-01
6.929455561751511894e-01
6.479483918426115485e-01
7.944610331118576729e-01
7.004197029544644293e-01
7.145246116256368518e-01
7.102351097999716201e-01
6.772362471051874833e-01
7.022302073382515886e-01
7.375732706480373491e-01
7.039383724105846563e-01
6.502623008694907725e-01
6.670861940310668370e-01
6.465533640608099875e-01
6.905155356634588015e-01
6.600857838928787524e-01
6.930885730187223981e-01
6.918018388057900481e-01
7.004978555572320964e-01
6.784429995371809019e-01
7.023893249873293110e-01
6.817163051263489537e-01
6.860478812361644474e-01
6.517035312308685491e-01
6.790982688366403730e-01
6.571480414031953821e-01
7.178960220182999397e-01
7.077134445414617892e-01
6.582266063883895901e-01
6.714881723120574852e-01
7.224278110349573456e-01
6.922049851960657696e-01
6.860930798461271074e-01
6.633176494174072291e-01
7.023592783277687879e-01
6.661824532488199724e-01
7.631264649441428238e-01
6.843134573327436243e-01
6.824687433828121597e-01
7.422984174521349843e-01
6.819531451675171496e-01
7.075133682002263669e-01
6.685420245995359334e-01
6.642156311243844202e-01
6.986163616252136777e-01
7.036226361781704464e-01
7.079075779696335502e-01
6.830769892356077788e-01
6.775438407184672940e-01
6.937291779443811590e-01
6.861380909869105871e-01
6.824957842765201343e-01
6.556671586635419713e-01
6.866483034871140312e-01
6.663673262330616076e-01
7.054704562144430424e-01
6.820020867629880135e-01
6.903630801472151468e-01
6.484618305868595778e-01
6.542406553455527574e-01
7.255811409664794098e-01
6.650670386300744363e-01
6.840285503054697180e-01
6.983962506764801459e-01
6.828915729871135598e-01
6.941251771782568358e-01
6.984660576700686407e-01
6.990177008609832487e-01
6.510341010395052086e-01
7.577800828598316718e-01
6.504876063102070782e-01
7.047230429532428397e-01
6.979302117680660222e-01
6.926670783934760767e-01
7.161469319184887716e-01
6.663044184115780588e-01
6.843842711540348844e-01
7.531718514006386922e-01
6.896143479066253468e-01
6.918653309042929189e-01
6.702790867985148893e-01
6.864067270832824308e-01
7.295931751891278072e-01
6.846965099345158068e-01
7.150151740770490649e-01
6.812960498749375260e-01
6.739805809586322249e-01
6.982005151206296389e-01
7.011387008944488519e-01
6.760140584019588283e-01
6.530417933719503409e-01
6.837119604999384315e-01
6.472667165784716792e-01
7.087098362401004215e-01
6.655512904563840593e-01
6.709207987133058992e-01
6.908142472683476143e-01
7.634905439813669537e-01
6.627033161003164086e-01
7.602739191129377350e-01
6.706796322958904488e-01
6.937003497148495068e-01
6.994136123556211615e-01
6.870928997292460316e-01
7.013393924700344062e-01
6.699677591877308824e-01
7.111217447876776454e-01
6.826500641584448692e-01
6.673679404491709155e-01
6.822018896293512435e-01
7.054730010877875435e-01
7.063878702599259984e-01
7.562698622030437079e-01
6.386397407833932505e-01
6.924772799448977167e-01
6.894445411021000725e-01
6.857011742101120078e-01
6.715662636012407205e-01
6.802847051672600287e-01
6.340444462062017061e-01
6.912422455914951636e-01
7.568882467001313286e-01
6.690517301585915400e-01
7.366457529117923508e-01
6.763311491572506773e-01
6.881889926505143640e-01
6.907604480777448375e-01
6.670435687135516378e-01
7.259738747904429523e-01
7.064602268980264554e-01
6.972947130404629767e-01
6.679847102711354845e-01
6.513594410930679812e-01
7.004904306319353902e-01
6.776764830434651721e-01
7.290083363939579009e-01
6.683165116859122179e-01
6.699831685329513675e-01
6.626973832778048079e-01
7.027480190667848570e-01
6.509157352750428727e-01
7.139101152169752273e-01
6.733775118762835854e-01
6.034567689481733499e-01
6.481434959195516710e-01
6.758383984539430012e-01
6.829085256983374874e-01
7.117815992555019955e-01
7.029806286468543997e-01
7.056198929644716955e-01
6.759603004262291215e-01
6.733452254930073488e-01
6.608539652904750206e-01
6.800393830082700486e-01
6.632127343074039061e-01
6.859850638697619907e-01
6.281984220841096977e-01
6.799818457946564809e-01
6.919985665042143186e-01
7.567811537548263523e-01
6.625656312324049724e-01
6.819275767689120249e-01
7.528292482799583407e-01
6.948258677158100083e-01
6.538336436020913967e-01
6.909869609836336579e-01
6.688665614775836099e-01
6.710617065006696524e-01
6.796882060293447658e-01
6.774882042998159326e-01
6.958750819176323654e-01
6.662268628135472603e-01
6.705785706314224548e-01
6.666910026927482802e-01
7.029507277054961589e-01
6.871193920497015162e-01
6.824758227696103852e-01
6.812932714549736479e-01
7.753384851786049303e-01
6.472189530279921499e-01
7.847374887736392468e-01
6.812147868091168457e-01
7.033724521369887350e-01
6.823071590880808168e-01
7.272940652219628266e-01
6.929123874134961447e-01
7.283743266241179404e-01
6.696563288513313061e-01
7.115964560343592815e-01
7.199655573560415078e-01
6.597898972800519957e-01
7.185135228269424745e-01
7.147883687519632767e-01
6.514102475304909268e-01
6.700428560451788806e-01
6.470715570908635028e-01
7.340599680179020758e-01
6.753759194274967514e-01
6.789320059261050311e-01
7.499165694581536590e-01
6.868654216453663475e-01
6.595036749483916827e-01
6.501450937764100546e-01
6.865133169551603798e-01
6.602582930419487184e-01
7.658521432675232665e-01
6.880140710002047300e-01
6.886498677098417120e-01
6.942176543424931623e-01
7.212038229677308898e-01
7.719359091321610356e-01
6.890345968432830537e-01
6.622626701049676434e-01
6.333792729856032588e-01
6.724237095285241494e-01
6.658889358228132771e-01
6.781393192171408790e-01
6.975311606161485045e-01
7.466975140350952111e-01
6.743970514754580314e-01
6.967437966568269525e-01
6.804440420050766880e-01
6.531910685218381696e-01
6.518766107935600740e-01
6.506478388350628306e-01
6.836195053183091730e-01
7.835507147987655907e-01
7.147865640502225615e-01
7.090751092478519979e-01
6.863204734290183628e-01
6.989366021405928331e-01
7.123594405596900270e-01
6.996624327217400019e-01
7.049504639363409764e-01
6.686874887440680260e-01
6.504387974710496012e-01
6.489768958824368994e-01
6.701613040565927992e-01
6.822294575001364159e-01
6.471121140745075273e-01
5.914875428392176726e-01
6.904443715793435743e-01
6.335450517636719292e-01
6.898978914011020258e-01
7.077727873326312702e-01
6.942992998951954542e-01
6.532310970251180571e-01
6.528511712975816339e-01
7.004899603860751389e-01
6.750024206105571523e-01
6.995075892072906143e-01
6.836735124663976260e-01
6.640959498154376250e-01
6.846538420167372907e-01
6.727912472098382946e-01
7.170553328185219621e-01
7.106531462476516348e-01
6.494310086379128100e-01
6.915263532191716633e-01
7.097414926938916402e-01
6.870552647812209202e-01
6.484435057481420239e-01
6.672405251723679820e-01
6.551223103994682218e-01
6.793015881863889716e-01
7.011888028822531593e-01
6.708581505261751454e-01
6.356575307842423639e-01
6.619796671168598490e-01
6.499298918845010098e-01
6.826244009822156622e-01
6.780009575381297227e-01
7.092174954979041379e-01
6.851713960588576846e-01
7.537108824338558666e-01
6.786649244832928529e-01
6.827152511960704606e-01
8.402322483215689530e-01
6.825216802134419503e-01
6.870318435666842305e-01
6.936891794066016859e-01
6.851932561093909690e-01
6.595070321470974939e-01
6.713545745275507626e-01
6.680934032912361209e-01
6.529639263339505062e-01
6.775831766435246317e-01
6.863809724901929199e-01
6.802213458251927802e-01
7.119401333971868695e-01
6.800184216920380775e-01
7.204285303600439505e-01
6.914620527386071691e-01
6.803609754226935813e-01
6.701709392105715812e-01
6.725492580589443881e-01
7.464291995739812391e-01
6.122563546829733472e-01
6.877169355730449185e-01
7.304467721311241890e-01
6.989605462165631167e-01
7.241997759961343872e-01
6.407605064234570547e-01
7.224016815087903609e-01
7.458212701311029980e-01
7.330907346614295994e-01
6.930089014421508820e-01
7.194251775096244250e-01
6.768177717256520509e-01
6.962740052377786037e-01
6.965253473820575136e-01
6.863867684061140118e-01
6.936746451107168587e-01
6.860343065538424545e-01
6.903891498983091290e-01
6.663209047770775051e-01
7.295785504689235035e-01
6.873116064683418847e-01
6.244850460685461568e-01
6.430076050016685363e-01
6.732907929829702320e-01
6.815065794943255817e-01
6.776468411470961684e-01
6.964011771285216756e-01
6.719078133871433378e-01
6.650846435725756844e-01
7.161796844656017624e-01
6.885683675066655018e-01
7.027393685140452817e-01
6.694518887619574921e-01
6.681351889995400528e-01
7.144901711735189842e-01
7.505612224612081551e-01
7.045964969168020398e-01
7.347173403947802051e-01
6.758466398619016324e-01
7.165868694622594681e-01
6.883084162683215101e-01
6.737171301953401858e-01
6.997755114579127245e-01
6.674338307215708088e-01
7.183559474584034765e-01
7.179679762699479051e-01
7.072543248781175684e-01
6.819542377033824820e-01
7.192854896218815464e-01
7.385724164123187441e-01
7.401930413581394586e-01
6.689421223754736801e-01
7.180771688216133208e-01
6.891216981282194398e-01
6.992935061717137080e-01
7.702468386633475328e-01
6.664334880203822697e-01
6.958739750200410024e-01
6.783018357072440052e-01
6.759512386374358917e-01
7.023686170216900670e-01
6.602322987173515623e-01
6.679684389102428232e-01
6.548367677541855336e-01
6.880847074872499247e-01
6.909485341498114996e-01
6.855900323557587717e-01
6.472296250839012499e-01
7.040409780136501761e-01
7.794233101427417987e-01
6.742292729581040867e-01
7.380759060003539984e-01
6.924219462988135954e-01
7.476621156864498019e-01
7.008203951603196868e-01
6.748033428477043794e-01
6.878917449251392702e-01
7.905537851512182135e-01
7.348637658285285257e-01
6.925271282709800635e-01
6.954100458902620074e-01
6.916733249729798416e-01
7.021095807584343262e-01
6.958900253629479726e-01
6.671297352061325014e-01
6.832129992623446890e-01
7.041561065038669520e-01
6.808100648267056965e-01
6.934729114444047049e-01
7.142427935845111486e-01
6.892323846254292397e-01
6.829920983668439360e-01
7.023719224509489267e-01
6.969660440176888017e-01
7.474172587249463540e-01
7.217199247627597014e-01
7.021799016191199172e-01
6.483753409732736506e-01
7.206561996115415925e-01
6.544274099254153709e-01
6.847554462916717322e-01
7.013615772964700845e-01
7.279072094295752082e-01
6.847867005975332155e-01
6.864553561410481342e-01
7.084034213225348653e-01
6.871101559908874279e-01
6.661953366208601679e-01
6.526570042037567188e-01
6.718899619137679302e-01
6.314864099282875287e-01
6.568676963676075564e-01
6.697151630072294415e-01
6.592227467152428355e-01
6.557983209834713501e-01
6.774811573030740108e-01
6.689502378660248105e-01
6.904418467837132312e-01
6.869728111624807676e-01
7.426684733228182678e-01
6.410216480855505106e-01
6.994825282237134845e-01
7.718045249964270438e-01
6.826260584100163342e-01
6.807924769129102271e-01
7.421155907227331427e-01
6.552212833142294635e-01
6.742508550226160580e-01
7.286752384018934103e-01
6.720634000674623465e-01
6.807406510231995833e-01
7.319655202203069200e-01
7.129429421929183164e-01
6.736866905668188465e-01
6.763535359088800325e-01
6.888976416677191628e-01
6.591170694485933845e-01
6.648440304609082308e-01
6.979018025651568813e-01
6.888082744113692701e-01
6.866749058547018114e-01
7.076667393905783365e-01
7.262420259425224067e-01
6.930989455857171633e-01
6.806437976264602119e-01
7.235650051913420366e-01
6.899782363808095731e-01
6.845073830266774628e-01
6.874081428969271990e-01
6.919710400187328858e-01
7.215823596988987232e-01
6.593557122890779665e-01
6.479202564210563287e-01
6.922951696434465063e-01
6.893995683694391641e-01
7.626691629090894819e-01
6.862123269846280849e-01
7.157766173090222006e-01
7.242551089450918189e-01
6.663687613305677715e-01
6.938504458714483958e-01
6.864365421766622788e-01
7.077841306398798826e-01
6.937455356585694455e-01
6.872577744643352249e-01
7.244317790269020341e-01
6.591888602987144852e-01
6.477863821177396453e-01
6.722624039629343518e-01
6.772938200522570229e-01
6.761129470986103618e-01
6.891893228596769339e-01
6.506943027717698724e-01
6.632977465804937856e-01
8.077028884670166553e-01
7.006076127620032290e-01
7.035496512991789020e-01
7.062086572807507734e-01
6.989658361739351511e-01
6.527901009783639852e-01
6.715818523479153423e-01
6.509816893735167476e-01
6.891899001047896434e-01
7.091894554557262031e-01
6.719626748934510729e-01
6.908271037682104376e-01
6.926413276545136943e-01
6.896553063618062751e-01
7.045519588331418115e-01
6.871666368262907554e-01
6.320563668365420940e-01
6.826870158257043464e-01
7.034303895253288808e-01
5.665551005951031671e-01
7.189113531350069808e-01
6.694266808634861121e-01
7.137430325817454291e-01
6.536622875716427972e-01
6.896030798497991832e-01
6.914669476828659844e-01
7.389554274112409837e-01
7.225657615309440951e-01
7.056848656366212502e-01
7.147750561403339864e-01
6.545886272923552296e-01
6.984288198440548046e-01
6.892167888673649268e-01
6.858608274425463946e-01
7.057283157434640630e-01
6.765581169416320373e-01
6.864257093509017471e-01
6.910749904529440713e-01
7.155606122379886136e-01
7.095153765616567521e-01
7.170192005156640347e-01
6.741412341055571522e-01
6.620802687098391592e-01
6.579850729259399955e-01
6.933236210527721211e-01
6.695470639611244001e-01
6.796577125356499938e-01
6.789070831424838248e-01
6.701711099501478364e-01
6.805484847637481849e-01
6.731402519711876531e-01
6.974434204654006431e-01
6.723377802588826890e-01
6.977751818092322589e-01
6.657172691921832142e-01
6.779216668785358335e-01
6.871385156921246962e-01
6.735779233296019797e-01
6.871166749920865069e-01
6.848570062248738877e-01
6.615925372974443830e-01
6.532740787087204515e-01
6.800740533278624156e-01
7.076888941876828820e-01
6.928578747970105534e-01
6.473574970531980055e-01
7.093774250306074114e-01
6.770216139906599651e-01
7.008196431627182754e-01
7.122951370413940220e-01
6.711794670475086377e-01
6.429877830709380682e-01
7.166123969249339476e-01
6.513391276866600244e-01
6.958320525004427770e-01
6.790014871906556726e-01
6.695961843695897864e-01
7.263509660430450543e-01
6.834922350294001525e-01
7.216458118630783014e-01
6.603949385294547447e-01
6.246541200481772194e-01
6.751325111263292156e-01
6.691971096855963141e-01
7.798604141726652728e-01
6.651492988044959143e-01
7.259218070247045462e-01
6.730387025235480269e-01
6.788922079547057287e-01
7.564379857937479912e-01
7.300459642245219483e-01
6.365415845026687336e-01
6.789210179016014202e-01
6.418121088981507683e-01
6.943100552670555814e-01
7.066034363533177931e-01
6.401116819642079792e-01
7.224345780471433942e-01
7.192591682019225940e-01
6.824759531352641018e-01
6.555186796037438812e-01
6.562609549407361076e-01
6.908809338917288878e-01
7.240429366232946640e-01
6.339417384710214209e-01
6.701436386763118813e-01
6.867840285373553177e-01
6.753790048319782136e-01
7.155872581231552676e-01
6.740850305606080894e-01
6.447206693952932666e-01
7.010969613718991411e-01
6.951588440916156575e-01
6.891907517638377056e-01
6.622359955274148557e-01
6.633022528124947748e-01
6.437843649153751624e-01
6.803645595550820158e-01
6.349252980132408242e-01
7.174383046684441601e-01
6.627136645085788258e-01
7.147142488164086593e-01
7.183920957186993306e-01
6.363688706391957828e-01
6.431449763590656454e-01
7.511486065508762300e-01
7.143062852123071016e-01
7.141589724212936696e-01
6.859751471714702342e-01
7.221117757976013296e-01
6.946950803945067809e-01
7.005426098038666227e-01
6.733114966014194236e-01
6.772625982547250123e-01
6.979870446690020769e-01
6.791875244282327140e-01
7.128376441742988456e-01
7.372066054178366690e-01
6.921914422612855944e-01
6.790565463748553521e-01
6.730049599180544240e-01
6.720001117668593649e-01
6.852112670888951262e-01
6.746315869762971040e-01
7.097833193493955362e-01
7.108233373312817793e-01
6.712380667874567886e-01
6.522014689001608412e-01
6.983090019134056137e-01
7.097092861140480435e-01
7.335907502854660533e-01
6.687929878561785779e-01
7.357179064971868243e-01
6.435064301035310352e-01
6.745770943366560246e-01
7.021617071500942941e-01
6.990129556500459529e-01
6.388966706228350612e-01
6.679610470193551031e-01
6.813004467198401359e-01
7.074136423296383258e-01
6.084014827883571508e-01
6.557602082199539550e-01
6.986142782064859169e-01
6.926318395076894729e-01
6.285681970843032262e-01
6.609477157377020573e-01
6.536796397207237375e-01
6.741525087078820144e-01
7.130165270810536748e-01
7.370004047982167128e-01
7.028438747561348565e-01
6.720193923325101792e-01
6.623095705038938297e-01
7.527183804743413642e-01
6.796844538224483534e-01
7.330124304734989549e-01
6.662035754330353221e-01
6.827490059227859787e-01
6.665117610954037763e-01
6.337624958533112363e-01
6.897224142482089038e-01
6.856504277890991261e-01
6.584341410999033917e-01
7.542178650683867280e-01
6.979604744739411615e-01
7.215161447047268028e-01
7.041628296585968894e-01
6.730897807279015987e-01
7.691129865735716331e-01
6.885996942114037678e-01
6.986103229219881028e-01
7.083786466353192424e-01
6.722798041669045821e-01
6.664045643092828541e-01
6.531096545535172160e-01
6.795089336312356565e-01
6.423893873430632784e-01
6.496840409891085910e-01
6.572327700087152724e-01
6.355282333207226131e-01
7.277794723985935299e-01
6.826977421073102681e-01
7.036924475042330984e-01
6.970353522896634013e-01
6.642730680079043104e-01
7.376253491910956805e-01
6.900053601204966247e-01
6.625651637614388134e-01
6.784989874114463193e-01
6.780586067207211576e-01
6.953852967162639231e-01
7.016964392429944075e-01
6.854636844823579489e-01
6.887996154372152402e-01
6.432032288454035962e-01
6.736318867849409031e-01
6.978135855057557846e-01
6.340422517999712015e-01
6.888267888107000303e-01
6.689235768442509666e-01
6.956302235776231635e-01
6.682164619170340991e-01
6.850175335024640821e-01
6.931872802134284584e-01
6.832637209302143688e-01
6.902603200703220088e-01
6.948740854158349523e-01
7.080805747989273868e-01
6.453600813153527183e-01
6.545871190000251971e-01
7.075335251322587560e-01
6.992725600958272780e-01
6.590456196707489278e-01
7.342953023202394292e-01
7.008723338548658033e-01
6.675038043292794709e-01
6.953415558070754621e-01
6.638480629669470945e-01
6.743596535749410981e-01
6.762918600308341910e-01
6.647193183960832252e-01
6.849212373730096948e-01
6.931707381087561792e-01
6.522780032637489622e-01
7.000164796151066016e-01
7.124227949359492884e-01
6.550184948791617501e-01
6.739688629000081255e-01
7.147830499380040115e-01
6.502017621883461329e-01
7.436439869199904518e-01
7.020275685082175698e-01
7.185098247532724081e-01
6.821850937203013387e-01
6.761137637771628128e-01
6.600710662894239134e-01
7.159666480930507726e-01
6.616006513279527601e-01
6.187136062071182385e-01
6.462561378766821241e-01
6.804701274451853132e-01
7.748045350020223987e-01
7.230957149135200934e-01
6.878565041973931926e-01
6.712905185625678284e-01
6.484373055884692372e-01
6.696271964255391396e-01
6.675945761038373227e-01
6.789897691646116229e-01
6.478521341610519180e-01
6.806020931846438193e-01
6.551794289056561693e-01
6.747096729182500141e-01
6.600940456174513304e-01
6.655919258364492164e-01
6.248690969548160723e-01
6.841841593374979880e-01
6.667124575087284288e-01
7.008902069195431794e-01
6.748146188136305845e-01
6.897149708482537278e-01
6.592694149674207527e-01
6.970543278146479338e-01
6.939916269891548417e-01
7.200135249742056764e-01
7.165183239771127921e-01
7.721685159019764377e-01
7.126451406563076851e-01
6.817535297135500771e-01
6.909015588210417613e-01
6.841962778623720265e-01
6.622994085444328105e-01
7.425383295996166311e-01
7.007713439620105733e-01
7.519146512703170915e-01
6.560560100885235446e-01
7.399041409810899195e-01
6.943590539741127943e-01
6.733056647250816873e-01
6.876005056878881083e-01
6.935555693679292810e-01
6.657276829597326140e-01
6.791423608893284447e-01
6.647538579063374531e-01
7.575241397171309510e-01
7.046492391794473287e-01
7.614610314433051252e-01
6.646360814124111505e-01
6.902573575160371178e-01
6.781591510230619013e-01
7.005936606234519637e-01
6.819227229086679554e-01
6.575413289251391680e-01
7.002264068009457221e-01
6.961821041777908059e-01
6.687487018245703574e-01
6.857603586199775281e-01
6.807548798103857379e-01
6.716968401892580154e-01
7.766528750538993497e-01
7.110984870887580023e-01
6.525031713359962238e-01
6.690213416921427791e-01
6.717028178710360287e-01
6.690014300033911843e-01
6.773814554965750245e-01
7.002627899535743827e-01
6.847459415299429475e-01
6.716103880149639771e-01
6.494124132111315228e-01
6.838865249906551647e-01
7.627206932241508142e-01
6.467044063318175828e-01
6.926622878415926721e-01
6.546187193145392991e-01
6.925223007887052473e-01
6.447698926672159603e-01
6.663098617733059781e-01
6.978098780522409283e-01
6.885704556415457311e-01
7.237776380876154159e-01
6.341052238913179595e-01
6.740244187213507709e-01
6.913912139113175259e-01
6.687399430236017350e-01
6.845715927732136663e-01
7.304931109670275147e-01
6.845612095864735958e-01
6.645485359083656007e-01
6.641737035853015891e-01
6.867783499707931227e-01
7.102889006969230756e-01
7.063098098899127653e-01
6.963008688865555129e-01
6.829467100950118441e-01
7.407915275021891288e-01
6.873025576962572547e-01
6.395980908648718488e-01
6.792431555205609151e-01
6.557737365417127817e-01
6.750885727154575244e-01
7.049713694070097736e-01
7.446563154551298913e-01
6.548585408122815643e-01
6.591824140618249839e-01
6.631929948680248543e-01
6.497883322548827500e-01
6.986926950065549535e-01
7.155196993379172588e-01
6.869262146752502796e-01
6.914604666412982326e-01
7.022593240792693869e-01
6.562579916388328050e-01
6.854060890104531900e-01
7.191923559058432947e-01
7.119882428576204125e-01
7.065452482458421946e-01
6.679959282605976156e-01
6.873838165596034555e-01
7.103692407404005316e-01
7.017171670178184995e-01
6.813749849681448589e-01
6.697071372462675143e-01
7.047068952083724858e-01
6.940716296395182949e-01
6.471799494481014214e-01
6.770742584077420467e-01
6.792053306315114503e-01
6.418209570239720163e-01
6.975012086654504007e-01
6.773031472266578534e-01
7.050171121029015220e-01
6.636139694720646354e-01
6.672527063553860271e-01
6.672909130218170892e-01
6.606487058467336304e-01
6.748649607033542219e-01
7.159476621765787918e-01
7.358831016263990277e-01
7.698132352640069120e-01
7.273675612829485493e-01
6.672991551251064024e-01
6.757108634764521504e-01
7.127465230046596822e-01
7.066392974426153328e-01
6.798071052660955571e-01
6.941982397887063172e-01
6.589576371295388091e-01
6.906751283670756747e-01
6.796871120820071610e-01
6.038911671120044122e-01
6.680047922338033795e-01
7.014564601109841702e-01
6.712610287089674221e-01
6.000055635272840693e-01
7.164166869107795321e-01
6.911403611054035556e-01
7.424366512516402672e-01
6.661787420615238320e-01
7.052493527048516730e-01
7.134038749527551460e-01
6.745604072715455368e-01
7.104751472183546968e-01
6.924163933125258019e-01
6.802571977919615875e-01
7.023671711639195570e-01
6.831130136693696064e-01
6.975365589748347972e-01
7.182503468210041930e-01
6.881205303189084077e-01
7.429686143415703548e-01
7.196087266251183223e-01
6.712196366070847242e-01
6.975686570880524906e-01
6.843574887531113093e-01
7.005980236530904293e-01
7.108616627875300464e-01
7.002853912851181306e-01
6.951490127045163447e-01
6.591577255993571471e-01
6.844566792111519415e-01
6.706919428110831305e-01
6.924802713352216088e-01
6.600208165180472264e-01
6.966394691860239297e-01
6.486165502911651615e-01
6.826769551787593704e-01
6.794179549621907066e-01
7.271624438423565095e-01
6.647416486575817851e-01
6.697851011093851614e-01
6.760922616755510317e-01
6.530762240511484018e-01
6.573841300274623212e-01
6.902460083750202591e-01
6.895552223938907765e-01
7.019882930439127477e-01
6.921861636240351778e-01
7.079282531241779530e-01
6.607958107640178325e-01
6.424608954042129172e-01
7.019492476721262975e-01
6.231727596219330811e-01
6.625304804144588333e-01
6.841174026052717627e-01
7.014597288903970940e-01
7.401501754733581517e-01
6.748309689713184456e-01
6.886296107248187637e-01
7.383774084576355534e-01
6.796321579217896591e-01
6.507746304256476488e-01
6.918270779062923870e-01
6.952228291394463300e-01
6.855712538269891354e-01
7.123177932603224072e-01
6.722710609426929551e-01
7.040557983483943794e-01
7.129954436608172408e-01
7.136895510594575276e-01
7.207745640042600987e-01
6.880226936428693874e-01
7.540002526874034494e-01
6.819042654028626416e-01
6.641613980721281507e-01
6.877530586196686224e-01
7.078780763961161071e-01
6.922213456850524471e-01
6.775016836669407461e-01
6.570327961517330451e-01
6.745269248127985229e-01
6.706735709162686687e-01
7.248403794782175558e-01
6.712617220843444255e-01
6.861942974065210477e-01
7.109508457924222924e-01
6.839619607575109228e-01
6.846437300378050983e-01
6.928810422313688155e-01
6.589238564822532673e-01
7.028484237733636508e-01
6.935931510307606906e-01
6.987020919917351636e-01
6.665620148046143001e-01
6.670371479948634663e-01
6.811867452167947867e-01
6.811434017446515998e-01
6.957445460682267768e-01
6.891079530100254757e-01
6.384196918252347253e-01
7.037127820745516793e-01
6.972530195431777544e-01
6.739204714406829000e-01
6.521266726686957282e-01
6.985269094030267523e-01
6.976977790729531614e-01
6.630994444124954645e-01
6.804178895901183965e-01
6.980856728668261013e-01
7.058100625714039955e-01
6.673756352568517292e-01
6.517576074969513300e-01
6.971019435936204323e-01
6.950219130835616488e-01
7.416029812148984268e-01
6.960421271433453461e-01
6.904305442043986440e-01
6.632282176096557791e-01
6.661044779067015753e-01
6.560988691280317253e-01
7.206967926510881028e-01
6.917992093176015267e-01
7.006487063922405278e-01
6.938709678151816496e-01
6.965728068470915524e-01
7.116441614874838839e-01
6.469208021239416517e-01
7.158854935345457804e-01
7.140458061410505097e-01
7.169023550502879871e-01
7.129102138028574620e-01
6.976056053406578528e-01
6.551877633366732789e-01
6.751173804707080173e-01
6.876221817440343331e-01
7.059194073122662116e-01
6.603343234395184780e-01
7.081440351067828098e-01
6.751110129000835736e-01
6.958130742684480730e-01
6.909179013361484989e-01
6.445639165203843612e-01
6.595133058906178514e-01
7.032059081502981535e-01
6.988790304969180189e-01
6.529952782996334415e-01
6.891943439328009902e-01
7.268890776038444690e-01
6.549919713152779766e-01
7.209023205905294995e-01
6.372936269645481655e-01
6.242209807507429487e-01
6.752709835107308933e-01
6.821736835933043253e-01
6.823021039958764300e-01
6.967234626118651297e-01
6.902826518240636755e-01
7.155842824548036551e-01
7.529056689963146143e-01
7.484101632093531631e-01
7.007809223036739477e-01
6.867596052578524013e-01
7.248928093882122115e-01
6.622751370815619376e-01
7.306164445893945647e-01
7.286392284183933477e-01
6.979318451506989485e-01
7.043556697912626285e-01
6.745937968092766690e-01
6.317688335917271969e-01
6.755718887544855944e-01
6.507139960778126619e-01
6.668647321002100226e-01
6.749764951578143268e-01
7.329444037426080527e-01
6.628110435639089637e-01
6.343228234307541902e-01
7.333388425467949334e-01
6.955796220826605536e-01
7.284838329930396483e-01
6.523932305490555139e-01
7.023167450274505619e-01
6.981818953686497187e-01
6.744300823551635515e-01
7.309410934165089246e-01
6.986480279449672759e-01
7.895694502337804455e-01
7.069494115684141766e-01
6.813137291269335538e-01
6.541836839421172334e-01
6.453785427250440243e-01
7.044378986243563512e-01
6.934552252948956719e-01
7.425569422024594912e-01
6.193362993716041709e-01
6.967450795676977116e-01
6.586688341210780173e-01
7.515302259072473845e-01
6.616978823133504717e-01
7.126944300642025221e-01
6.880254318994699636e-01
6.849629710248071879e-01
7.260060483929765551e-01
6.429191545471393265e-01
7.312477859472509278e-01
6.638117114786639128e-01
7.140009012041325098e-01
6.254786288151753526e-01
6.628838143977685560e-01
7.415477305098766569e-01
6.920775962037946094e-01
6.623263128837891811e-01
7.529214037306092289e-01
6.609406839866870387e-01
6.872236909992294196e-01
6.733610928308931820e-01
6.861584945572483107e-01
6.669683284862090167e-01
6.589982223870670675e-01
6.727148514681031699e-01
6.435904812106586492e-01
6.568481906284063809e-01
6.945788206858767300e-01
7.060832928747153847e-01
7.673560966069038480e-01
6.564172851267424669e-01
6.847087171308933184e-01
6.736665830901763519e-01
6.953798148132743773e-01
6.704471876879827263e-01
6.821923539315455365e-01
6.815296437456052070e-01
7.034860290867192001e-01
6.421116688723699228e-01
7.270681918283756762e-01
6.512027160540722059e-01
6.926076854605813793e-01
7.438781332081562114e-01
6.605712861581598538e-01
6.744644073351562241e-01
6.933662052558068334e-01
7.101437888416670674e-01
6.637559616322999956e-01
6.895354876790930065e-01
6.769933369447832527e-01
7.040774562567877481e-01
7.097201383117356377e-01
6.941527070850249670e-01
6.744573192739270473e-01
7.158555518102920345e-01
6.668049323833785680e-01
7.473549397775615111e-01
6.814094260463137154e-01
6.800061354219497645e-01
7.073155318518029588e-01
7.473614291505610296e-01
6.905736624505665056e-01
7.242160041573949547e-01
6.917311910365743222e-01
6.775212031034220095e-01
6.711630945355560041e-01
7.430307090118962732e-01
6.829478621931648341e-01
6.755686317332597612e-01
6.824906682595848206e-01
7.789175997908686089e-01
6.962119732098743796e-01
6.525060135732703159e-01
5.952080580056032799e-01
6.974925300777418125e-01
6.831496937331968944e-01
6.509685213510129076e-01
6.828235051779988352e-01
6.748658636407099953e-01
6.988131722653555533e-01
6.628380497724104536e-01
7.563795886701787374e-01
6.753179044598495162e-01
6.578963110737037212e-01
6.848035697814207623e-01
6.951978316592876128e-01
6.856594000332960626e-01
7.407327126253087091e-01
6.812117712686868165e-01
6.695172505175883693e-01
6.736806477000700788e-01
6.610217237089798248e-01
7.175965364224338172e-01
6.538196101698559026e-01
6.780844644109543795e-01
6.741653444465166567e-01
6.751183156043986111e-01
6.935530563996689102e-01
7.481985019567473083e-01
6.864697529705431345e-01
7.195198553926606122e-01
6.904859220368727568e-01
6.865849966716680575e-01
7.313842678864435065e-01
6.668969103664813547e-01
7.493621306200716203e-01
6.698958259196925447e-01
7.157206240847351353e-01
6.627006321785486875e-01
7.562068767890508525e-01
6.793883063729553307e-01
6.965145927410008042e-01
6.887787530614669640e-01
6.902368006860987171e-01
6.639546382225079979e-01
6.812762584990949000e-01
6.906307660663805192e-01
7.492725309109979914e-01
6.843489731218691530e-01
6.862197589039897849e-01
6.697619010902240433e-01
6.810775634675475532e-01
7.181956429851172885e-01
7.340871303663569769e-01
7.075846578597788650e-01
7.816887132582529540e-01
6.707422810743857156e-01
6.139812757179995417e-01
7.675008282683373206e-01
6.855228814925817815e-01
7.025254673800302996e-01
6.701189328783908605e-01
6.946743668582420206e-01
7.074557948628442672e-01
7.210808737919183198e-01
6.900999880722061830e-01
7.455940834357132063e-01
6.580018399108790161e-01
6.984958745130582791e-01
6.830196781560744501e-01
7.183168086927652629e-01
6.530288184869966761e-01
7.734279702776578613e-01
7.056670331691281550e-01
6.677392733688614079e-01
6.700802168255514113e-01
6.228305752702163467e-01
6.586237018766265550e-01
6.691814366202836206e-01
6.558776877397729521e-01
7.070172304691948462e-01
6.802225846919632835e-01
7.004123259095648146e-01
7.027841238770455856e-01
6.807247565320496685e-01
6.793868145058880037e-01
6.612034961672728084e-01
6.640129063929723907e-01
6.955278955346813063e-01
6.988695314254399493e-01
6.786355008598574656e-01
6.921656797088724389e-01
6.521684189043636115e-01
6.288271905565289144e-01
7.339302725956794449e-01
6.994329685724584023e-01
6.998499442752375010e-01
7.529361011884021515e-01
7.236299665695488104e-01
6.682403257197068180e-01
6.713118985984160014e-01
6.845520638332328600e-01
6.159686943748602372e-01
6.669104787516904054e-01
6.475898369616784889e-01
6.915690352479475500e-01
6.775225036721175265e-01
7.014356837226897179e-01
6.611058742742483840e-01
6.896020118198857851e-01
6.714153946561718378e-01
7.254017530586627238e-01
6.716597004718717345e-01
6.567769861864770631e-01
6.726519493316542864e-01
6.812764004219816760e-01
6.951818052581781870e-01
6.611482628043143794e-01
6.871172730628293257e-01
6.639572559706068411e-01
6.498947000173972421e-01
6.717466469884639801e-01
6.539325345054348704e-01
6.761366659209601115e-01
6.918558471683405875e-01
7.108482909169905328e-01
6.815434842142523708e-01
6.863525861077448553e-01
6.998111775617701369e-01
6.992590331253251135e-01
6.845726926321767936e-01
6.741036601990558763e-01
6.897210284372049527e-01
6.695822929399620760e-01
6.970823089635305170e-01
7.202565973198028493e-01
6.327040442998362879e-01
6.695531817079812820e-01
6.665524601987273812e-01
7.040801094850483999e-01
6.766201950835496470e-01
6.854899073764860740e-01
6.429395386491477682e-01
6.582285345322208547e-01
7.261826148576485673e-01
6.638544609166469046e-01
7.098854956035541841e-01
6.595176182640840601e-01
6.814037364202053526e-01
6.551370599760247826e-01
6.998823739479185235e-01
6.726522254175315574e-01
6.866806294740710470e-01
6.826029309558764302e-01
6.896120355721190309e-01
6.536303254918767180e-01
6.546172001369060522e-01
6.736949703103510823e-01
6.866164076991519982e-01
6.682827518947865864e-01
6.434474525020935642e-01
7.050096432179261408e-01
6.901100720424443447e-01
6.708129620489051703e-01
6.441926565469787702e-01
6.776959595114919743e-01
6.412330487653815636e-01
6.900106635131918464e-01
6.755614537377425677e-01
6.802507689918039224e-01
6.707851802680907527e-01
6.551096645517595629e-01
7.025083198315950073e-01
7.047393687912210103e-01
6.925985175322364462e-01
6.729215253430171906e-01
6.439532441235055193e-01
7.222304975969682239e-01
7.174210812197338027e-01
6.310552734562505650e-01
6.731499850663409390e-01
6.772230320886560850e-01
6.746458328187953102e-01
6.865856167015982336e-01
7.020711359367921567e-01
7.037144718704945179e-01
6.877938011021975662e-01
7.084176180783865462e-01
6.395425507492492612e-01
6.455217588941322138e-01
7.068801757473124336e-01
7.257154190788059900e-01
7.023833786058851780e-01
6.999911543350491039e-01
6.913829028164869550e-01
6.945918498153936804e-01
7.227201567233052515e-01
7.045965283419658443e-01
7.163256044755673679e-01
7.523618782847181219e-01
6.708534569224252619e-01
6.891271055718299898e-01
6.760407532182927115e-01
6.558916855671558244e-01
6.956674150712841564e-01
7.054566365627211733e-01
6.936610468458311862e-01
6.763906326233520838e-01
6.489774746903750335e-01
6.838138230096437731e-01
7.003045573084456521e-01
7.392592697758425535e-01
6.748065915678792548e-01
6.945061968406119890e-01
6.949400388902517989e-01
6.911032501027425390e-01
7.248834721191208530e-01
7.029087185478931632e-01
6.889470341487875515e-01
7.180895310485608807e-01
6.951548552677409010e-01
6.391115768935676789e-01
7.040334189776232821e-01
6.780789773229937145e-01
7.034382324852255230e-01
7.131454675025331591e-01
6.365871048942006727e-01
7.055550273093992297e-01
6.814556008453699354e-01
6.433196856281742093e-01
6.788005314059214479e-01
6.555954681706464005e-01
6.891764076326180044e-01
6.991040685029953350e-01
7.325250378005057073e-01
6.957574244781646877e-01
7.218100501118238643e-01
6.811691860676545307e-01
7.154821976561064334e-01
6.852732676238426635e-01
6.745346346649279123e-01
7.975897872255208743e-01
7.173781998831386675e-01
6.929437506474697139e-01
6.843692490352402125e-01
7.289234974158842473e-01
7.551549433697907210e-01
6.703485329102178980e-01
8.024619240824978350e-01
6.941607599932732020e-01
7.207872756095724531e-01
6.713303994245928275e-01
7.406197793631759119e-01
7.519232638190266327e-01
7.359249133644562013e-01
6.937402989548507870e-01
6.814585503009604750e-01
6.736812985904488960e-01
7.618111505178345455e-01
6.899722791673946753e-01
6.872667724531438260e-01
7.076189794630542984e-01
6.923548511829672458e-01
6.502703887353882273e-01
7.121983459230710745e-01
7.122390107351763699e-01
6.941178886557696215e-01
6.893309364700200836e-01
7.202106021035716843e-01
7.398463604076520594e-01
7.186649752836132832e-01
7.505659146063482501e-01
6.550687500965375332e-01
7.070136482014927060e-01
6.547155844584887641e-01
7.247162049514650484e-01
6.982471405574893764e-01
6.303736139153713891e-01
6.584490694577310732e-01
6.392109422765710480e-01
6.442789390134688876e-01
7.040703489980292273e-01
6.574083737315548071e-01
6.763255717755027874e-01
7.661531007867558030e-01
6.663132075140681954e-01
6.876475703984213927e-01
7.016409220324968388e-01
7.108379523612914364e-01
6.838198422256441811e-01
6.560196019836325165e-01
7.001860896396552292e-01
6.472761802574504841e-01
6.701231093975040798e-01
6.864883256854871219e-01
6.871706308153409104e-01
6.524813970100196148e-01
6.896288918138399060e-01
6.747871693965722395e-01
6.832115658802426772e-01
7.120577482294051519e-01
6.532290950515329264e-01
6.796577675598687307e-01
6.635544823933536840e-01
6.779266899773782606e-01
6.941106245231477567e-01
6.596668195080382935e-01
6.788818582720819172e-01
6.902207922987257938e-01
6.677897547235278619e-01
6.860119340123599363e-01
6.736084585534992675e-01
6.497890833809841782e-01
6.712889789803604401e-01
6.798221765368098746e-01
6.634562669881064467e-01
6.437188720223667726e-01
7.786413364263478076e-01
6.890302729760094946e-01
6.921012970242025331e-01
6.479993543979840620e-01
6.691962077759392447e-01
6.955427532723025275e-01
6.018380402371700244e-01
7.407797394152497716e-01
6.562644753054556190e-01
7.048832283962918055e-01
6.666242095779264520e-01
6.545938720452864068e-01
6.752225352838870931e-01
6.813310667009652155e-01
6.950469981514247886e-01
6.230540979409024960e-01
6.097075504985444150e-01
6.370427137732976863e-01
6.470445435738084727e-01
7.248722598292793862e-01
6.701015607695132159e-01
6.803215423391795191e-01
6.590547246734205222e-01
6.767051744425712778e-01
6.746706480233779502e-01
6.541884957467541950e-01
7.187214595457491750e-01
6.732915214237247259e-01
7.170856311217361778e-01
6.880335461368448646e-01
6.962304777114033394e-01
6.973441213081532641e-01
6.869463905120957170e-01
6.551355439830796046e-01
6.577299787045521873e-01
6.720411708946314455e-01
7.065525933725887997e-01
6.762883144404768787e-01
6.696073604946572999e-01
7.178952627497867667e-01
7.220587245455053482e-01
7.792855982508909429e-01
6.773984956301005722e-01
6.972589208464136101e-01
7.209423590031809326e-01
6.482013765951950557e-01
6.828488380861532647e-01
7.133084012602236568e-01
6.799655807794624529e-01
6.796764444731879795e-01
6.864007727699873440e-01
6.617618247968604095e-01
6.752847783785496105e-01
6.812978429536636904e-01
6.950808778225678886e-01
6.164208693634093406e-01
7.649359512520617077e-01
6.953370820927596840e-01
6.825637391901828721e-01
6.833315572846241359e-01
6.420025267636889632e-01
6.464517849956041839e-01
7.264053768960330171e-01
7.210413364927770186e-01
6.787990065371659609e-01
6.769149665512012026e-01
7.128338422131377250e-01
7.166443927815725479e-01
6.909409642075700075e-01
6.921106364307955117e-01
6.656467931405155580e-01
6.769733148637607778e-01
6.529606437330792712e-01
6.769869389142870730e-01
6.682588819653668688e-01
7.021146002000789865e-01
6.997612425960645366e-01
6.889416086267923234e-01
7.059118735716437554e-01
7.081116116500411062e-01
6.858624122968161041e-01
7.431093182202278546e-01
7.282754392750068195e-01
6.499509679328289158e-01
6.954341760193787358e-01
5.599969128843159671e-01
5.737505149306976193e-01
6.422519371093334817e-01
6.085715484797521446e-01
6.726991182563724081e-01
6.094479549744652447e-01
6.683068667048107647e-01
6.560522734020838298e-01
7.054116238640499859e-01
6.873394255618836546e-01
6.541434243397046266e-01
6.475554971106940449e-01
7.640191802570061030e-01
6.905377573162331251e-01
6.810782817740660411e-01
7.411245530967476292e-01
7.111388783763489263e-01
7.162555406004550429e-01
6.552090196422135637e-01
6.643412811808389051e-01
6.822345069544613061e-01
6.544152377828952316e-01
6.730090144417114617e-01
6.520588116522604283e-01
6.892744148007002858e-01
7.273312726215612756e-01
6.871369173164767474e-01
7.677482775539640203e-01
6.853236823356168017e-01
8.136224647554733957e-01
6.651659735652046823e-01
6.694332058143391828e-01
6.091874181842494851e-01
6.891686813485952134e-01
7.827316603636419456e-01
6.995505643780538518e-01
6.068613586308292396e-01
6.789915830970100208e-01
6.584719193679615667e-01
7.070364016856443001e-01
7.156262620779618722e-01
7.218905813282024964e-01
6.779018051806129375e-01
6.725664079118167660e-01
7.513872148781822746e-01
6.430227357081179651e-01
6.932141407152148105e-01
6.943690024017983298e-01
6.958758923810952624e-01
6.950285187891470651e-01
6.950347312637705777e-01
7.162969307421407361e-01
7.196690350010167547e-01
6.587269548695011689e-01
7.645866256056449428e-01
6.893374930090994113e-01
6.865460680130713866e-01
6.489193842003190271e-01
6.626005876491745106e-01
7.902106130940184103e-01
6.847213588005568452e-01
6.772051973106146816e-01
6.357356324224173738e-01
6.687725932012410501e-01
6.430700712201948832e-01
6.737362033918707915e-01
6.621276452711155613e-01
6.680139273408575162e-01
7.236704812880161430e-01
6.403831536222879262e-01
7.006675526114504171e-01
7.366982384179711074e-01
7.088327562855140096e-01
6.827186455863817338e-01
6.575465843676773225e-01
6.665279584869128193e-01
6.704996778032835669e-01
6.741974484598710626e-01
6.870518755013484968e-01
7.051252865147443760e-01
6.953098641758810317e-01
6.909921028326646564e-01
6.693151338133653816e-01
6.382251783393073641e-01
6.836092241019688931e-01
6.617658117090376990e-01
6.721534743162221881e-01
7.136230541660221194e-01
6.985982457038921734e-01
7.402510781168837317e-01
6.596605307399220353e-01
6.867823307859761695e-01
6.756419741115949895e-01
6.750345918119329269e-01
6.976308369682647781e-01
5.957527612205639755e-01
6.636242716595022184e-01
6.897915417500767310e-01
6.731091446989925231e-01
6.514164796566298543e-01
7.044275508844174416e-01
7.162401239945502818e-01
6.574957366175653295e-01
6.107611237592139863e-01
6.077681002526921228e-01
6.710652362955803474e-01
7.152962680730958756e-01
6.895827745789699925e-01
6.919820351310993489e-01
6.956304331640775773e-01
6.557497163521279759e-01
6.614184364397065474e-01
7.164166611302263954e-01
7.008887240717576184e-01
7.024515296653731644e-01
7.446189065256544337e-01
6.751901150893933057e-01
6.080095978758740527e-01
7.296247708336470739e-01
6.271666555771320262e-01
6.694312095377527028e-01
6.819212658385920278e-01
7.027460452422964465e-01
6.472106024109696154e-01
7.361853165556461187e-01
6.836567502248320771e-01
7.720112100884040096e-01
6.767951151352780137e-01
7.590966275349984027e-01
6.859034529832249705e-01
6.790767841200289201e-01
7.561916935562691400e-01
6.319054640135021161e-01
6.567936371445473043e-01
6.836574489280241584e-01
6.741504963976776565e-01
6.953371999319428731e-01
7.233365393436544943e-01
6.869118036894538148e-01
6.838378057060422455e-01
6.596349332767880158e-01
6.542600646262632935e-01
6.976937651480898950e-01
6.595079452676361198e-01
6.752281848299968026e-01
6.635190851285737157e-01
6.490750162990801542e-01
6.795688378610419411e-01
6.710271101435459906e-01
7.178011027242060527e-01
6.768536214354359259e-01
6.588455520132622256e-01
7.167470482500672979e-01
6.934860287162223358e-01
6.827384334912020014e-01
6.536665927800672238e-01
7.216725626732316545e-01
7.006915043399414289e-01
6.856258749393400187e-01
6.806050059118943230e-01
6.938463914752851514e-01
7.657270193671652514e-01
7.597828281404814810e-01
6.979700031634115120e-01
7.054218571213143330e-01
6.619846119152996700e-01
6.807113864532889913e-01
7.735285814621426503e-01
7.033571157458740064e-01
6.579185293111947663e-01
7.043723326052555578e-01
7.413072554562297745e-01
7.108558004919095508e-01
6.921105371606436352e-01
6.211840476535359645e-01
7.622578693504715730e-01
6.321818738347665390e-01
6.889197658757192366e-01
6.852213005484489861e-01
6.656277235954916049e-01
6.984452514018109071e-01
6.916323935872852324e-01
7.289783541119813082e-01
6.922728107300668565e-01
6.801262890259391902e-01
6.527522236760839869e-01
6.932012323037781698e-01
6.606492824035575806e-01
6.576818032919251600e-01
6.368734232752705227e-01
6.937812895593905571e-01
6.817234070743953822e-01
6.878865530055852107e-01
6.905797152949203488e-01
6.781312445262408506e-01
6.778460201861412626e-01
6.686399430761220675e-01
6.874311478056136515e-01
6.720583229478763743e-01
6.005440263024465208e-01
6.998284637893692484e-01
6.599305933465751117e-01
7.245058717199117648e-01
6.780515592183344875e-01
6.898080024746638950e-01
6.702478397939289900e-01
6.694315917051518738e-01
6.690222904100895374e-01
6.925597196444067682e-01
6.746819581212507577e-01
7.121719462471828299e-01
7.456128214641907226e-01
7.004115774637966751e-01
7.144588616464667696e-01
6.973748686032652522e-01
6.609203458325390024e-01
6.812195608164453020e-01
6.870788394863379667e-01
6.689550181871405377e-01
7.033781589687104763e-01
7.400867823450957284e-01
7.800391655156668769e-01
6.820870197216716280e-01
6.661823183291032402e-01
6.825472067024150880e-01
6.642313569531176354e-01
6.817639298582074403e-01
6.522573236070899894e-01
6.641684563606526925e-01
7.701354461157879916e-01
7.438246956014350486e-01
7.166827931506949412e-01
6.665595026570728665e-01
6.555960572370429507e-01
6.909143922311692387e-01
7.398278217838436532e-01
7.354285231044294102e-01
6.836583778409247580e-01
7.105806783752730560e-01
6.672877727744772614e-01
6.523204029191100872e-01
6.976782749913262860e-01
6.932022944113293006e-01
6.411628942719688196e-01
6.392537252175580775e-01
7.272168382090170580e-01
6.538475233710587808e-01
7.106661678972027163e-01
6.874281053918385176e-01
6.650433400573398934e-01
6.558348215661248259e-01
6.891573014303894462e-01
7.021696598366136133e-01
6.712067431367744197e-01
7.434848112309179191e-01
6.845997318642327301e-01
6.982343722088856230e-01
6.908231792461494436e-01
6.859702863668776240e-01
6.913788749125971966e-01
7.186972406642135880e-01
6.730267640194949053e-01
6.912071890810312924e-01
6.738665993552184208e-01
7.221173254028272481e-01
7.072089801118212060e-01
6.628270559222543268e-01
6.925883375111024920e-01
7.036889182842447354e-01
7.249972183890096566e-01
7.121357935890567648e-01
6.951270786648748867e-01
6.445684812304152134e-01
6.484401889647859463e-01
6.870592155820980373e-01
5.894824116322916474e-01
6.997682392734203560e-01
6.685516406515379373e-01
7.502680010666361587e-01
6.901385486780641232e-01
6.683506376719968722e-01
7.000696627995379728e-01
6.947809612738289342e-01
6.849704128561541205e-01
6.683093130673819493e-01
6.751599290503480510e-01
7.151558387014167462e-01
6.992238447918069921e-01
6.917514837434961539e-01
7.044795965524928150e-01
7.233116965260480979e-01
7.529949100689208308e-01
6.756402617232635244e-01
6.553588748860489366e-01
6.738123648930729459e-01
7.148791144738867454e-01
6.983535655200573400e-01
6.884495856787414825e-01
6.777585631531697352e-01
6.852765136015910308e-01
6.582526777498222126e-01
6.364319913713024635e-01
6.948087584730409105e-01
6.970211873789167178e-01
7.365991213512318447e-01
6.256485645645640803e-01
6.628173148843297113e-01
6.766678603355714694e-01
7.280127509183221823e-01
6.496620256580691866e-01
6.839580248219547798e-01
6.790062366762432688e-01
7.353680618098211719e-01
6.697879251521019484e-01
6.794423908353638408e-01
6.678517408884308004e-01
7.275953359547007171e-01
6.919552522115276494e-01
6.770817725321537361e-01
7.203573718688369709e-01
7.141128452817849803e-01
6.560913778300964116e-01
7.570988671591473151e-01
7.100343578463356176e-01
6.896746641186247695e-01
7.015030582433690043e-01
6.448212223078866323e-01
6.805965498085132515e-01
7.292045048976832922e-01
7.329851101244071465e-01
7.071514476092986001e-01
6.830257648212324506e-01
6.822534524345736928e-01
6.243178041680343959e-01
7.088643461516396238e-01
6.961701256494551293e-01
6.497345636702179794e-01
7.617315494604456338e-01
6.598307492015635933e-01
6.929020570777555399e-01
6.847920100226052575e-01
6.034556472267386118e-01
7.147210391623742831e-01
6.368416642054295362e-01
6.779487805529994526e-01
6.776344614723007753e-01
6.415718067317153217e-01
6.861197354959744921e-01
6.855123149837993868e-01
6.799673127083117885e-01
6.773679397082075226e-01
6.210754085593559459e-01
6.778427901210714035e-01
6.177185384351081554e-01
6.691831601104957228e-01
6.739999336514456152e-01
7.215722914429497648e-01
6.559613474286687396e-01
7.574671883796038063e-01
6.851102326117916030e-01
7.194451189738042540e-01
6.392249051536987858e-01
6.868641870403888738e-01
7.164024700113443833e-01
8.110371942549300384e-01
7.203097716631827740e-01
7.055871307125961556e-01
6.572880651314115807e-01
7.228432108369812203e-01
6.896177725153800342e-01
7.085656400557147627e-01
6.772493644326464945e-01
7.113895458789488702e-01
6.663030444678579300e-01
6.849381675909540501e-01
6.655415789637837420e-01
7.190752681267892354e-01
6.904646923853138274e-01
7.124022175340206653e-01
7.001544552869205518e-01
6.911513187483731002e-01
6.838682605765135092e-01
6.917231012992911543e-01
6.961787508214477560e-01
6.956164525927960307e-01
6.633202895745715644e-01
7.245992988446147143e-01
6.635692640787268504e-01
6.833439742524616278e-01
6.526446981370286338e-01
7.531861449631485073e-01
6.890793012393076067e-01
6.705003891369816227e-01
6.553266123963968903e-01
7.566748965743628208e-01
6.875290882215104871e-01
6.970496648059018030e-01
7.174687819385242582e-01
7.387536419342709548e-01
7.144533827713756002e-01
6.944177949685345075e-01
6.784710302743955923e-01
7.069342772922381224e-01
6.596936486254870724e-01
7.011062380666199800e-01
6.847122307396551477e-01
6.756939766799048286e-01
7.249737381264172997e-01
7.767339518768330286e-01
7.606305752563597977e-01
6.687743885417568590e-01
6.953932354169599650e-01
7.106132655701985490e-01
6.765595063340080761e-01
7.088726620556174973e-01
6.982245634509370857e-01
6.834273808031521291e-01
6.776874862866240079e-01
6.713117603117680909e-01
7.316486411325834327e-01
6.842469180748983471e-01
6.678366169546268161e-01
6.840720814262676308e-01
7.368304725019904078e-01
6.602878834612214698e-01
6.804144581529832925e-01
7.055970584554974723e-01
6.872749642974145257e-01
6.971062762079052177e-01
6.490022529425357734e-01
6.494011324180261058e-01
7.076854868859112635e-01
6.649759737716413044e-01
6.862552503449266261e-01
6.366752075048357495e-01
6.988020050532467442e-01
6.714658684865201232e-01
7.586516086048491481e-01
7.011819618251903252e-01
6.618687434463425001e-01
7.261600224103337275e-01
7.074698493068607430e-01
6.848356039717224952e-01
7.275992494485942208e-01
6.435763780292864666e-01
7.178244770267505626e-01
6.623828363039711009e-01
6.850958136775519014e-01
6.928129667255286117e-01
6.702201731116653738e-01
6.773537111174112724e-01
7.000457304685575588e-01
7.074850798536157503e-01
6.522326878580868570e-01
6.797911867598264157e-01
6.975897577139237304e-01
6.726350337843980398e-01
6.923576078681348278e-01
6.924363781031703802e-01
7.272934581962738898e-01
7.198757101811164016e-01
6.695735624038853251e-01
6.729013066196932735e-01
6.952363560849715851e-01
6.831916945300520183e-01
7.139724094348022243e-01
6.383366589454020357e-01
6.918466129591113178e-01
6.029429993568254931e-01
6.951506060065297810e-01
7.013154560147097927e-01
6.585998931844946336e-01
7.254410137144575721e-01
6.867795234078150068e-01
6.762542673053163478e-01
6.767312604333308723e-01
7.024236746903804729e-01
6.926392697131396048e-01
7.452981275753602919e-01
6.884452469272760444e-01
8.293314388664742021e-01
6.952218940937743286e-01
6.869599826541903376e-01
7.127460679472455984e-01
6.631614980539360937e-01
6.615699434587213323e-01
7.011620461376942837e-01
6.830549196279337432e-01
6.928735240771071169e-01
6.855671168871030341e-01
6.949154711969340870e-01
6.486712897277890910e-01
6.676372871590862124e-01
6.571062341178636190e-01
6.836853699453883104e-01
6.305948972765961225e-01
6.446634546639403718e-01
7.631108925503105045e-01
6.499606107463612448e-01
7.081806386994419222e-01
6.759032013445146481e-01
6.846065170104065345e-01
6.712355619591566791e-01
6.689862693617456557e-01
7.242025256392237154e-01
7.022508297662044541e-01
6.646742568862975542e-01
6.831132069696019826e-01
6.602160559924634686e-01
7.145077923424475452e-01
6.900455090579452611e-01
7.457952699498958671e-01
6.628827883640984187e-01
6.896002632618173367e-01
6.782879533793454430e-01
7.232094681820715465e-01
6.480408408620238481e-01
6.222116855956895121e-01
7.028396013632899342e-01
6.986989007922148609e-01
6.813463994008257529e-01
6.571343189622491643e-01
7.687369052870817177e-01
7.014385784594190376e-01
7.223511456326235924e-01
7.105264499507523146e-01
6.469046014838675251e-01
6.549626963494231680e-01
6.680038220493326184e-01
6.759649767397809539e-01
6.856910216138236702e-01
7.264690603709209604e-01
6.904707642381420207e-01
6.860781531016274526e-01
6.749147701250297615e-01
6.745793810538792679e-01
6.604014882179346513e-01
6.628540922955807879e-01
6.528373794190606150e-01
6.776538319231377727e-01
7.346256213534499979e-01
6.884456669332287282e-01
6.495280799933811355e-01
7.131057437837258206e-01
6.325070267160377568e-01
6.791890546427593600e-01
7.326097794716636136e-01
6.898630902943699850e-01
6.608762643054674202e-01
6.605441998296095463e-01
6.848914708410771546e-01
6.561623111210620474e-01
6.726467100835974433e-01
6.672087568324712725e-01
6.736585815552195156e-01
6.994455597707674999e-01
6.829690093325447853e-01
6.887910270884924913e-01
7.083608651842395743e-01
6.181176988588544807e-01
6.898781744879785016e-01
6.632330795389349554e-01
7.029811619974807302e-01
6.680411053438456426e-01
7.237615679116190526e-01
6.970641849226628661e-01
6.847490633759575340e-01
6.840958789271990304e-01
6.760852399173660210e-01
6.916331755103227730e-01
7.391315925497542461e-01
7.047361469638939724e-01
6.671029075025448618e-01
6.844023343981814334e-01
6.486064947446797957e-01
7.108366804488134294e-01
6.461779612882216917e-01
6.832027512802424374e-01
6.892602721211912309e-01
6.483554393618610190e-01
7.031692788752961221e-01
6.910939294236384534e-01
7.016341799451392136e-01
7.074771333549779717e-01
7.173335187855252038e-01
6.879690190313375586e-01
6.726664526203585126e-01
7.291384872369947034e-01
6.997118309505460099e-01
7.368721641971558434e-01
6.615141797161531168e-01
6.719480382061967516e-01
7.080788076521608021e-01
7.438171064331698945e-01
6.819424533590111581e-01
6.771353892670072261e-01
6.935853663512236977e-01
6.843171665848388763e-01
6.582796171788548589e-01
6.920252170410460257e-01
6.831684046728154769e-01
7.084654095597056056e-01
6.676770575927076790e-01
6.794216564722365126e-01
6.768078227205056585e-01
6.865003759233658798e-01
6.598741878841809516e-01
6.367025470628671080e-01
7.107823556763387396e-01
7.040198891908939771e-01
6.510508881306168449e-01
7.112275501744248496e-01
7.648327281368494379e-01
6.280012718485645795e-01
6.853782083092503363e-01
6.703055085609411767e-01
7.986912604201458210e-01
6.697947653959240855e-01
6.918990595052960657e-01
6.913289355768572619e-01
6.898693219233279494e-01
7.181137388435496760e-01
6.586296121030835726e-01
6.624121851452384746e-01
6.494746159143673925e-01
6.983414319380167878e-01
6.793226462605088667e-01
6.754787510481200519e-01
6.305517255209576177e-01
7.246729899398965946e-01
6.834299538922227191e-01
6.901419345521139226e-01
6.824616753212852105e-01
6.681014384055403710e-01
6.486708491205254168e-01
6.669061404234213342e-01
6.907155274415620605e-01
6.995963273035543661e-01
6.937209374288327846e-01
6.902155123292968986e-01
6.513741106660605462e-01
7.512109734675833650e-01
6.837699708429868517e-01
6.684307450768809389e-01
6.693298353493065678e-01
6.525390044260781508e-01
6.826511456405236489e-01
6.982320777354944497e-01
6.901371529673777649e-01
6.543314811367458850e-01
6.964820140293729311e-01
6.029669341389892745e-01
6.593372610845088522e-01
6.322468058032079119e-01
6.964415571518355330e-01
6.636846614287139623e-01
6.740126001963391289e-01
6.914074730773078770e-01
6.886946506626556719e-01
6.427666891612128230e-01
6.687025549845655448e-01
6.847372491533100236e-01
7.143696891217449219e-01
6.761478501351710912e-01
6.869616016415955873e-01
7.170127791774892900e-01
6.741275842234752957e-01
7.027330970962321066e-01
6.797851560855918684e-01
6.473746088431061585e-01
6.501185420247114211e-01
7.201604257754438132e-01
6.830758186541548982e-01
7.642380499262706461e-01
6.908290415031558274e-01
6.796405136865375507e-01
6.980647336820555715e-01
6.382515840755185188e-01
6.945748261029075499e-01
6.366954443594012858e-01
6.522335445036467894e-01
7.025470148308429197e-01
6.825509186082023838e-01
7.327050908074510538e-01
7.186331605248686971e-01
7.075107779016607257e-01
7.187529349578763993e-01
7.201514168363433166e-01
7.013561789114119982e-01
6.829868155364593463e-01
6.756331611469271747e-01
7.114712963324940631e-01
7.410244490455103472e-01
7.768404639876669293e-01
6.706911201778210652e-01
7.120325001066926118e-01
7.009233965596678440e-01
6.874941185943496125e-01
7.151092546074963030e-01
7.098365780194658692e-01
6.453377387416446842e-01
6.787401552554737094e-01
6.261078365221112163e-01
6.194722041337038521e-01
6.699859269597320255e-01
7.176299752821779787e-01
6.841343807027914226e-01
6.835774383300833312e-01
6.889725313276849894e-01
7.267157224488941525e-01
6.863132236425796284e-01
7.113069516163563755e-01
6.222381366517441004e-01
6.911322761521696556e-01
6.739984662432839668e-01
6.773973627793655750e-01
6.494993155507228222e-01
6.142792811210768811e-01
7.117492010768370347e-01
6.948493288804024060e-01
6.786364128187326594e-01
6.880158002055487554e-01
6.741779511069699860e-01
6.387236520927300765e-01
6.664020190760030493e-01
6.278359122064648412e-01
6.883419048667356321e-01
6.455906794090600087e-01
7.657683690212464533e-01
6.849726059449041671e-01
6.769181292922404891e-01
6.919262261362116861e-01
6.683996387822078722e-01
7.031706253258893646e-01
6.560567630568842068e-01
7.113089818395694763e-01
7.215560612890989933e-01
6.592279852509678184e-01
7.147592929594144273e-01
6.889976658183908365e-01
6.297207995555397231e-01
7.520300406465164622e-01
6.170338220023401377e-01
6.649416462683608309e-01
6.700467091238458961e-01
7.398831409866655218e-01
7.263563693178596292e-01
6.874668177142593262e-01
6.411795973040401719e-01
7.405256234340281685e-01
6.232032653760750662e-01
6.802352912627868120e-01
6.578660381372705146e-01
7.128761130281233704e-01
6.709913933921017870e-01
6.605898896630204575e-01
7.100006633153576052e-01
7.528642063722107425e-01
6.999044547840782560e-01
6.641256127183271518e-01
6.858563125229721891e-01
6.568635980917353345e-01
6.630751444486504553e-01
6.935566361887876008e-01
6.614180847552161291e-01
6.801461960594344935e-01
6.699308404172718001e-01
6.795075894847339981e-01
7.280045461970742204e-01
6.324806929530288890e-01
6.739040928484172355e-01
6.516519439623387200e-01
6.998074387120888362e-01
6.955260762002760666e-01
6.720765328826293628e-01
7.120861407646437158e-01
7.224308826154912655e-01
6.683606955998135923e-01
6.806704210275263955e-01
6.927786297768699919e-01
6.785717324984864574e-01
6.861159685086286597e-01
6.831262722614201977e-01
6.825866221236558395e-01
6.806460160458792652e-01
7.537212868449087999e-01
6.426133014254935549e-01
7.115316551665550326e-01
6.972904515595236274e-01
6.661883845485198075e-01
6.925463268160779728e-01
7.098759135803717202e-01
6.732722282300726002e-01
6.847965760011393010e-01
6.846034155541523836e-01
6.845646456311511585e-01
7.126336489377361749e-01
6.579535241560163783e-01
7.261866394650089429e-01
6.877626319006753253e-01
6.910042802753398883e-01
7.485622573238566169e-01
7.109041433696248191e-01
6.801714081557377334e-01
6.207294209095067794e-01
7.083820429367929661e-01
7.270964376533036733e-01
7.225451962893731928e-01
6.918624724410915583e-01
6.944079214506891917e-01
6.751909022516534575e-01
7.076419709515864298e-01
7.323815640388677828e-01
6.636224026636760032e-01
7.180194157831252255e-01
7.315070204591537228e-01
6.798263964270545578e-01
6.937416666864031356e-01
7.729785483193665208e-01
7.214582414516869102e-01
6.923750595055223611e-01
7.115949884294401340e-01
7.047598003282095069e-01
7.001767289943193751e-01
6.851616474039220472e-01
6.554822846279891868e-01
7.146176902334312464e-01
7.212355488473074505e-01
6.879134963799959923e-01
6.887831064601392939e-01
6.820767205820668089e-01
6.955405427124768947e-01
6.708469921972145533e-01
6.931759440436913167e-01
6.924031881210519490e-01
6.825669457178763500e-01
6.889235444333448033e-01
7.036691312401210929e-01
6.977148006883907572e-01
6.844772390961052499e-01
6.705570108354313996e-01
7.003636240009681879e-01
7.463952641736182336e-01
6.526507600694204658e-01
6.866613542910341428e-01
7.304457238240156247e-01
6.335037391582785116e-01
7.242584752525952352e-01
6.806155335816158614e-01
6.763669232052289537e-01
6.927113583036175193e-01
6.860803210989371292e-01
6.449465571945984799e-01
6.863732815884144856e-01
6.620322762249709614e-01
7.265538886619259396e-01
7.454966974378848255e-01
7.120392357804122829e-01
6.729108934443877033e-01
6.981345541789719666e-01
6.896073969587034336e-01
7.556021380359583262e-01
6.830221646096367172e-01
6.717864614165161008e-01
6.900352336035515677e-01
7.087663962090466896e-01
6.587387138502950323e-01
6.546114036958573523e-01
6.714504438663251307e-01
7.409265494374248640e-01
6.862324814991357380e-01
6.959890028342252677e-01
6.598329662499593518e-01
6.929473572033444384e-01
6.769149007663283202e-01
7.120860990040932537e-01
6.479760883516720860e-01
7.174297309784174459e-01
6.669422474187408634e-01
6.822409479802118426e-01
6.850290842297036553e-01
7.700076623537571718e-01
6.629147728008309981e-01
6.971623204154518971e-01
7.085213167500580278e-01
6.886049665718484425e-01
6.696381223741928457e-01
7.011682435794249768e-01
6.898272773134848102e-01
6.996440608901286495e-01
6.586069511077651262e-01
7.160030850580401118e-01
7.066121387252897179e-01
7.634732068638988567e-01
6.668706023536804528e-01
6.846938180895359993e-01
7.003104492363840805e-01
7.204995859227166788e-01
6.527035885798833093e-01
6.600449394065421860e-01
7.047432437388787552e-01
7.175869287448560785e-01
6.445486042949996053e-01
6.461776736137380128e-01
7.470839047798624177e-01
7.507915425600073522e-01
6.759516087000979612e-01
6.390273303791880188e-01
6.419355317176193010e-01
7.164386612716735492e-01
6.373465175075634370e-01
6.771603327874032852e-01
6.325038063018649792e-01
6.867043130702172871e-01
6.989203914090299508e-01
6.707693135627404990e-01
6.518862871653799962e-01
6.906699117128737297e-01
7.179821849161188707e-01
6.343755179198492522e-01
6.399010087102697808e-01
6.642420593751311442e-01
7.057675916376161540e-01
7.059937456800839950e-01
6.749773545164559074e-01
6.790616224918203381e-01
6.604779927386523752e-01
6.708081513186335831e-01
6.767688366166190184e-01
7.468188163790435707e-01
6.658287925525575579e-01
6.750738580545975198e-01
6.874926103408073308e-01
6.762529237680228178e-01
6.665756337942650989e-01
6.515166277735907618e-01
7.221360131406995286e-01
6.770517018846623492e-01
7.292306828945037678e-01
7.580452162673276817e-01
7.747653774094277468e-01
6.747541713113655026e-01
6.746779262157079904e-01
6.675941219685445072e-01
6.420372684332947832e-01
6.650163825814215945e-01
6.885667379581569270e-01
6.813966115011473867e-01
6.890819305330434519e-01
7.336590661554770465e-01
7.060726424398683365e-01
6.891827876179256185e-01
7.087880860506995395e-01
6.976900703125809011e-01
6.575888437830719191e-01
6.809636919080109818e-01
6.784895500239936927e-01
6.782183484255788208e-01
6.437177887128348042e-01
6.773614358323082341e-01
7.264440008225485634e-01
7.261600676128493470e-01
6.992690623610275935e-01
6.734633268236804859e-01
6.687172383224991856e-01
7.049352732896343454e-01
7.496261266508648102e-01
6.995360349971199154e-01
7.542208821392478724e-01
6.909269216548250547e-01
7.142263301367437478e-01
7.118094794750547960e-01
6.079987586707824576e-01
6.796119336024012414e-01
7.606685255170938520e-01
6.865293874417006670e-01
6.202809912695766981e-01
6.820032914205159669e-01
6.380810361026854061e-01
6.846692922093722267e-01
6.911810281243747633e-01
6.291132629745943561e-01
6.490691243548090128e-01
6.810798243411232411e-01
7.084952820130133722e-01
7.560954610252355046e-01
6.691557273838184550e-01
6.703307467784980211e-01
7.192346653221198816e-01
6.060079175947049590e-01
6.888373060457984032e-01
7.111298068288633978e-01
6.811528254808311145e-01
6.509882879890046548e-01
6.819228077531492849e-01
7.947672692324021515e-01
7.410720149574181459e-01
7.037308976409825112e-01
7.071448471988238671e-01
6.596640980161816437e-01
6.907803175068122359e-01
6.785513016829024524e-01
7.221906840073151201e-01
7.133247327727583187e-01
6.817351160169048407e-01
6.541013861118800676e-01
7.555816733498760263e-01
7.066395011384529745e-01
7.190066242768392568e-01
6.890915430099725514e-01
7.018539397584088180e-01
6.653578630554383144e-01
7.057049584247089280e-01
6.506931102366193542e-01
6.525477347285089103e-01
7.273278664539217786e-01
6.584988822907621442e-01
6.907975336678503497e-01
7.063603903453268273e-01
7.129543348249606227e-01
7.443273186643092343e-01
6.906038450028963993e-01
6.929995689197668840e-01
7.017471593416191311e-01
6.964597754350769776e-01
6.717159494290152466e-01
6.856621768102391101e-01
7.325902992495548771e-01
6.876278179023884718e-01
6.860409587880188509e-01
7.066147102272872793e-01
6.806498289205490382e-01
6.707975872993342525e-01
6.991111836588639328e-01
6.738790441604520787e-01
7.185994144175502640e-01
6.212013924973773804e-01
6.887134767161264826e-01
6.152144051230545863e-01
6.826603617965751880e-01
7.184637515512992678e-01
6.746510961485059354e-01
7.046427724041736118e-01
6.865622340910416677e-01
7.384975084124896227e-01
6.815276770872320533e-01
6.354195598222835972e-01
6.724840822088683501e-01
6.677087756543351738e-01
7.218730476552644992e-01
6.589717834415900199e-01
6.721617091101049768e-01
6.980480850676151761e-01
6.764675546646287119e-01
6.506019061005193782e-01
6.949098272048495062e-01
6.866000622050368873e-01
6.662926797426984571e-01
6.417517277261577391e-01
6.829563638566527040e-01
6.598181601438807276e-01
7.005445381755159850e-01
6.727445949046271245e-01
7.141505035229924747e-01
6.791221218021543660e-01
6.847140039227026520e-01
7.100105246689091265e-01
6.977413533024616754e-01
7.207056632529248441e-01
6.596566840159616696e-01
6.769833376908499512e-01
6.639547063319661824e-01
6.692047427427652018e-01
6.799417347075574769e-01
6.638521978565793402e-01
7.053705768742194460e-01
6.850816661551680786e-01
7.087801109092196628e-01
6.781183650573363586e-01
6.707952891159556508e-01
6.776406903302303331e-01
6.465942535941573421e-01
7.047795591631357270e-01
6.868798978139766254e-01
6.555814199838588818e-01
6.633437239545001418e-01
7.282897836423768423e-01
7.104836784748719269e-01
6.783487910784725683e-01
6.883296527811625376e-01
6.226847504802280886e-01
6.780433249317642241e-01
6.986201293348152097e-01
7.323084739660901121e-01
7.106872937896113740e-01
6.319738079011972820e-01
6.960221500382903770e-01
6.740281043869437161e-01
6.874586047642076148e-01
6.676627875310957583e-01
6.568764177758384948e-01
6.962254234714686518e-01
7.500409637996479084e-01
7.085115361634851672e-01
6.914424375308798609e-01
6.785879924960768195e-01
6.669233011069742867e-01
6.996641393112579266e-01
7.010454650915870500e-01
6.400425928729860381e-01
6.792002022077636703e-01
7.181759300053288664e-01
6.390722507525324891e-01
6.760660241911852220e-01
6.776153539406823967e-01
6.821754546679827946e-01
6.829050538687090333e-01
6.807040089761374757e-01
7.194748201331627735e-01
6.941772020298220269e-01
6.416651522929348594e-01
6.612989971988283422e-01
7.444203176345554063e-01
6.799894880227371763e-01
6.921618889314121725e-01
6.681713303159780848e-01
7.572655091084099510e-01
7.268520964040553478e-01
6.630757721258271342e-01
6.856415667974328221e-01
6.769356035064079125e-01
7.108688919704442277e-01
6.354273978072504381e-01
6.531670052920749425e-01
6.088166076690039175e-01
6.370222827372611363e-01
6.653552504582911364e-01
6.863691404944560759e-01
6.830818989570647259e-01
6.681512187028648686e-01
6.796193901942189086e-01
6.753619382442547225e-01
6.955189459561913479e-01
7.283988099746644407e-01
6.627245711872965517e-01
6.431369804078000962e-01
7.209051251758116230e-01
6.652192334389880335e-01
6.860057602648091946e-01
6.613328351440994624e-01
6.838219003454940603e-01
7.151934186344731659e-01
7.292386029416109139e-01
7.339984385565843095e-01
6.211599200566249035e-01
6.758379929639575234e-01
6.795624600474683419e-01
6.797496252785456550e-01
6.858111841283839327e-01
6.771511191341480496e-01
6.997135214780088042e-01
7.070573174331974409e-01
6.649285620563248900e-01
6.520054581149544726e-01
7.062817618403447462e-01
6.028652211564532459e-01
7.040372246219601671e-01
7.513475378691766293e-01
6.703618487989394525e-01
6.867197224522652022e-01
6.727148385705659095e-01
6.973038113886446121e-01
7.319075889042738758e-01
6.493143871544564405e-01
6.673866393673489883e-01
6.721534218369796809e-01
6.875048973736164193e-01
6.637606236267675763e-01
6.832036901150345676e-01
6.484977235051335720e-01
6.776991536714774833e-01
6.796674284283051870e-01
6.923207269838589362e-01
6.622863014654505331e-01
6.885915991620827903e-01
6.853934827121888063e-01
6.850726052782114550e-01
6.691807022725294596e-01
6.913115518249969282e-01
7.040773743020942721e-01
6.525098145023688900e-01
7.061536734289008965e-01
6.838400364971336520e-01
6.676766855210665152e-01
7.225374930463615009e-01
6.609238008129416642e-01
6.734377834609451829e-01
6.830944264509567487e-01
6.660412792921529546e-01
6.509046155445956661e-01
6.752231835367811241e-01
6.811957038936317099e-01
6.694463027028123570e-01
6.733052460265408490e-01
7.027730749214847750e-01
6.786714875200595687e-01
6.902337402720332138e-01
7.237391971517411760e-01
6.322922516238761448e-01
6.707666406980200557e-01
7.052335809574664660e-01
6.628427713476969796e-01
6.682791371512921685e-01
6.634721114316678436e-01
6.703870753009163463e-01
6.728474611091765922e-01
7.141858512350426347e-01
7.691651176184287619e-01
7.290067037813430240e-01
6.842925814323191913e-01
6.985053238076152082e-01
6.757249156686747638e-01
6.732499273655653260e-01
6.752823492314600218e-01
6.920107193435045545e-01
6.136596901938711213e-01
6.657547336491802525e-01
6.566253211731766237e-01
6.949636807002530503e-01
6.556232947566410507e-01
6.836484816342424109e-01
6.923613066846586728e-01
6.787369123166108187e-01
7.013624308572361521e-01
6.804692898215863872e-01
6.933360381175045495e-01
6.752024517252257496e-01
6.800229064843944515e-01
6.866359981095503384e-01
6.896871023943972334e-01
6.336326432146627274e-01
6.716834007287324493e-01
6.726480786624723374e-01
7.192696549828806463e-01
7.131837326874158611e-01
6.692403158439969024e-01
6.627433859525710957e-01
6.645177911538441284e-01
6.771259019807182034e-01
7.452039179109467559e-01
6.736991814024381187e-01
6.962281862427501800e-01
6.441618937255447763e-01
6.781102552868764066e-01
6.691980723336804493e-01
6.685637195367162278e-01
6.803170279010336552e-01
6.838507948223487842e-01
6.812819036831795350e-01
6.745365496361064306e-01
7.138769205548781693e-01
6.745520627315456652e-01
7.053394725590630410e-01
6.866571328245809624e-01
7.400567153750811089e-01
6.686424917911246713e-01
7.297656821169106189e-01
6.857967746364858064e-01
6.815575994849550900e-01
6.826230331348992486e-01
6.730056492108316135e-01
6.890856413354863319e-01
7.049991826146392304e-01
7.426255247003916704e-01
7.173777688738361968e-01
6.806101152832259027e-01
7.084674565071181762e-01
6.698615672215937344e-01
6.640973953831635912e-01
6.510537418214642491e-01
6.905821358016307476e-01
6.470743212507756859e-01
6.947544665867959601e-01
6.859665235558588536e-01
7.235172568878657229e-01
6.861920567678893024e-01
6.726892132056608853e-01
6.661177417702009995e-01
6.759557080897601322e-01
7.060778869458430584e-01
6.770669396859053668e-01
7.012786750048837225e-01
7.445675116576863095e-01
7.655803559644746015e-01
6.784923202922362728e-01
7.181400739744187023e-01
6.811373084469851680e-01
6.863992476240808882e-01
7.193078820444840371e-01
7.188905983112779952e-01
7.439043415750560273e-01
6.929863936241836830e-01
6.701273446095395991e-01
6.729592462106320783e-01
6.833905783666557321e-01
6.932201608975580021e-01
6.506966219393865991e-01
7.054423287166852186e-01
6.673853442909294387e-01
6.831048842658228315e-01
7.083221325340077756e-01
7.216949404037681370e-01
6.837899945543588487e-01
6.825061821428115572e-01
6.988828184481096217e-01
6.891920928842120153e-01
7.060626076984618527e-01
6.806043603764203587e-01
6.846052467321109836e-01
6.931070210689376232e-01
6.753279409198529315e-01
7.076573779491632799e-01
6.617953898875881258e-01
6.795346301708775627e-01
7.167749943261665369e-01
6.912792044434353800e-01
6.908707715417389261e-01
7.015403918056020149e-01
6.771022835947304586e-01
6.944125467199118162e-01
6.526333561070344347e-01
6.791568373546269521e-01
7.303427121939899402e-01
6.272817202474241238e-01
6.699121794569850019e-01
6.616631278947364692e-01
6.793078411242700065e-01
6.558301281898509805e-01
6.931456845826938773e-01
6.625337586972187554e-01
6.390813975831487470e-01
6.675180723475532263e-01
6.922026897424753411e-01
6.803232033445381077e-01
6.615233893069870641e-01
7.393095097119212200e-01
7.253428277422098169e-01
6.729383881666672895e-01
6.764443809033243715e-01
7.137582057537277258e-01
6.865175074537742672e-01
6.570989084269153180e-01
6.714548918988897386e-01
6.752815913387689717e-01
7.132319169021084093e-01
6.883051947861135167e-01
6.672333937735080989e-01
6.701027273535803408e-01
6.435033715334048665e-01
6.674947277278788782e-01
6.810073279916925015e-01
7.141757148111972375e-01
6.955711646820237348e-01
6.814882356372656824e-01
6.927734602949188192e-01
6.771589859727725758e-01
7.148141716794317313e-01
6.910950490126471779e-01
6.609172639305785912e-01
7.200995049426190953e-01
6.654083448527359224e-01
6.796197156487829849e-01
6.594161504208219116e-01
6.829737046829703617e-01
6.427428869299159908e-01
6.570683508401226058e-01
6.808655334629267752e-01
7.123836428885527150e-01
6.696578707034492872e-01
7.270946006693055352e-01
6.827959398811834779e-01
6.585166731450048383e-01
7.041729111451108247e-01
6.575211875778755877e-01
6.688584925374910783e-01
6.564488232535098389e-01
6.802132883785495521e-01
6.986507657108157465e-01
7.146856375488518376e-01
6.826438201587936572e-01
7.310611527518702246e-01
7.086742169302829852e-01
6.894839039231707156e-01
6.863072315490738040e-01
7.191258521943449944e-01
6.987730042993960389e-01
6.717593078917046823e-01
7.382259961117436653e-01
6.194304977192576223e-01
7.104469650868988628e-01
6.979641683063572133e-01
7.431000541914315471e-01
6.895276531905426554e-01
6.782038356760868858e-01
7.151897071294381902e-01
6.689530626172306427e-01
6.988349007601414309e-01
7.085933988260356697e-01
7.842339587760146502e-01
7.093492276648781791e-01
6.682984861279034350e-01
6.924843270510577797e-01
6.561226687605309360e-01
7.327472599896173167e-01
7.239520156845197230e-01
7.294473140332151662e-01
6.840630717139474237e-01
6.823003337977123772e-01
7.031371879465068142e-01
6.830378097933363923e-01
6.880855502641640697e-01
6.621007164851696603e-01
6.750102973025547959e-01
6.639398940468596022e-01
6.581788692104147964e-01
7.594519210088929162e-01
8.125091195634720487e-01
6.778964638335809312e-01
6.516338249628667034e-01
6.852935277145190129e-01
6.731197833574816825e-01
6.906547206583844023e-01
6.639956837603304685e-01
6.724935086769107118e-01
6.886190835047697467e-01
7.467329009560113029e-01
7.090430024526408470e-01
6.816099491820484246e-01
7.254413865297403285e-01
7.110394666610364567e-01
6.576500064324188877e-01
7.170541416784663724e-01
6.915794149929742618e-01
6.820859875220430801e-01
6.856311995803392456e-01
6.483147309122404556e-01
6.724361243370701180e-01
6.877742208941937108e-01
7.461873399420374531e-01
7.878215950735244499e-01
6.577223015110633675e-01
6.894427576009710679e-01
7.294073392194718730e-01
6.662669763135852241e-01
6.528096817959533338e-01
6.954919556321065288e-01
7.333108853448206954e-01
6.887622035493912165e-01
7.302666923478351446e-01
6.714603662093905356e-01
6.891173171581004286e-01
7.290503752422367034e-01
7.545013396907779279e-01
6.847414935926635637e-01
6.858884470253876486e-01
7.052459659307901418e-01
7.026728911816548795e-01
7.777385552204133523e-01
6.921892464383240240e-01
6.915490383299666144e-01
6.578422151004690299e-01
6.915558870455584817e-01
7.067729722335620579e-01
6.716660405423048319e-01
7.493511287038675528e-01
6.479299182475972696e-01
6.357626337338454503e-01
6.858043877482707940e-01
7.147541833315836923e-01
6.644394606283109406e-01
6.680177802095873529e-01
6.612170824306995431e-01
6.858402178921304548e-01
6.579679799335635959e-01
6.578806853791099307e-01
6.924546192006387768e-01
6.992906310526949554e-01
6.877740243065902925e-01
6.386995441052154554e-01
6.514025553677919023e-01
6.606502340169827514e-01
6.875560285632384971e-01
6.773442172687339502e-01
6.607855499491290807e-01
6.623270638734363169e-01
6.889431519750811583e-01
7.418156637286438260e-01
7.247237830111853407e-01
6.908077007795204727e-01
6.684925650825824794e-01
6.945867025820354757e-01
6.926598655019464701e-01
6.954599455279496523e-01
7.023502368724227063e-01
6.741254436519468207e-01
6.597078189314009578e-01
7.155798930600493213e-01
6.917084409705771542e-01
6.783108398524916316e-01
7.298906171325330039e-01
6.878103867260617621e-01
6.718863931213108209e-01
7.261916503664701539e-01
7.096023217273673689e-01
6.350095781605430423e-01
7.021554444011246510e-01
7.135697483359102478e-01
6.922942181093857394e-01
6.311871142207546859e-01
6.755567946838123561e-01
7.058368955024241220e-01
6.807115619623912428e-01
6.973014689196849192e-01
7.298647010788541500e-01
6.429513308901350088e-01
6.871553095621472096e-01
7.445642359712957292e-01
6.489171516750388280e-01
6.714805378262456159e-01
7.096411152617480012e-01
7.828228936608437882e-01
7.219893396346752645e-01
6.798464555505836504e-01
7.094772290703987849e-01
6.625501361706460646e-01
6.895102140960136516e-01
6.499012237322800978e-01
7.039095894393978536e-01
6.823626045321415923e-01
6.708594251504376160e-01
6.829674425633861512e-01
7.154505499747731978e-01
6.832715467352947769e-01
6.847518357443300729e-01
7.137535237668740651e-01
7.110030865471919093e-01
6.918546510606236044e-01
6.639371263532876100e-01
6.785074295558034541e-01
6.541073797745230456e-01
6.745092235218965726e-01
6.678780893728561985e-01
6.944508640834564650e-01
7.136892595931784156e-01
6.965938068021011453e-01
6.699441640386923913e-01
6.968842438128360905e-01
6.612829750284453523e-01
6.713160952465472286e-01
6.787623978511218015e-01
6.990221304878176944e-01
7.411495273972581455e-01
6.765827150540726365e-01
7.063807415643976739e-01
7.153099131994462567e-01
6.411736949899732307e-01
6.657940910899228237e-01
6.818205332645006500e-01
6.590207038384292559e-01
6.583026520183353769e-01
6.672576767257115682e-01
6.639576380331035921e-01
6.955397239314895508e-01
6.991186336217879438e-01
6.667280767274657016e-01
6.662537146534711630e-01
7.108033643963757031e-01
6.779799243710603607e-01
6.346413411534902460e-01
6.918481949951775789e-01
6.630081123434576895e-01
6.607323684231216632e-01
7.228465804739429013e-01
7.162085689962774948e-01
6.907667729522771749e-01
6.512534827569439466e-01
6.767958739912837141e-01
6.987738227418232029e-01
7.004259953291072094e-01
6.559200064727371826e-01
6.927349576673843545e-01
6.949379248719519397e-01
6.806929793012420626e-01
6.306419910951130969e-01
6.782878816268776978e-01
6.918137963199497698e-01
6.596746616367424876e-01
7.063720581274678390e-01
7.012771688764684042e-01
6.745669983408127957e-01
7.099759234290526910e-01
7.605463620416444970e-01
6.850232927440567110e-01
6.968452760699893611e-01
6.692304844240499762e-01
6.439568073271793036e-01
7.145767015616457662e-01
6.715063011959521155e-01
6.777223120011748314e-01
6.808864432237838882e-01
7.378126599137262431e-01
7.020180172455178225e-01
6.670035257213331459e-01
6.940554579752745701e-01
6.935521169199810876e-01
6.639340236777343529e-01
7.261538543640576604e-01
6.611825154587287479e-01
7.870088588039938493e-01
6.551084237852151659e-01
7.003906928631220552e-01
7.126788616717235625e-01
6.541285779265260114e-01
6.941994139927104568e-01
6.499085639077308851e-01
6.963464290403722501e-01
7.135834116958399420e-01
6.711832349799391473e-01
7.214136534995684302e-01
6.790310715516691964e-01
7.179009134958184157e-01
7.136737980377011459e-01
7.354519762795327376e-01
6.634531356317306949e-01
7.339497273678317057e-01
7.172231961331276828e-01
6.190070423876216088e-01
6.757656918008295710e-01
7.128942121175653179e-01
6.623030632512567628e-01
7.141107706767672036e-01
7.008949819516876456e-01
6.278865368985683260e-01
6.882589601621905695e-01
6.651893786463921598e-01
6.873484683616813973e-01
6.640349394370966829e-01
7.751396422324865476e-01
6.814968501388133371e-01
7.154637802811877334e-01
6.590361706398182307e-01
6.660064592159579133e-01
6.460791586417063970e-01
6.821517384743063239e-01
6.992477465696428363e-01
6.624868011866492656e-01
6.478644439844183367e-01
6.584445554967496284e-01
6.881241319313708971e-01
7.015651178178946568e-01
6.891085632652882431e-01
6.802368378646065361e-01
7.333037062348537471e-01
6.600629384699888691e-01
6.989143771037826802e-01
7.079567682837906162e-01
7.041755762806558572e-01
7.002825548504519881e-01
7.355651077415314987e-01
7.355171154687395463e-01
7.732837869576955070e-01
6.830441839163171602e-01
6.885862328451081149e-01
6.858464625422130423e-01
6.821746697493424882e-01
6.409457257418377241e-01
6.947623457033359484e-01
7.042349894985685532e-01
6.600461337470915346e-01
6.721683924395366327e-01
7.700302813235904154e-01
6.801814909770443895e-01
6.733670308322151632e-01
6.935694340762007526e-01
7.110610377333838050e-01
7.188096957681648913e-01
6.493617470424251081e-01
7.048075119197518834e-01
6.972337518004945167e-01
7.353466069105957237e-01
6.607713004947225466e-01
6.534778068522048011e-01
6.839530566886434793e-01
6.961053548870350660e-01
7.187344030295202968e-01
7.073960840168652675e-01
6.777228938364292521e-01
6.735980164066504017e-01
6.989223314374276574e-01
6.911200642680959128e-01
6.673710460649252552e-01
6.817397156323208307e-01
6.894807522585928439e-01
6.965257074950192973e-01
6.742340669650276341e-01
6.760692604887575952e-01
7.818853993939346436e-01
6.765139203928980383e-01
6.814758291320951455e-01
6.774938667788683588e-01
6.965493154399072795e-01
6.689808833164425650e-01
6.817117163148506132e-01
6.344255100358171529e-01
6.810849811246706409e-01
6.837831864684457139e-01
7.238342323667964484e-01
6.868179295877806512e-01
6.749468828843459001e-01
6.636674311327593889e-01
6.704775164711057611e-01
6.610364531701087287e-01
6.322956316304443325e-01
6.696244971727636219e-01
7.554682495623386007e-01
7.370560216427820555e-01
7.118893985263040625e-01
6.975289979544800900e-01
7.392396948723796157e-01
6.608303053843913588e-01
7.290962142363615062e-01
6.712965827698331722e-01
7.000642036488357034e-01
6.306452264271295016e-01
6.820531926095227959e-01
6.943313439880283156e-01
7.199382496632088513e-01
6.596111640579144231e-01
6.870796138569396083e-01
6.914958602892157247e-01
7.323040254145052330e-01
6.679194855670488318e-01
6.806357965652561903e-01
6.337203736963711309e-01
6.443348775089065006e-01
6.752579561920312168e-01
6.784739647068319668e-01
6.839368541966713844e-01
6.772981524951053878e-01
6.765050498076109475e-01
6.324941359737945579e-01
6.902569401714347963e-01
6.896038912440619617e-01
6.594264770412623378e-01
6.445794044956251190e-01
6.665329898247516205e-01
8.092710642807684485e-01
6.575667704801878566e-01
7.442081806586009485e-01
6.412893397610042179e-01
6.614167986952813605e-01
6.936151686320625176e-01
6.637651319241398840e-01
7.161952151948652867e-01
6.817982244398713698e-01
7.097428172299315996e-01
7.177917081986149306e-01
6.593156201967204089e-01
6.373704939444375661e-01
6.987797614206897601e-01
6.526507983693460302e-01
7.414561086807918144e-01
6.971786384972467054e-01
7.514229464586892338e-01
7.235531238484781413e-01
7.199136715594920410e-01
6.652684982304334360e-01
7.175897976773535358e-01
6.820265898330971632e-01
6.824870245989540507e-01
6.759473753701102927e-01
6.987610870328228030e-01
6.791017720419527670e-01
6.891991176722225276e-01
7.185372993001063469e-01
6.837941978526167475e-01
6.677316864571988253e-01
6.733474399693432089e-01
6.974056387704009596e-01
6.686704160594563184e-01
6.806369385793212823e-01
7.292985030005155744e-01
7.113496678308031118e-01
6.956614895254276121e-01
6.738843450311241545e-01
6.781392334310657466e-01
7.468141893069768500e-01
6.788068896031557165e-01
7.008434483479553112e-01
6.644114873750468497e-01
6.470714792230893853e-01
6.301083298349724471e-01
6.597416957742888721e-01
6.678326182135928546e-01
7.125061742237791540e-01
6.969140179331816398e-01
6.745903035559239758e-01
6.768175729740113500e-01
6.851445740563272269e-01
7.346815378055521206e-01
6.414034401459899337e-01
7.306290261454719825e-01
6.537662457951191053e-01
7.294524217443729697e-01
7.280817794932237241e-01
6.674686403891495479e-01
7.246200431634234329e-01
6.914636000545714145e-01
6.999476052032335138e-01
6.694728065126889227e-01
7.034505049956717437e-01
7.576367092637933398e-01
6.648551380865517224e-01
6.586504915323684317e-01
6.553842029837639860e-01
7.201327294699548798e-01
7.089842201594492854e-01
7.045654201155480134e-01
7.216540977434560133e-01
6.993681354162898378e-01
6.866915926467620501e-01
6.841615494885184834e-01
6.605403327778321954e-01
6.353687164080160654e-01
6.231453297070569386e-01
6.516445985573530164e-01
6.689689542003715017e-01
6.889685767206535916e-01
6.759256597842688841e-01
6.731316955360124865e-01
6.977289639043794400e-01
6.555526157233140250e-01
6.594957622542835241e-01
6.709103132672451508e-01
6.682532416589768154e-01
6.790457805856261464e-01
7.279050349422629962e-01
6.936034301996478746e-01
6.792129280590746276e-01
7.073720721693484981e-01
6.814016563355203004e-01
6.691118253976727770e-01
7.101853823739100458e-01
7.549322800744352469e-01
6.546111872740132398e-01
7.146425473103209525e-01
6.897175085687775598e-01
7.088529663026643668e-01
6.650593998651108674e-01
6.432352267894523301e-01
6.592375164725943204e-01
6.984632637555648893e-01
6.814708306378496339e-01
7.083564864958872276e-01
6.911822317846628705e-01
7.092850665324953452e-01
6.133786216167848027e-01
6.858364220043721149e-01
7.162331899234432031e-01
6.740931587986382922e-01
6.775061292749687825e-01
7.028521186064056181e-01
6.841838236441420973e-01
6.847206422091417499e-01
6.655036040823704147e-01
7.283205049655383512e-01
6.703197428955598447e-01
6.488330862398925536e-01
6.928172942762721442e-01
7.094114747980632130e-01
7.019329881656184433e-01
6.840613391238745677e-01
7.128794371608287994e-01
6.728202644832832480e-01
6.897323563676539537e-01
7.225478260937321373e-01
6.718021084385125130e-01
7.247214436671423066e-01
6.839975922648640072e-01
6.564782448353043698e-01
6.437468333513142182e-01
7.453578052797023012e-01
6.957423341687678509e-01
6.746393205426933770e-01
7.108806378566931983e-01
6.826172607308369500e-01
6.898126215896128732e-01
7.050076775577540644e-01
6.921364395237282752e-01
6.619383883202641927e-01
6.954460151803907308e-01
6.648082473478131860e-01
7.479398702555748457e-01
7.955299811224284534e-01
6.597845117332749032e-01
6.813328840649791607e-01
7.213104740941500559e-01
7.074465409317313158e-01
6.649485217541922788e-01
6.949871068258911544e-01
7.279861850621315300e-01
6.445815734169827449e-01
6.627332112393964358e-01
7.211966953805823977e-01
6.575934872438976564e-01
6.606127040090846725e-01
6.913147686889713484e-01
6.563396197321329506e-01
6.978717316967228967e-01
7.581860475041070080e-01
6.371000301840191726e-01
6.717249707363146527e-01
7.287274135858418100e-01
6.977363310352773240e-01
7.243624770402172786e-01
6.630625402390575296e-01
7.259301884745841260e-01
7.195490904433484713e-01
6.727278510816621093e-01
6.994807431130247721e-01
6.657623827622025647e-01
6.302307731942637936e-01
7.075935768224793643e-01
7.190056185499191788e-01
7.004479196809961783e-01
6.430923577539758851e-01
7.066026472405967374e-01
7.094034399190497497e-01
6.890322315161937494e-01
6.774793187752289336e-01
6.822798900694839741e-01
7.118304340494888693e-01
6.671866558983556850e-01
7.009008927974299530e-01
6.322219012858448783e-01
6.856280819855735675e-01
6.200224013737988260e-01
6.470183881008954030e-01
6.515825581938472499e-01
6.826193446763687556e-01
6.891703683731651431e-01
6.888515024540812215e-01
6.830157747312832761e-01
6.871439359169760897e-01
6.862426372789135476e-01
6.530332963409645197e-01
7.020238576258409635e-01
6.872348532715468750e-01
6.914684097367969073e-01
6.468347825831948228e-01
6.857584972413647284e-01
6.697389812400964537e-01
6.668517424119236869e-01
6.843353529398651380e-01
6.775016886108671255e-01
6.863178854810155771e-01
6.709521900744155332e-01
7.018073488514392499e-01
7.046793587470614462e-01
6.324405766837958298e-01
7.090655462858244107e-01
6.501641381119820373e-01
6.480511601175461545e-01
6.953711644654688717e-01
6.353899147741125519e-01
6.569486881255118815e-01
6.396089611961700561e-01
6.877001132016216101e-01
6.859586241124562278e-01
7.088841607861054994e-01
6.906074015696223034e-01
6.928370391486962099e-01
7.049205476464575071e-01
7.034331503236017635e-01
6.985718969222487473e-01
6.770745843624196292e-01
6.959985919203858229e-01
7.127203327943667510e-01
7.415605551795052541e-01
7.547641777899219973e-01
7.190006498659163858e-01
6.908681271858515549e-01
6.842348667520884442e-01
6.466929917217731916e-01
7.249153068933006372e-01
6.873978759863148547e-01
6.657014583966957000e-01
6.421180270852161476e-01
7.087243260004409962e-01
6.854411176028238906e-01
6.503633541372965121e-01
6.890225177983636540e-01
6.936666654587130276e-01
6.778964753243780228e-01
6.647676534648191415e-01
6.596386327619927492e-01
6.758423540490740011e-01
6.956105503615428454e-01
7.086816621649312253e-01
7.316752450853960532e-01
7.333417254056598944e-01
6.471405674351679016e-01
6.862644765157664972e-01
6.278251485093988560e-01
6.215262436773391075e-01
6.432210006742299369e-01
6.700185723200965393e-01
6.942613046764584128e-01
6.736474160859992066e-01
6.724647973463020456e-01
6.764107829838893471e-01
5.844090113927703500e-01
6.846255143549784261e-01
6.861403647756455504e-01
6.845071000793082616e-01
6.935250713257992139e-01
7.061482450650673481e-01
6.339280362801289481e-01
7.318238378042065673e-01
6.696740587872521688e-01
7.164062914309777819e-01
7.447065447375292857e-01
6.448749330098656474e-01
6.749546169855283884e-01
5.621659757516946909e-01
6.897050214175783900e-01
6.557242810885390849e-01
6.508139172775159187e-01
5.942487278257583272e-01
7.023063948517681565e-01
6.910598921105538528e-01
7.111590974494387263e-01
7.398889640234177500e-01
6.923817432930509108e-01
6.791251013487418220e-01
6.733325395770557442e-01
7.169357667020146430e-01
6.661239183509948258e-01
7.072404227703903423e-01
6.692592703915920538e-01
7.435312867836413320e-01
7.536386344821663918e-01
6.987048391343305687e-01
7.193441724334812548e-01
6.759301236994208484e-01
6.826042536387252335e-01
6.732515283416575791e-01
7.160472344196849859e-01
6.898078675005395732e-01
7.625326243693224537e-01
6.805618743732508857e-01
6.821070439497103344e-01
6.674357080115987939e-01
6.707646104867127645e-01
6.717336673690805782e-01
7.013771940701998275e-01
6.470692946439634552e-01
6.743027415327329521e-01
6.481448706464714160e-01
6.463733920541553379e-01
6.475307028231079842e-01
6.418179005964429473e-01
6.881122339918687159e-01
6.989231496960176537e-01
7.257462116627253490e-01
6.616269130319426539e-01
7.006825510577296967e-01
7.102954497565672209e-01
7.169240537247080214e-01
6.898562798042199296e-01
6.751271150046522784e-01
7.833859545262874535e-01
6.799792259543419037e-01
6.704600592266021231e-01
6.881179479853406500e-01
6.832965971645745817e-01
7.083843054479664891e-01
6.544592292079317586e-01
6.483428454483063375e-01
6.817772763154004156e-01
6.893620021024701172e-01
7.211562556974846494e-01
6.132550939734036088e-01
7.243702577434323331e-01
7.170077833866508321e-01
7.094602979301064538e-01
6.756186118451313893e-01
6.669936731549895859e-01
7.168008204400256878e-01
7.412345481036607397e-01
7.179976763081142854e-01
6.985636006438732393e-01
6.881435729528324607e-01
6.892343139721256451e-01
6.835085460988731265e-01
6.781777023087699474e-01
7.046960247464107985e-01
6.697627974450864885e-01
7.687611636518876246e-01
6.860088337540859449e-01
6.493227603675356674e-01
7.116177467188553596e-01
6.854796220554764119e-01
6.347054272790139118e-01
6.867468198487187703e-01
6.780510163619483111e-01
7.369104755570469178e-01
6.710277302123941467e-01
6.851083890605270676e-01
6.600863770887319681e-01
6.745907328967478689e-01
7.024408667596611089e-01
6.938048795869518059e-01
7.400254132476250524e-01
6.836549214672803521e-01
6.835022336204228388e-01
7.031314249935455285e-01
6.677671320488082207e-01
6.604102634110760039e-01
7.010615262498203215e-01
6.516949009092410927e-01
6.808688144076446846e-01
7.222070919674098421e-01
7.089553330292291955e-01
7.642202450923142321e-01
7.024281401865568597e-01
6.585103397830205374e-01
7.066438723761838681e-01
6.731308134748301697e-01
7.219787121722232026e-01
6.691030014777576973e-01
7.678163201821144312e-01
6.792876519680217662e-01
6.751117569490118209e-01
6.358582023542743711e-01
6.518381689335541740e-01
6.949643867008084008e-01
6.847450970170596563e-01
7.061218656597024745e-01
6.544163329403822615e-01
7.398956489683058413e-01
6.810322368555213890e-01
6.911040180592188387e-01
6.919529353854626530e-01
6.351851624218683989e-01
7.050166532911315009e-01
7.010989062389881843e-01
6.880958764697983066e-01
7.005852010227868742e-01
6.679498782204530416e-01
7.531602869036641001e-01
6.548785160418055806e-01
6.753239669980815041e-01
6.701821125431752790e-01
6.709019083017057072e-01
6.871999481973144475e-01
7.762707758391214075e-01
6.398747804738661449e-01
6.894968927350394461e-01
6.415369086176471169e-01
7.078619491497056826e-01
6.473321611824964794e-01
6.990195582787431805e-01
6.959373762537429675e-01
7.071541315026248498e-01
6.509943507009385844e-01
6.742958468118489535e-01
7.106983116165778158e-01
7.026921038058605573e-01
6.977348901944427917e-01
6.980061252520017856e-01
6.564163713844337611e-01
6.381987940925544223e-01
6.780699755760384306e-01
6.860545197901445347e-01
6.840556509241687566e-01
6.658428464152663651e-01
7.172246052689457141e-01
6.881918596485733230e-01
6.804428583817321297e-01
6.933084062158517691e-01
6.612602679359856905e-01
6.946013548674802029e-01
7.118804926931642241e-01
7.426960537581998034e-01
7.131647672025516194e-01
6.757068007041507895e-01
6.642131093278268450e-01
6.878403625237243801e-01
6.987368983667546773e-01
6.591951424407799243e-01
7.120148611657933779e-01
7.158137185785667933e-01
6.799078157099962549e-01
6.684393110763630075e-01
6.669634691645428548e-01
6.564001612849742484e-01
7.147082448927671861e-01
6.822475464331999584e-01
7.272995066595040470e-01
7.760883986424750303e-01
5.980367906513999188e-01
6.712760536799571298e-01
6.775514575438555953e-01
6.639836000204319966e-01
6.478180249303415739e-01
6.880276771128536195e-01
7.149104556450527337e-01
6.590340187515594250e-01
6.504754868137636592e-01
6.927732587209328718e-01
6.582225656539827385e-01
7.312324403981298460e-01
6.976532768553088681e-01
6.561725435917588056e-01
7.180103955515533265e-01
6.521357563584589956e-01
7.079091525290382991e-01
6.556636533310926662e-01
6.668889998555039833e-01
7.335950350612238102e-01
6.749417369301160541e-01
7.092840151890327238e-01
7.057175615130323321e-01
6.842788757833384583e-01
7.144549910023627604e-01
6.677870229747936426e-01
6.726216512903167022e-01
7.505907904699579136e-01
6.006853821735506083e-01
6.722975193749068934e-01
6.634384629226318664e-01
7.676542715752940893e-01
6.923292059937166121e-01
7.062870940880027204e-01
7.528745694608192096e-01
6.536171090833929886e-01
6.719608426335849094e-01
7.102465680612044530e-01
6.961829257319913644e-01
6.859250411674254755e-01
6.996516276608103491e-01
6.905162806059584879e-01
6.615818292787531973e-01
7.263678326066379531e-01
6.924124992148864566e-01
6.577570039664020207e-01
7.454421950898114657e-01
6.404769621526745782e-01
6.833444853301076094e-01
6.910027293822207373e-01
6.594054027583954314e-01
7.128419069377837092e-01
6.700231819949744594e-01
6.741382150536076034e-01
7.081417048253073609e-01
6.717091644564371355e-01
6.610548895008732107e-01
7.224134812125663219e-01
6.974006114133941558e-01
6.980412382486128609e-01
6.738354479487441706e-01
6.823463378531693380e-01
7.077815871347779009e-01
7.473088371412149877e-01
6.051991279354566045e-01
7.131758233627154553e-01
6.943842886800832837e-01
6.931839399785119094e-01
6.429513225060091708e-01
6.815683026993375471e-01
6.943562790089448100e-01
7.204026140136589040e-01
6.792182245929566653e-01
6.945761362379931914e-01
6.390124424002910919e-01
6.807617257263717248e-01
6.904595838269111940e-01
6.527947734133338065e-01
6.690951440308759990e-01
6.761708140044806470e-01
6.642333526238578534e-01
6.896257510456397233e-01
6.601958443616062766e-01
7.094407850887539668e-01
6.986111909880191595e-01
7.033673693107004299e-01
6.728252426144396559e-01
7.157212601594427070e-01
6.960367651513595932e-01
7.260459497562790077e-01
7.216360202657851053e-01
6.744756441426984495e-01
7.431659143350253238e-01
6.740015676925515953e-01
7.661364662859974084e-01
6.314214982590226066e-01
7.110382171561542286e-01
6.879356356471041378e-01
6.945992622416791162e-01
6.583904639506810152e-01
6.499519268819263784e-01
6.784360618332762050e-01
6.864305011320872563e-01
6.606075087763181308e-01
6.231637777803892275e-01
7.036172689197075503e-01
6.811561222081138345e-01
7.219601683275107540e-01
6.771006600682185628e-01
6.913005460246405276e-01
6.468599098921845592e-01
6.852607742779377453e-01
7.272609987684448551e-01
7.239121156590845318e-01
6.848179514274976842e-01
7.758432424214061207e-01
6.811957630093750105e-01
6.973631684420557031e-01
6.858270430685932117e-01
6.889462152558675223e-01
6.845318876775249306e-01
6.875125064172924461e-01
6.766426340522349037e-01
7.415901774921439538e-01
7.568921711559627452e-01
6.852627409496859778e-01
6.641118452033175634e-01
7.259826842080343567e-01
7.326948214760077294e-01
6.724595835389192144e-01
7.211129307699576385e-01
6.957322062838408039e-01
7.740355183134860484e-01
6.992183424897736588e-01
6.733364724031997151e-01
6.695338151748839728e-01
6.519070241870799087e-01
6.629210338324118545e-01
6.598784591658092280e-01
6.675787758559247331e-01
6.521242052602516104e-01
6.735896773194984810e-01
6.763440031923959594e-01
6.008542081010048719e-01
6.912448102376935744e-01
7.209005933862655535e-01
7.124013937950167685e-01
8.291142352771958546e-01
6.913250550564722374e-01
7.020135226065732370e-01
6.182861995520488874e-01
6.798176854918480672e-01
6.609468495395760534e-01
6.947836880982126706e-01
6.891948577261320930e-01
6.867596777906131988e-01
6.729733472678950390e-01
6.927423090446271914e-01
7.439884838230397257e-01
7.660878440145276747e-01
7.043626990899559681e-01
6.441685710822860900e-01
6.641161366839632985e-01
6.697938079668853684e-01
7.049779716670856455e-01
6.942827569350268346e-01
6.872968561641767948e-01
6.789900741947958451e-01
7.154565844861495716e-01
7.343145035882162608e-01
7.140370517684648810e-01
7.252981878255353454e-01
6.760593993978719629e-01
7.006632810522152033e-01
6.580460197057742544e-01
6.674689942059972569e-01
6.841445073473488847e-01
6.618084408878313063e-01
6.654276829996309539e-01
6.824616941268880632e-01
6.745341191380508361e-01
7.356052006906974583e-01
7.357307615014542224e-01
6.925101839068745768e-01
6.957572480083132893e-01
6.690250576027323426e-01
6.513492962526216123e-01
6.966785203727986486e-01
6.934022025668252764e-01
7.011734564597462693e-01
6.734819688166775453e-01
6.743976782454377261e-01
6.716832618680544931e-01
6.410894887403436604e-01
6.486970962247178285e-01
7.464874446021581011e-01
6.930445830440808974e-01
6.664776556858532652e-01
6.880086923857126058e-01
6.896522542741262418e-01
6.779550735519591642e-01
6.905514662432591377e-01
7.640453395515059976e-01
7.001345086862863498e-01
7.244158100362652064e-01
6.794840485299578070e-01
6.590601889462104346e-01
6.799671786263264961e-01
7.414012687184206030e-01
6.957347347714263330e-01
6.962388311883649372e-01
6.850821958947828083e-01
6.966440908465055815e-01
6.946383193412621893e-01
6.968044520634353312e-01
6.730547585531565513e-01
6.576161263075377406e-01
6.915751529435488765e-01
6.682911027038245244e-01
6.692819423158139491e-01
6.755013847397937088e-01
6.559520996781513791e-01
6.608285299415652680e-01
6.719328032489754188e-01
6.694918996040892800e-01
6.196163243362003969e-01
6.698027119332464752e-01
7.084719331952852306e-01
7.604756142542267172e-01
7.268359167738657201e-01
6.544541799613959876e-01
7.000923668668139754e-01
7.014571244989465937e-01
6.754733302081374902e-01
6.740850919710842382e-01
7.413000211987692545e-01
7.046696015835095528e-01
7.011485078853492148e-01
6.091756319258385677e-01
7.098881892552046935e-01
7.231854142261283647e-01
6.392874724700537969e-01
6.760932170923448226e-01
6.848815471294713575e-01
6.875672813406682460e-01
6.722659475967583953e-01
6.719988521723716524e-01
6.386519211632339932e-01
6.587619615156116160e-01
7.454074664575442988e-01
6.471011669041631942e-01
7.432397338743327309e-01
6.454378938115601372e-01
7.009576152995581344e-01
6.839261820560719185e-01
7.374555307271801752e-01
6.786425749664796170e-01
6.631129716603826330e-01
7.091144266120509299e-01
7.010377307665075497e-01
6.982841487497420951e-01
6.764114793673217108e-01
7.156672048403150965e-01
6.749041726197727575e-01
7.074044759311345354e-01
7.174711469706468447e-01
6.684310913839733859e-01
6.369728222510600002e-01
6.626810697434767361e-01
6.586862281675708308e-01
6.550305819024091480e-01
6.761932644586680086e-01
6.909883993564721605e-01
6.794381364843348203e-01
6.653703140759960055e-01
6.462508720556976449e-01
7.262448260118926635e-01
7.051980933394376150e-01
6.732273266909656328e-01
6.726465762085540590e-01
6.590385227062725004e-01
6.749501678400132709e-01
6.923922143565426346e-01
6.906286372948530206e-01
6.489531896796916222e-01
6.907005596182070883e-01
6.974690081925011276e-01
7.104499109552703251e-01
7.016019772140852373e-01
6.370952357168345737e-01
6.954304262710526707e-01
6.931019846600131595e-01
6.961956000022836433e-01
6.538006085920334831e-01
6.627994819766670487e-01
6.398520640340620291e-01
7.133897504337096684e-01
6.689167932165274166e-01
6.840183000684616488e-01
6.880174582773239678e-01
7.173194049434838959e-01
7.060878961020086164e-01
6.845530954841240190e-01
7.068821732063046426e-01
6.993799454172558994e-01
6.665361574937713751e-01
6.399074810422771264e-01
6.855447931542593132e-01
6.738346978171468882e-01
6.664816607530207326e-01
6.796932556670652881e-01
6.904341770517055110e-01
7.057206412533635342e-01
7.020456401558368142e-01
6.556336517120261442e-01
6.434354199501516325e-01
7.286464519841214793e-01
7.113302078277646823e-01
6.378551133594362321e-01
6.631828333387560503e-01
6.392635797860314328e-01
6.622615359960212222e-01
6.956354697918256669e-01
6.535002841861956568e-01
6.964682992287490881e-01
7.563375074877281001e-01
6.863685944122984717e-01
7.229837998971219148e-01
6.979972972452499480e-01
7.002946018517710591e-01
6.652925709648526142e-01
6.586125487504000953e-01
6.371151004681476770e-01
6.382451232877015546e-01
5.830210626286124187e-01
7.229174663101779474e-01
7.276315197515346167e-01
7.139811084380186523e-01
6.937766756912412403e-01
6.536702075414502211e-01
6.834558930399419197e-01
6.558920008425638271e-01
6.936601547051223227e-01
6.780642785674830808e-01
6.864947694811925905e-01
7.136733722535101299e-01
6.967171298425636206e-01
6.887893816864022467e-01
6.720690488581303468e-01
6.385304709135127821e-01
6.908601881693375857e-01
7.093291686534382023e-01
7.335459913101988194e-01
7.070444686910808407e-01
