6.999880450938943000e+01
7.142924112454223007e+01
7.181014600522367175e+01
7.269298915814039219e+01
6.818016285309886371e+01
6.830484345289636394e+01
6.836178496698688889e+01
7.224132625228530458e+01
7.115482691521657443e+01
7.042729586591701718e+01
7.012918519323319799e+01
7.001238392680691902e+01
6.810826954280172174e+01
6.898690916803415973e+01
6.932501530774911203e+01
7.097534073362920992e+01
7.225796639633539087e+01
7.021191950103525414e+01
6.982972581674826529e+01
7.089567792120406864e+01
7.115824752447893786e+01
6.942052236069494597e+01
7.183487732118119595e+01
6.866653489869796090e+01
6.536746606336703280e+01
7.301070980218904083e+01
7.184954502441146929e+01
7.014256387997204456e+01
6.844391913125755877e+01
6.648945181393310122e+01
7.046658091267087798e+01
6.560311204341070379e+01
7.193716189280401352e+01
7.010735865545800038e+01
6.675232222455315423e+01
6.677603701315740636e+01
6.761347955262630194e+01
6.565338806058656473e+01
6.720556190635142002e+01
6.878291411034925318e+01
7.045356426847411058e+01
6.927195207473481275e+01
7.104947398751967569e+01
7.344288372789490893e+01
6.770756829978881797e+01
7.006084690595112363e+01
7.266299841945202331e+01
6.685358497386134502e+01
6.569106916833348464e+01
7.038817263104598965e+01
7.064223280058521937e+01
7.283588906961989551e+01
7.319164357862258896e+01
6.690455061880147980e+01
7.008090154390262683e+01
6.903955720679721253e+01
7.125751904893226651e+01
7.083542633651580900e+01
7.287683743270412151e+01
6.904665609012532457e+01
7.274048791777947542e+01
7.240338597524583975e+01
6.727553746002107005e+01
6.897143190166553950e+01
6.920513106747836218e+01
6.759520264963271075e+01
7.003835525331439271e+01
6.671804452545831055e+01
6.965294469721284543e+01
6.653855188639295193e+01
7.049495377806617569e+01
6.821168245797416319e+01
7.067610821787084774e+01
6.549044254725104963e+01
6.699031682689829381e+01
6.802084037153863960e+01
6.970355098062992738e+01
6.608230944261393347e+01
6.644154687936770642e+01
6.773881665793160778e+01
7.011538521366632892e+01
7.052699518008735424e+01
6.693659310691757014e+01
6.904399028010546147e+01
6.907353976759290504e+01
7.194285609606576770e+01
7.152026020147599183e+01
6.831578984336439930e+01
7.120153056452468832e+01
6.821566851854245783e+01
7.193054049929544647e+01
7.255273293582843053e+01
7.427050981621825088e+01
7.248115211008450842e+01
7.075581379803605842e+01
7.053139347881450760e+01
7.048270581726465878e+01
6.992244965009393809e+01
6.987085239806879144e+01
6.837994824841094044e+01
6.725275485159372124e+01
6.909835785379743811e+01
6.858220899915635016e+01
6.843108805554149399e+01
6.777666032200252744e+01
6.738157460708225699e+01
6.477948936437582006e+01
6.954576075704054006e+01
7.278023942792229661e+01
6.998967192857966779e+01
7.082481519005555981e+01
6.930085160356726703e+01
6.939901823068873910e+01
7.157355608057213203e+01
6.711266780832407619e+01
6.759856649069016044e+01
6.894390617053210235e+01
7.151649696825484170e+01
6.911527483723521925e+01
6.554131143202695853e+01
7.164679152010765506e+01
6.985260885407997478e+01
7.032677781675752726e+01
6.909009943869519077e+01
6.690447513438363103e+01
6.974786721977247339e+01
7.024123524012567543e+01
7.123008551649937203e+01
6.671984229160678126e+01
6.253364162778289881e+01
6.989266871418305982e+01
6.607113288342650037e+01
7.174974034460437622e+01
6.930100011303491669e+01
7.063960864505264681e+01
6.757204718138689259e+01
6.550634434197297651e+01
7.328851074345863026e+01
6.616721330169028192e+01
7.214793041313822641e+01
6.768191326934388030e+01
7.012869723451683512e+01
6.795140894609937732e+01
6.849427149543799942e+01
6.859356116784064739e+01
7.089215212737208560e+01
6.640500003797482975e+01
6.718383972618292432e+01
6.687267751165929042e+01
7.088854504849444993e+01
6.753260405074695427e+01
6.939631626493553540e+01
6.914798043271861161e+01
6.832718961690861192e+01
6.688343686665696453e+01
6.828611781677025760e+01
6.522639982699200800e+01
7.068812259652096941e+01
7.071167544620534784e+01
7.042297690391853848e+01
7.188771104860576600e+01
7.067240490959734700e+01
6.988999388837569882e+01
6.903771349477804620e+01
7.002848878387352727e+01
6.652816582765851194e+01
6.686341433252107436e+01
7.027603373556297583e+01
7.106353037082160995e+01
6.775711955455776092e+01
6.701700133201524068e+01
7.199838806444753914e+01
7.010221108711328952e+01
7.177501680330294676e+01
7.002453401222479101e+01
6.806286237294119701e+01
6.749128697437065227e+01
6.795517219024335986e+01
6.923892386116499154e+01
7.040308113151152725e+01
6.736050252629894430e+01
7.224812132005541798e+01
6.832274261229335366e+01
6.961201362739529941e+01
7.152429301673760165e+01
6.993056240258431444e+01
7.041806475470683324e+01
7.006757360621966768e+01
7.039980244147896826e+01
6.766044047699057273e+01
7.254043678946452189e+01
7.080611241217432905e+01
7.063670796438368882e+01
6.682212442981143852e+01
6.635989650401941731e+01
6.644743139138677179e+01
6.921517633942963243e+01
7.134538741081072999e+01
7.237574035800365380e+01
7.071283559358964510e+01
6.951843983909500935e+01
7.282690572649759986e+01
7.106306186096171018e+01
7.025129897973809534e+01
6.843776615950929454e+01
6.762839212407861567e+01
6.828305552287997671e+01
6.981266404605111120e+01
6.834388258695145169e+01
7.110895828714568268e+01
6.912939914918808881e+01
6.789662966169274227e+01
6.817306260538715890e+01
6.893603431266748771e+01
6.675194536564688974e+01
7.006862552159944357e+01
7.175890415526242805e+01
6.791622525799667187e+01
6.729322445085097115e+01
7.141530107517822046e+01
7.157043778919936017e+01
6.785941910442464575e+01
6.794057703579670715e+01
6.882429694304418888e+01
6.839056549945179597e+01
7.183316605725389081e+01
7.164967366134978022e+01
6.531535953745429879e+01
6.858617066703946819e+01
6.668555379327005994e+01
7.242320184657086202e+01
7.113280772012589637e+01
6.938727499086368766e+01
6.677110623819396551e+01
6.859702622778155501e+01
6.618831735388783954e+01
6.369779351089382402e+01
6.990937421171601329e+01
7.269826219706023096e+01
7.018731995280799651e+01
7.209603146326543310e+01
6.952332501094559802e+01
6.929935977633545008e+01
6.729578721809174624e+01
6.989083786427747214e+01
7.035398659658696374e+01
6.964346451591666209e+01
7.007447722043552574e+01
6.871685727604923954e+01
6.766873554900820409e+01
7.116667759881471511e+01
6.875375075266742897e+01
6.751197308466591096e+01
6.615832157527879076e+01
6.956130437769462560e+01
7.014368298763611165e+01
7.016480076065994353e+01
7.173056784200289826e+01
6.772844173809146184e+01
6.936059695503782052e+01
7.054195973042524770e+01
6.946552029344054802e+01
6.680046366446043749e+01
6.597827206375163200e+01
6.917025656069576200e+01
6.956466532493396926e+01
7.290328666787416978e+01
6.823849330683967196e+01
6.845957069507389292e+01
6.816724407750618298e+01
7.063454791740457495e+01
6.962052809797891939e+01
7.001150438295437084e+01
7.024394482126510297e+01
7.046246299157196802e+01
6.952035887445130413e+01
6.837205244796746229e+01
6.940772388583090446e+01
6.754355342206045520e+01
6.658035367622260026e+01
6.587337514354703671e+01
6.762627433846103031e+01
7.010003657596861615e+01
6.779648812876300212e+01
6.808472355346924587e+01
6.840689759810882720e+01
6.518819314921150010e+01
7.026146136365832717e+01
7.037398847399828128e+01
6.671341676499818618e+01
7.012629760725793915e+01
7.027395736765524248e+01
6.804440925613712920e+01
7.034261008993081532e+01
6.853023572167222710e+01
6.983980353157224386e+01
6.966149167900096018e+01
7.196371742804059579e+01
6.603936791714485821e+01
6.615642536552154240e+01
6.860223792010413035e+01
6.515216621756772497e+01
6.981522027517152651e+01
6.692887274759328875e+01
6.845738024410457001e+01
6.882102779831107853e+01
6.834858802894626706e+01
6.896439687380885175e+01
6.809957402203201582e+01
6.882549054300469038e+01
7.357033140657958370e+01
6.914703056275385507e+01
6.677035499206805014e+01
6.783461878024073144e+01
6.705088333546848389e+01
6.820024466337113722e+01
6.640504112529815472e+01
6.950413707970314192e+01
7.145094529004344963e+01
7.004688356459755028e+01
6.653448735497173061e+01
7.216698204071967382e+01
7.006847628822794150e+01
6.621632005987390812e+01
6.770222341792481302e+01
6.942118278720641911e+01
7.586745695590079208e+01
6.823678127510103764e+01
6.971474105412995925e+01
6.691582379884792431e+01
6.918732257099146921e+01
6.560306897688082017e+01
7.381079467862835486e+01
6.860815738068576763e+01
6.716536650261106445e+01
6.356120061637734153e+01
7.178694085865474506e+01
7.083395529141087366e+01
6.682999784611197924e+01
6.970313042022573313e+01
6.899575075398747970e+01
7.012681320531864060e+01
7.194617325955508136e+01
6.767194000501815765e+01
6.796236504755948715e+01
6.362342543095940783e+01
6.853566309756860164e+01
7.246931972091209673e+01
6.652538532382988024e+01
7.158316770678474938e+01
7.038682622536369138e+01
7.032606968277144688e+01
6.941059168910115318e+01
7.072654667568041020e+01
6.891381269378267405e+01
6.903430182556260775e+01
7.194830794722705036e+01
7.136256818081764663e+01
6.590395247140696711e+01
7.103029784931302970e+01
6.822592671758432914e+01
6.796809670820741189e+01
7.198846227908799733e+01
7.049425473302945022e+01
6.785876900357773422e+01
6.710846021678072759e+01
6.930952792228927706e+01
7.170946168312832469e+01
7.125675282722698967e+01
6.922590750860835840e+01
6.978413547616081303e+01
6.807104552754186955e+01
7.201054974565636257e+01
6.725699626782207474e+01
6.769444191542432065e+01
7.040240113997757021e+01
6.952174375452715083e+01
7.037247801921601820e+01
6.846157859167777815e+01
6.926049906066648987e+01
7.016007229844220205e+01
7.261346560178789389e+01
7.009734228003469525e+01
6.760232055885876434e+01
7.016892367550676113e+01
6.816739702357561725e+01
7.031800990357743331e+01
6.696792647332682691e+01
6.627968501801865386e+01
6.980079554083646087e+01
6.847528272526929527e+01
6.612087439597189586e+01
7.080762122981141715e+01
6.572135352702727573e+01
6.817422685215994704e+01
6.735487097926042566e+01
6.852992464603930500e+01
6.867574398533577096e+01
6.954655669312606392e+01
7.013389465516361554e+01
7.018219781139572433e+01
6.842733677277016113e+01
6.864613667592871593e+01
7.085275081805843911e+01
7.111269055133740835e+01
6.729945721372529022e+01
7.026223435452043020e+01
6.710612150936057674e+01
7.098751887577658692e+01
6.885161805489110520e+01
6.536711593015920130e+01
7.017308140323197563e+01
7.352815996515469976e+01
6.576119750797667507e+01
6.865158435324551078e+01
7.084060794365792901e+01
6.965309629174420536e+01
6.691440013883921267e+01
6.730004140538670754e+01
6.925546459080977968e+01
6.979759759381016693e+01
6.950249869163386052e+01
7.053063818755003922e+01
6.739101159099362803e+01
7.143785148330553625e+01
7.179396807146682136e+01
7.167723630650807820e+01
6.991682746872221799e+01
6.584366815969448794e+01
7.098544287375911210e+01
6.616541294246097493e+01
6.761475935753540512e+01
7.033505092281417603e+01
7.158013705211470779e+01
7.242604858688470415e+01
7.074509826819738123e+01
7.046931345950180514e+01
6.986079600013232493e+01
7.093544495786690618e+01
6.854885210909841931e+01
7.393854524472325807e+01
6.662137906702947987e+01
6.921348562971968477e+01
6.993363549286823400e+01
7.053620513314956497e+01
7.049663217442883933e+01
7.328473527962471223e+01
6.789465537969229558e+01
6.745540054144431963e+01
6.615011069983989955e+01
6.710546678222456762e+01
6.981140245530311006e+01
6.702603525467399948e+01
7.295750709223744934e+01
6.828861375750167895e+01
6.779346574179058393e+01
7.038291855450928836e+01
7.394521191763057288e+01
6.883441156066993472e+01
7.047963716725217864e+01
7.191719745509702477e+01
7.096505420521950214e+01
6.725722489085066513e+01
7.002080868110502365e+01
6.881224497761225223e+01
7.174352134110945656e+01
6.846930496986465187e+01
6.867885322800998438e+01
6.866593214735252104e+01
6.887176629482952706e+01
6.752778647706188053e+01
6.690294821398960323e+01
6.935688096350060050e+01
6.924853856123750973e+01
7.250889615207685779e+01
6.750356860641696244e+01
6.706074256604287598e+01
6.768502913342973670e+01
7.047284709243569978e+01
7.109908605954665006e+01
6.691584048390632233e+01
6.654800632469495270e+01
7.138710608133412450e+01
6.791999971287509652e+01
6.817261064899402356e+01
7.158672268104709246e+01
6.757316127824771002e+01
7.067845807827784199e+01
7.001471839002778097e+01
6.938248363928168772e+01
7.297526182838802811e+01
7.137489210877134838e+01
7.036790050496141191e+01
7.130067364319803858e+01
6.454728548586595593e+01
6.713507073781219958e+01
7.162835393727789324e+01
7.105861189640101827e+01
7.112783844298579083e+01
7.108634246868491857e+01
7.227916294686725962e+01
7.350656509653096293e+01
6.789515641872654328e+01
6.713463310006811469e+01
6.693515445777526907e+01
7.128336299034552326e+01
6.753650324098728674e+01
7.187969553886614449e+01
7.032401541824411595e+01
6.604505513604654254e+01
6.935808242820081659e+01
6.907546583942657037e+01
7.180977725262255262e+01
7.233878665377628181e+01
7.101484164399229826e+01
7.040568839225981890e+01
6.912013062017715015e+01
7.058245930840209326e+01
6.531104928383459196e+01
6.915488875739836772e+01
7.315426134144411208e+01
6.900303996912606408e+01
6.988003247408639140e+01
6.687746336421388094e+01
6.806600035276208871e+01
6.825265944349197866e+01
7.044602298030336840e+01
7.113347952345201008e+01
6.835523130607663234e+01
7.442850811019948765e+01
6.991165939795490658e+01
6.851154433108676756e+01
6.612407032111265437e+01
6.598469190704884113e+01
6.689734504841976559e+01
6.844855329232960628e+01
7.280835125761777249e+01
7.110145466225287691e+01
7.300872699556541079e+01
6.736633523795691758e+01
6.832676686209018158e+01
6.872179749200697074e+01
6.938412294908617639e+01
7.158997120560583483e+01
7.296710744101923751e+01
6.625418470151312533e+01
6.569830479357646880e+01
6.645624800213607841e+01
7.192811180781603753e+01
6.714389641951979115e+01
7.097668453383001008e+01
6.876653643796930737e+01
6.950723386946161497e+01
7.042548712174173886e+01
6.734850089600632828e+01
7.144702149245151190e+01
6.965647075882111494e+01
7.137649880637792421e+01
6.960138266324420897e+01
7.077824108408495363e+01
7.129406128257636510e+01
7.145067456535132067e+01
6.707454520747064919e+01
6.543892048644312354e+01
7.093409825916984346e+01
7.024288445363652045e+01
6.852355227137432792e+01
6.940580444229576074e+01
7.069294370101187042e+01
7.211379129266808263e+01
7.072340286112704177e+01
6.795208888945020931e+01
6.566361768379437081e+01
6.697798023572048010e+01
6.920258071074914596e+01
6.782594484346510910e+01
6.713532579145592649e+01
6.641388320503959619e+01
6.810129729868427262e+01
6.803228270652057574e+01
7.333064164760283177e+01
7.370312880118905241e+01
7.135938538771080175e+01
6.719021524826129621e+01
6.536407700647330898e+01
6.741344126286554683e+01
6.970668863250479319e+01
6.833945948943217275e+01
7.040890352361910232e+01
6.827312985063925055e+01
6.795442398654729743e+01
7.352059546090811182e+01
6.768071302100121045e+01
6.785085405818041693e+01
7.038139425059597443e+01
7.287656616429714518e+01
6.779997367100821748e+01
7.059466377877147636e+01
6.788059828999473666e+01
7.117491334799078118e+01
6.634533006925313714e+01
6.896223821877848081e+01
6.507303668598370905e+01
6.692368488672100568e+01
6.946011203651416110e+01
6.818406268241713519e+01
6.621936694483994756e+01
6.942456476746100691e+01
7.180357778813220193e+01
7.547296496869238069e+01
6.988121719787892516e+01
7.021661071762045481e+01
7.054245477473654091e+01
6.959989512328753847e+01
6.833036151699121774e+01
6.973078012966897177e+01
7.160477369027915984e+01
6.843412077671754901e+01
6.803960571089342579e+01
6.626636227670289259e+01
6.848886820493521554e+01
6.792095990469304922e+01
6.996042892956083392e+01
7.051973718272043357e+01
7.101159331658267604e+01
7.078089951210684205e+01
7.047018185168280979e+01
7.127358502177811772e+01
6.468725030230265816e+01
7.271404556441704869e+01
6.925834245308681147e+01
6.962184026504014867e+01
7.062483663698483838e+01
7.198492469768441993e+01
7.123280481621888782e+01
6.774443322669088730e+01
6.957847195527293138e+01
6.939141220463859838e+01
6.884833484551015204e+01
7.086163166129963997e+01
6.685757784024167449e+01
7.249920498600731378e+01
7.176326897782142566e+01
6.572019706794540639e+01
6.751460701448138479e+01
7.006999969208432333e+01
7.213502659763940983e+01
7.329824107294297164e+01
6.764316200074469521e+01
6.937607718159375736e+01
7.226242004107027128e+01
6.717126227482555123e+01
7.208572557625871013e+01
6.679311855059336267e+01
7.090147810258869754e+01
7.170081027847751898e+01
7.019131921244124328e+01
6.858876879848202179e+01
7.164940445797162738e+01
6.493554293529199128e+01
6.675759139594808289e+01
7.212183927559208030e+01
6.559973445681521298e+01
6.784372620581608260e+01
6.825369003600256690e+01
6.569196756637303736e+01
6.599307330207571454e+01
6.294433251834316678e+01
7.083724468599022828e+01
6.717592866261509243e+01
6.898360498758046333e+01
6.663317506735403128e+01
6.709969477529332949e+01
6.751040251209738585e+01
6.919681844624787459e+01
7.200214054152716869e+01
7.166686970080496621e+01
7.178022054210342162e+01
7.096197498937922887e+01
7.125745549822281077e+01
7.082214944002787149e+01
7.119242117881040599e+01
6.994343983366050566e+01
7.371779397183055949e+01
7.027900139458550655e+01
6.899591534545422178e+01
7.304299559021305299e+01
6.776951948298444961e+01
7.012197546819002980e+01
7.131418260206768878e+01
7.144307236585282794e+01
6.801189276624005231e+01
6.717254627936742395e+01
7.130634879982945051e+01
6.577831490882574883e+01
6.677099093055181811e+01
6.927296686785430779e+01
6.774462318375364589e+01
6.688690314323760333e+01
6.813148079044128735e+01
6.726308855074191229e+01
6.748771100861416983e+01
6.735690217234747479e+01
6.629783825807899689e+01
6.732222342087841582e+01
7.282866583413564854e+01
6.737049176936533001e+01
6.765012008791433118e+01
6.782686958562956647e+01
6.857213005988717214e+01
7.184391824909781121e+01
6.670676240704131033e+01
6.741822520169398558e+01
7.066173596573428028e+01
7.129918540728017717e+01
6.997803755728880049e+01
6.906903123173424319e+01
7.024505190938242549e+01
7.153485358337255207e+01
7.033773835985589074e+01
6.744270596014170849e+01
6.867674360961513003e+01
6.910553451243892198e+01
7.020731429601340778e+01
7.224317714523563438e+01
7.298225196848090945e+01
7.107976990380731763e+01
7.015403139719495584e+01
6.684391601759762125e+01
6.907741286534560743e+01
7.065333195881336792e+01
7.134253864323611083e+01
6.657344152239348034e+01
6.892409906056107616e+01
7.070325888352229526e+01
7.053726215306993197e+01
6.826717478222033719e+01
7.004494936665878413e+01
7.277818723695622793e+01
6.498071170288307030e+01
6.823306517848627095e+01
6.666574355340353009e+01
6.892802052750536745e+01
6.772976279589073556e+01
6.995432704348029063e+01
7.333914028743745916e+01
7.022657101796085044e+01
6.835394678309211258e+01
7.100099034829943889e+01
7.462882441680875445e+01
7.150423223193917011e+01
6.909185567427918784e+01
7.293205173985870715e+01
6.917127814063508140e+01
7.042613146403712676e+01
6.916378630926008952e+01
6.633037914301058890e+01
7.214635479161495368e+01
7.125656572662340693e+01
6.951748193821265431e+01
6.600326965893515307e+01
6.619242298421616510e+01
7.054579250737303653e+01
7.231791813261182256e+01
7.071794317082628822e+01
6.930283052704220381e+01
6.811611548860824428e+01
6.656306799376420713e+01
7.185322267035704158e+01
7.093688787925108841e+01
7.011999476327393666e+01
7.288704906535949135e+01
6.675649026899048977e+01
7.064446691216127761e+01
6.742632762737139274e+01
6.531673559825857467e+01
7.304824046638714208e+01
6.965243115403320928e+01
7.133559592228532154e+01
6.677181414554434014e+01
6.628880597380133111e+01
7.147554035904215652e+01
7.380675298672851170e+01
6.410680746614345082e+01
7.280034541561875017e+01
7.311375861640885887e+01
6.711202227458514358e+01
6.960055939611223152e+01
6.549971240981646758e+01
6.826624671938212430e+01
7.245718153736254408e+01
7.563617813721307925e+01
7.492126753777542092e+01
7.076511033418329077e+01
7.208721986252933789e+01
6.806634111331260328e+01
7.127315574844729440e+01
6.859417167939693627e+01
6.719521331128407837e+01
7.410401004012963710e+01
7.053639909598729218e+01
6.765631490266832770e+01
7.036075057957123136e+01
7.303374537173178283e+01
7.176380200145518984e+01
6.794032430026879865e+01
6.769570609732230082e+01
7.086671476246432633e+01
6.630900454026574664e+01
7.008286849229035909e+01
6.720003719080681037e+01
6.457191126115372981e+01
6.293054927409840360e+01
6.649267733958312476e+01
7.225172248084108162e+01
7.092675445928912836e+01
6.861005913647697696e+01
6.929832582021070664e+01
6.520625617356709824e+01
6.999352613366360742e+01
6.931862367215398990e+01
6.943437102398881677e+01
7.082052403827451315e+01
6.772762976806927782e+01
6.785005810700624806e+01
6.801464735112507753e+01
7.165674050923355765e+01
6.992585466716964504e+01
6.760419239934756774e+01
7.168081621193981334e+01
6.851814089180464862e+01
6.682181265172501128e+01
6.827500994846297999e+01
7.061287864968203110e+01
6.842452906914110144e+01
6.980749137211657285e+01
6.823568883089194514e+01
6.960907824646763231e+01
6.809695999371956532e+01
7.152408984790940849e+01
7.269757000616755249e+01
7.189042745791441291e+01
7.098229871167623628e+01
7.038311440479080261e+01
6.865323473267487486e+01
6.655274031981255689e+01
6.714815317270848993e+01
6.655258513603524761e+01
6.775505963429722556e+01
7.314929029753798773e+01
7.165127733197533644e+01
7.393299416521217893e+01
6.716433582737815300e+01
7.012079431278961295e+01
6.637533309556769723e+01
6.900918622520259760e+01
6.616595554502666232e+01
6.809853539817041224e+01
6.919527146352983493e+01
6.740288381664930739e+01
6.810934154707753407e+01
6.815118947857240528e+01
6.665170582598764781e+01
7.305805658417581583e+01
7.063856158349094017e+01
6.989097970981866581e+01
6.710942480516042963e+01
6.861861560480994626e+01
7.120838839785621133e+01
7.019409810781839099e+01
6.656037133601047628e+01
7.089435481076993995e+01
6.941727552032580206e+01
7.118920838326224043e+01
6.774340524863883672e+01
6.841675587104393230e+01
6.729362966013447078e+01
7.380495551268231225e+01
6.808763031345611694e+01
7.046083689753695012e+01
7.071401586883455082e+01
6.998750564576276645e+01
6.637038463083514728e+01
7.242272743126257240e+01
7.249962615064012539e+01
7.032968498327039697e+01
6.884709146355572784e+01
7.211856370856467890e+01
6.851059033497247697e+01
6.985610322477550937e+01
6.661546571058337918e+01
6.722454482388582164e+01
7.079811477110833096e+01
6.766710281777457681e+01
6.908736257411960935e+01
7.072328923463780370e+01
6.900474876045566930e+01
7.186538621771569524e+01
7.062278981547476064e+01
7.094505750542089118e+01
6.884862287293816507e+01
6.807366663616167557e+01
6.779327686629979155e+01
6.928751724252285271e+01
6.654175215175328617e+01
6.995318251341723226e+01
6.723630787166345613e+01
6.772764035086618151e+01
6.893503245424636816e+01
6.917782855607711667e+01
6.673179742031869921e+01
6.742006199120856991e+01
7.009924923758713078e+01
6.705087743267607436e+01
6.743651912098572154e+01
6.710350092661560950e+01
7.046754697774984777e+01
7.137784547003758462e+01
6.542253011935571294e+01
6.643458236200923750e+01
6.804526560239906985e+01
6.747940256223677125e+01
6.876183143993880265e+01
7.017377485611288535e+01
7.016039160828867693e+01
7.030567098223384903e+01
7.175024306466816881e+01
6.670655614136266820e+01
7.197380803566238683e+01
6.826334939676686986e+01
7.219912603599749445e+01
6.839426855083669921e+01
6.774414210421795701e+01
7.086908717936353241e+01
6.893995156314284145e+01
6.870226163483330595e+01
6.840534527954244481e+01
6.900994629765497734e+01
6.997772521817115887e+01
6.914154626236702939e+01
7.202388456177514797e+01
6.587664942269424273e+01
6.826755998034968798e+01
6.791763449526513341e+01
7.120995018617546179e+01
7.073246865248539450e+01
6.834905233250817957e+01
6.714847426284975995e+01
6.679652449137280712e+01
6.696715008420433435e+01
7.193894756397287438e+01
6.949007589057679013e+01
7.269009113982437498e+01
6.951451307951217018e+01
6.837641858225526903e+01
7.221861798617133843e+01
6.820627272434190047e+01
6.900718267940042949e+01
7.185466519965285670e+01
7.054472030075061184e+01
6.869130306249589069e+01
6.692546749299211228e+01
7.117425541532288946e+01
6.993669272769385259e+01
7.100580144179585318e+01
7.187366403159853689e+01
6.849673985232749374e+01
6.807128796823366201e+01
6.829945096771598401e+01
6.713324193732347567e+01
7.075074111858039316e+01
7.000698816690503179e+01
6.804324768974449000e+01
7.186284375362929211e+01
6.678823031333317317e+01
6.958429145821287420e+01
7.442270089106040132e+01
6.955723960906254888e+01
6.798535521626521927e+01
7.162888127201628663e+01
7.247909738736396434e+01
6.900973732410480466e+01
7.260879437019457328e+01
7.126230433812114029e+01
6.999147423405136692e+01
6.634877609784027186e+01
6.760638265915002876e+01
6.776602996442750282e+01
6.468030647553595713e+01
7.328796680764511962e+01
6.756597365559647983e+01
7.131773233915784260e+01
7.100813005390932631e+01
7.100188871396866830e+01
6.690174697491453060e+01
7.233450960645417638e+01
6.701902743875967872e+01
6.974757898132105538e+01
7.207134279834839674e+01
7.014472498020349178e+01
7.039458762114028900e+01
7.170458346993468979e+01
7.175226781726689751e+01
7.309262790436352475e+01
6.808473338373657668e+01
6.781966374523096874e+01
6.883349121485248645e+01
6.602625773416144739e+01
7.094853928592931425e+01
6.812115478626584775e+01
6.904359850041153379e+01
7.076668242257358088e+01
7.117382402879397318e+01
6.996949640332439913e+01
7.431996766070308524e+01
7.084346366447286414e+01
6.714041727552778127e+01
7.189510059832082334e+01
6.779964267427283175e+01
6.970158466147788090e+01
6.716310569312535961e+01
6.760660875771544909e+01
6.717280326844112892e+01
7.110241981790750287e+01
6.966179128988002844e+01
6.693786480202831513e+01
6.915246619801109773e+01
6.664343177007796726e+01
7.147902344041310130e+01
7.081216891381504297e+01
7.065771222405646768e+01
6.906206301949771387e+01
6.764067037906839630e+01
7.082432131861030200e+01
6.851486328854247176e+01
7.512123501213453380e+01
6.671307214559008969e+01
7.046197519825645372e+01
7.065439447843752419e+01
6.786131732634723335e+01
7.392510874888742478e+01
6.986466173621764142e+01
7.021968799747648404e+01
7.076381751325050118e+01
6.882073097154008678e+01
6.881511278814154764e+01
7.029161722457176609e+01
6.534198085270637080e+01
6.925434569239715188e+01
7.109772495490723543e+01
6.768011923838716370e+01
7.201974118770297650e+01
6.604815632924341173e+01
6.798128836941782538e+01
6.767303319767555081e+01
6.436842861822938744e+01
7.187468391696567949e+01
6.716592732630063267e+01
6.783026652844512228e+01
7.054031861106842882e+01
6.537671588943912582e+01
6.874329140343796496e+01
7.013684654158190313e+01
6.802285232039066898e+01
6.660986384573135410e+01
6.559431199462454742e+01
6.758470344810032771e+01
6.819607308856235761e+01
6.920460581250452492e+01
6.857574132893367391e+01
6.713939004787397380e+01
6.813853236897571719e+01
7.011089142519520578e+01
6.955134836641748564e+01
6.584837988169388723e+01
6.752510531472185562e+01
6.793678497980599218e+01
7.142984340660126463e+01
7.432113645148524483e+01
6.838377241647850724e+01
6.860831902116264303e+01
6.771561101307003128e+01
6.624922793144975230e+01
6.668921726325874033e+01
6.699937113348771334e+01
6.998047096077259255e+01
6.725686790546728844e+01
7.067506419894806413e+01
7.161011660407399404e+01
7.252727870834385726e+01
6.788761986353810585e+01
6.997426559639171728e+01
7.258144250521337426e+01
6.881120450447527048e+01
6.985566838021952663e+01
6.598112246865969155e+01
6.662533938575182901e+01
6.584455590736904185e+01
6.554323866901575002e+01
6.614465863535835410e+01
6.788859732137078140e+01
6.706981658684505021e+01
7.000652711055722932e+01
7.184615017774432033e+01
6.946217947897883960e+01
6.766118026401983343e+01
6.789335113223559404e+01
6.656402519313215294e+01
6.793129606484400540e+01
7.074028921478728194e+01
7.034848284386833939e+01
7.209653152646225749e+01
7.028243781027697423e+01
6.709892108041304937e+01
7.004358003143494216e+01
6.762243144479666057e+01
6.884294234816522362e+01
6.847681513076625492e+01
7.014638550042411680e+01
6.953147182205604793e+01
6.871102120373183197e+01
7.179232180667617058e+01
6.945990959889410021e+01
7.130325393545334123e+01
6.881774786244506004e+01
6.520001380797009460e+01
6.905351191663035593e+01
6.513792187155108593e+01
6.905190204100239271e+01
7.117699655504186751e+01
6.796800247151921326e+01
6.854712322129674362e+01
6.763800059437963341e+01
7.154732313889034856e+01
6.873580873693921944e+01
6.879225171006747530e+01
6.696601528517476254e+01
6.731228236923811892e+01
6.787632165601127099e+01
6.544366350106619734e+01
6.533900056392360511e+01
6.708681048343778741e+01
7.187298340037224875e+01
6.982360017762675852e+01
6.861636817327580218e+01
6.921936928274293166e+01
6.953323510129098395e+01
6.888243928143909045e+01
6.772026142109291413e+01
6.934869950668984018e+01
7.055740978898936078e+01
7.154157463735242573e+01
6.958783357565506833e+01
6.798784095541512329e+01
6.866139152696220549e+01
7.041726280768304491e+01
6.981535375058088277e+01
6.786667196035659799e+01
6.943036992943764574e+01
7.107511584904762003e+01
6.818399643529440368e+01
6.477298334714872396e+01
6.529997985497388413e+01
7.224301032171749171e+01
6.968261006879751562e+01
6.933022873627172089e+01
6.935806377370904841e+01
6.709640060340808532e+01
6.754621700244558724e+01
6.760231850877559623e+01
6.646804600598647994e+01
6.913007039966052503e+01
6.779468382071121368e+01
6.983320418561369536e+01
7.048900272175870896e+01
6.689064295255406023e+01
6.609135160443535995e+01
6.789455563161968144e+01
7.145662533894696367e+01
6.759974133865796375e+01
6.995481998686319969e+01
7.283362465294922572e+01
6.783951022853105428e+01
6.995027145034032401e+01
6.942536329126912165e+01
6.640462788936930849e+01
7.021348092377105843e+01
6.976136671083673946e+01
6.764994320558847107e+01
6.666009586550595145e+01
6.899649827187407425e+01
6.853968047513426143e+01
6.835161367949177702e+01
7.086412750453249032e+01
7.091779655638850954e+01
6.428554114046264090e+01
6.573599454655297336e+01
6.772832815041599019e+01
7.038879994452960887e+01
7.062784900915760034e+01
7.189394962287296664e+01
6.615442023617499956e+01
6.916513140049477215e+01
6.669062393449461013e+01
6.958494854498495386e+01
6.836826527103983153e+01
7.137998247058806101e+01
7.425241585145573708e+01
6.776186444922237229e+01
6.719244615559283318e+01
6.869746836941327217e+01
6.908670465062462540e+01
6.999775713421851719e+01
7.321266025566222879e+01
6.939787242444815263e+01
6.919363973001759405e+01
7.088767484139761166e+01
7.187129956335652992e+01
7.188585913780732994e+01
6.888307287971960591e+01
6.798491700333460130e+01
6.357990371968020327e+01
7.007139924114574114e+01
7.057839158472199870e+01
7.002718845323050800e+01
6.758712367898314710e+01
6.955379627241400442e+01
7.058542115974532294e+01
7.015920512145649468e+01
7.047308307246856884e+01
6.970144396137611409e+01
6.910673498461483177e+01
6.828326922404787069e+01
6.958050214671834510e+01
7.317743765110870413e+01
6.797136956414485098e+01
7.014025680674470209e+01
6.881580178605550202e+01
6.673781920291727943e+01
6.631649401500571628e+01
6.818548820702299906e+01
7.066248856399613487e+01
7.010270069556045769e+01
7.020440772400942819e+01
7.020528135263326419e+01
6.845235926353387867e+01
6.933306004430092173e+01
7.081922553743720528e+01
6.734863042328761651e+01
7.061880709599151373e+01
7.136789202270701082e+01
6.843928848401893106e+01
6.987112365733787556e+01
6.641813009400831902e+01
6.726416098345464434e+01
7.269921292309723526e+01
6.944974491242797399e+01
6.790087594567891927e+01
7.038969996752351221e+01
7.087569397355341039e+01
7.046091651215940033e+01
7.014252650002907785e+01
6.881928226127854487e+01
7.185410706048759266e+01
6.921950582265043295e+01
6.988864459494061521e+01
6.787982808283848613e+01
7.123961881713105981e+01
7.141258786609274978e+01
6.932385330819963087e+01
6.931088669854101170e+01
7.003216950738473656e+01
6.834130024957552507e+01
7.321776694153952292e+01
7.188834799146843579e+01
7.107092524529777222e+01
7.021219630875745565e+01
6.620973778737828752e+01
6.961652073937038665e+01
6.858101074860407209e+01
6.857745867698024256e+01
7.092443752500511778e+01
7.046647437204109110e+01
6.969216894465557743e+01
6.724177234005063042e+01
6.807801576295111090e+01
6.909161261726345060e+01
6.989065754684537524e+01
6.961268113314335437e+01
7.058587585776396622e+01
6.904166459599385064e+01
6.696611534292890155e+01
6.869327520613211391e+01
7.011752340155581464e+01
6.819852506810420323e+01
7.003959004367757757e+01
7.274809239156878959e+01
6.845911076420293284e+01
6.816013756403205548e+01
6.711181187285239957e+01
7.173015237073157380e+01
6.953606508222767957e+01
7.435277696914405965e+01
7.239709683584378297e+01
6.729588958399031640e+01
7.121374711013766046e+01
6.911432536544874949e+01
6.597802354952501958e+01
6.907282457278364518e+01
6.762536294179903962e+01
6.762392463074667148e+01
6.907698991379056963e+01
6.717772193479177645e+01
6.883848837392503128e+01
7.028389877479867209e+01
6.796114786111311901e+01
7.092330878699073082e+01
7.061144840361031072e+01
6.919508684245445806e+01
7.003553151354276451e+01
6.703253596199991193e+01
7.005282501784591886e+01
6.804953218946070592e+01
7.180516338415226585e+01
6.903189924660640031e+01
6.695309221422486701e+01
6.884138949154262832e+01
7.278633826130710816e+01
6.923832583517685180e+01
6.795694951146339235e+01
6.790709470019615424e+01
6.514016228862172397e+01
6.749862819108909662e+01
6.824264135685371002e+01
7.217862329679964262e+01
6.745328211685242081e+01
6.589482491743422088e+01
6.912236910762602804e+01
6.872995656069083736e+01
6.716386292576655137e+01
7.232902312083263041e+01
7.087368073494326381e+01
6.822893493509688767e+01
6.754161936615319917e+01
7.161660671821009316e+01
6.791388311401834699e+01
7.129897358883911807e+01
7.240641582786801678e+01
6.876943686143137313e+01
6.791961301726905731e+01
6.877254899059320792e+01
6.769145175712681350e+01
6.815879625928062069e+01
6.659050894529623577e+01
6.679282355777559133e+01
6.759213910916338364e+01
7.045950243380838174e+01
7.013803759655964143e+01
7.342268967636198340e+01
6.701346624972451593e+01
6.652280103414270229e+01
7.049593709289615617e+01
6.800187825158620569e+01
7.107594823090011005e+01
6.634898236743276811e+01
7.160973617476338404e+01
6.983670826032884804e+01
6.992947431313430684e+01
6.771923677079749382e+01
6.644650383635993762e+01
6.976962228583929004e+01
6.661875764529956712e+01
6.651705661383141432e+01
7.303516170886835823e+01
6.791518036944736991e+01
6.603527876319733991e+01
6.848545463040962034e+01
6.609409456714868725e+01
6.866150413854522583e+01
6.894298292856716159e+01
6.798110003343101937e+01
6.559898875255579753e+01
7.128279960954267835e+01
6.992321095782517659e+01
6.509517751538294306e+01
7.044160416203089881e+01
7.305866364349427045e+01
6.380439619358261893e+01
7.053588092430211987e+01
7.090955858004011247e+01
7.143207856656707122e+01
6.885201305575006359e+01
7.084790979175335224e+01
6.785821149313611045e+01
7.021324168752768458e+01
6.637877641719666144e+01
6.823860005107863458e+01
6.852468685825431294e+01
7.051341986786685823e+01
7.027318462350885397e+01
6.843182260619261115e+01
6.732494670637626655e+01
6.868224323569248213e+01
6.757804450505622640e+01
7.246277396370514623e+01
6.948182768967922129e+01
6.843059218483463724e+01
6.945471173298906820e+01
6.694636995635927690e+01
6.642430448921550123e+01
6.666399184484887996e+01
6.994177237669947544e+01
6.699206493322500933e+01
7.261591930910161352e+01
7.033118161320372508e+01
7.210524953879020416e+01
7.390653691184127183e+01
6.918618443340979240e+01
7.091308141356861938e+01
7.117555124861470972e+01
6.993213109607106048e+01
6.998063911190155295e+01
7.052187683338124202e+01
7.205867424069268168e+01
6.991615924917462621e+01
7.207361785692025080e+01
7.012803570856569024e+01
7.031689139275192701e+01
7.131804878112122026e+01
6.932107186757062323e+01
6.849988986173934791e+01
7.181295638054838548e+01
7.013490892112896802e+01
7.174040037588459029e+01
7.180540183904568607e+01
6.992753936906451884e+01
7.101742706445151043e+01
7.048308727513534677e+01
6.875056769054651795e+01
6.832478455754690572e+01
7.007425169080015337e+01
7.263990895585349961e+01
7.105784000043712467e+01
6.879102528875617395e+01
6.863692080432619491e+01
7.057048259572746929e+01
6.952101203249597461e+01
6.584537386658001878e+01
6.807605275185113669e+01
7.017162735798017081e+01
7.108887746592944268e+01
6.957210363620595217e+01
6.726945401000050140e+01
7.047447922467678438e+01
7.105329368055015493e+01
6.814912937352397648e+01
7.120049846962955087e+01
6.930776194991024397e+01
6.343111633555265172e+01
6.682046370805397828e+01
7.168362506796123057e+01
6.877198240649849481e+01
7.255921768603739963e+01
7.172548467514056370e+01
7.044969383030310439e+01
6.917399497460927194e+01
6.602018258680209328e+01
7.133637050787834255e+01
7.084979246390913943e+01
7.082575043163944883e+01
6.932695578556752025e+01
7.202152765958101099e+01
6.865672019157142358e+01
6.902376634302311231e+01
6.634615138277104052e+01
6.790201710239436750e+01
6.984991720832054796e+01
6.588312943354748086e+01
6.898767686051021997e+01
6.889815976295255950e+01
7.009850839578371051e+01
6.768808775024881186e+01
6.829526150706952592e+01
7.186238838718485056e+01
6.816417454298215262e+01
6.959196840255901861e+01
6.868033265246992869e+01
7.191036481280275439e+01
6.854659673905840123e+01
7.178511820927933229e+01
6.716105859738216566e+01
6.987864607472326384e+01
7.133955217851993780e+01
7.209691482370318738e+01
6.671923913891805569e+01
7.232580246853962080e+01
6.525906805863428417e+01
7.204381467129230998e+01
6.742009990337400893e+01
7.111348702116936238e+01
7.101818778432907209e+01
6.905092618337242527e+01
7.181716458919434842e+01
7.042973357849973581e+01
6.887028630541431085e+01
7.055235510688508782e+01
6.662006783195671744e+01
7.109115351684204143e+01
6.568633988276999958e+01
7.026501091252154652e+01
7.177253498292583345e+01
6.841832998224053597e+01
7.284102409891808350e+01
6.846730813028935358e+01
6.648989188930208627e+01
6.994978619538554199e+01
7.006491956821651002e+01
7.279287689483098234e+01
7.011176869700980774e+01
6.804880882034387923e+01
6.533271900302769097e+01
6.652322845766605042e+01
7.167673849971407662e+01
6.735847006682216431e+01
7.401817296605655372e+01
6.659331351447445968e+01
7.023864266363733577e+01
7.384774997344614178e+01
7.165769404709038781e+01
6.740081229704259158e+01
6.818021511973540782e+01
7.182563819918794934e+01
7.001141089126767270e+01
6.901206966620584637e+01
6.981991856847639610e+01
6.749849625038721967e+01
6.678884840982175319e+01
6.636721875644329316e+01
6.556712936467393149e+01
6.610361584379656108e+01
7.040877482339153914e+01
6.664070329903721301e+01
6.781766144669178686e+01
6.846994860636424107e+01
7.000803755648826154e+01
7.017445586555150783e+01
6.741241991231041197e+01
7.160921342782712884e+01
7.176245745112493069e+01
6.886656796177733497e+01
6.944108036923711325e+01
6.968907185249403824e+01
6.924053657810719642e+01
6.549741903098498597e+01
7.106702858977592996e+01
6.644446385659598775e+01
6.750048508704483652e+01
7.095614217571142035e+01
6.849267077556541494e+01
6.682779006161882762e+01
7.375114414937395679e+01
7.143957989123546781e+01
7.241282617794234966e+01
6.826597990449921838e+01
6.850038047709256261e+01
7.157825496409543575e+01
6.877614085549977574e+01
6.903663340180288799e+01
7.000835687463847989e+01
6.868083160791758246e+01
6.770804722243747165e+01
7.063204494270871692e+01
7.260478781161089046e+01
6.983397828225616877e+01
6.934207568222991824e+01
7.026004905249754984e+01
6.933029167394175829e+01
7.077551719498586635e+01
6.981622687045310727e+01
6.848678863061643085e+01
6.706380154848663722e+01
6.867793620338528626e+01
6.599489738404251682e+01
6.672332493200323711e+01
6.426765638049930374e+01
6.624425648349171070e+01
6.866703911237223679e+01
6.868657642051050516e+01
7.097946224471763799e+01
7.169126198898143798e+01
6.826212543359336848e+01
7.015894925675208071e+01
6.676383039027641075e+01
7.027642159527415799e+01
7.020824265363123118e+01
6.785046087933221770e+01
7.028327550162391901e+01
7.036383316805246579e+01
7.104357200323663335e+01
7.198846605838708967e+01
6.763411686591614114e+01
6.362216901001090719e+01
7.175206457005502614e+01
6.841670467011019241e+01
7.112619336781384050e+01
6.789600162498427949e+01
7.397365444380461952e+01
7.131844109735158099e+01
6.822041986971692040e+01
6.746775844678163025e+01
6.549331211750958914e+01
6.777932219517832380e+01
6.677690237411553653e+01
7.010260911969453446e+01
6.604553944453898850e+01
6.644172307222038398e+01
6.675154435119704033e+01
7.122831054580419163e+01
7.458826037238317497e+01
7.063180728678401010e+01
6.751592484143230877e+01
7.042248896485781984e+01
6.791337182338948253e+01
7.107323777437878221e+01
7.224209292712262709e+01
6.814810905292416976e+01
7.374879039977241746e+01
7.066637783826067221e+01
6.932460069187047225e+01
7.249199361828269161e+01
7.386611696349729073e+01
6.942926701861757977e+01
6.884262678954992509e+01
6.503194465912758915e+01
7.002986074761065538e+01
7.080257790790228967e+01
7.208862236123036382e+01
6.753726346479801634e+01
6.942032296535715830e+01
7.038998654905401509e+01
7.028562450712976784e+01
6.887205700527279362e+01
6.644088602848192693e+01
7.006227875062228350e+01
6.867001290420634518e+01
6.627913014932541103e+01
7.035920644057250684e+01
6.885176169221470843e+01
6.705440212230590191e+01
7.123894554819923997e+01
7.132219897946671949e+01
7.081207426914470204e+01
6.788970658277060011e+01
7.255906284081174817e+01
6.617184476914715674e+01
6.963981261683603918e+01
7.140063712728522205e+01
6.758594046551165491e+01
6.612911067682949806e+01
6.865088717679327601e+01
7.173085916047473631e+01
6.916560896486512888e+01
7.182168882079928096e+01
7.249181806911059311e+01
6.490496781646609747e+01
7.459692350822636797e+01
6.752830059272328356e+01
7.126179529689309788e+01
7.146438761710143694e+01
6.677217742854705307e+01
7.034480452075897006e+01
7.069596080888545941e+01
7.039577751229136027e+01
7.049853228905917035e+01
7.241614842717581269e+01
7.047523187566540059e+01
6.689333555997720282e+01
6.696888751237580095e+01
6.830058689978201869e+01
6.862846424746399521e+01
7.120987419911288896e+01
6.883886570980827457e+01
6.737673769141083824e+01
6.806172887409039163e+01
7.042965253468584308e+01
7.262458079114659881e+01
7.132862398749438171e+01
6.730687923128419925e+01
7.256124354655359809e+01
6.698690579984940996e+01
7.292159584839909314e+01
6.871865411130823986e+01
6.992272817871317159e+01
6.937102823409958319e+01
6.730146289267912607e+01
7.037206993332767979e+01
6.988831784707261363e+01
6.792379235630332346e+01
6.741248622463388074e+01
6.628832055145474556e+01
7.337179223425523844e+01
7.107262647600977346e+01
7.403265117644865256e+01
6.694924159791516161e+01
6.790156930575656702e+01
7.047815799201688947e+01
6.941554362624555097e+01
6.849624650885752430e+01
7.023063437514311147e+01
6.991494213350541997e+01
6.837846896058728419e+01
7.157239979679664543e+01
6.678354783008244056e+01
6.768519018043537017e+01
6.709863760127441878e+01
6.812991703947974997e+01
7.267592167755927335e+01
7.052835794935593583e+01
6.741733994561380428e+01
7.127512935147873918e+01
6.996441287161357536e+01
6.708945167818285427e+01
6.927830801116095927e+01
6.721686665287207063e+01
6.797515165866953168e+01
6.820864050688942370e+01
6.638424243204761410e+01
6.831797045797613066e+01
6.763614473347001876e+01
7.203487217832910972e+01
7.016399937769480744e+01
6.825184302617972776e+01
6.940677693577409002e+01
6.976427721345956456e+01
6.936392267960408731e+01
6.817502109295556068e+01
7.065330481151048048e+01
6.796957082583600140e+01
6.890199276070850942e+01
6.845472894401592612e+01
6.833640263342225296e+01
6.855507484530943429e+01
6.761862058301638001e+01
6.872498801900177057e+01
6.896403119097661261e+01
7.260986717914549615e+01
6.782100170267983685e+01
6.750193094842383346e+01
7.010770132350445749e+01
7.041341756872060387e+01
6.871091268801636431e+01
7.088837035971496903e+01
6.533017155894759753e+01
7.336594068509783995e+01
7.228948585466625332e+01
6.807007039634486034e+01
6.803696755222154025e+01
6.621532988804007402e+01
7.206843203148071098e+01
6.944451075337505586e+01
7.036679787718748003e+01
7.003952224354033262e+01
6.824476355069781164e+01
7.003621108997639055e+01
6.664725860146545244e+01
6.893493807917275262e+01
6.832027978427642267e+01
6.760718491518696283e+01
6.753466874799383390e+01
6.656935690651471305e+01
7.187071293652553550e+01
6.787236005356007240e+01
6.834163069421190073e+01
6.960788681098708253e+01
6.960864563208289724e+01
6.759943328786846450e+01
6.810095453332851889e+01
7.232833451929879232e+01
7.140091026187556622e+01
7.019659482926164173e+01
7.108087792606315247e+01
6.934109329355217710e+01
7.588938773363472023e+01
7.300423502942719267e+01
7.348318620339425422e+01
6.934626277386760762e+01
6.754156608471539869e+01
6.923699185147837909e+01
6.854523302818674324e+01
7.168038787038071291e+01
6.617884167029592390e+01
6.762798403361236410e+01
6.855173213001960164e+01
6.859179380996971531e+01
6.846338052113021888e+01
6.669419685249221175e+01
7.072419776499538102e+01
6.688384256019179475e+01
7.028670541635315772e+01
7.064794446665470673e+01
7.047945268483393022e+01
7.032691355160615387e+01
7.047792904911447920e+01
6.989886444983352476e+01
7.050645614334958111e+01
6.823694807483022373e+01
6.766380969194042905e+01
6.832331025442263694e+01
6.979335670342555886e+01
6.742764803093720616e+01
6.747500763881927810e+01
7.181462958974960031e+01
7.032477663791976852e+01
6.423058777328103019e+01
7.293147079511240349e+01
7.081888756537611584e+01
6.719237419857054761e+01
7.126017470097471573e+01
7.068517079504331946e+01
6.594893550411083538e+01
6.808857361353955184e+01
6.730239277005878762e+01
6.772107451012945489e+01
7.310637416828845403e+01
6.771542335347569974e+01
7.132911664426596587e+01
6.500194469455104240e+01
7.292347468972336344e+01
6.936014059447964542e+01
6.911869402592026290e+01
7.004019034338998040e+01
7.426898885919447935e+01
6.845343485420988827e+01
6.843434334581920098e+01
6.897129394600253249e+01
6.768227103037843051e+01
6.737540171182445192e+01
6.869576837085450904e+01
6.962686618078834044e+01
6.647915309455771649e+01
6.698093996133945893e+01
6.616906047341430508e+01
7.146148818639494493e+01
6.930297706445075789e+01
7.040077359665721701e+01
6.872978053981330504e+01
6.655009141562695163e+01
6.923086518423900770e+01
6.625583893275968705e+01
6.996088483774256872e+01
7.056925965925771038e+01
6.744307248471145044e+01
6.953842226145201266e+01
6.838103145439845321e+01
7.096709677899656299e+01
6.923002241138169666e+01
7.160738118796352580e+01
6.814837071998442752e+01
6.910653785062353904e+01
7.043194474679700079e+01
6.759150266286989961e+01
6.882499336671054380e+01
6.781458994122237982e+01
6.986522035259727659e+01
7.006807969957566229e+01
6.848246016905928002e+01
7.055165339986231743e+01
7.007783284316222705e+01
7.201301788938711468e+01
6.861188669136237195e+01
6.707219931798536550e+01
6.903472307411297493e+01
6.958851316387473673e+01
6.820736120590527207e+01
6.869800324735511765e+01
6.959063150596161051e+01
7.343116808381581961e+01
7.093207503015536020e+01
7.192246862631215265e+01
6.714550851347856053e+01
7.071314121379452899e+01
6.964214639519092032e+01
6.406082220473642508e+01
6.866867997309707050e+01
6.789725715564105712e+01
7.121790441513732617e+01
7.264448150960369333e+01
6.805713382872812645e+01
6.979804936683989069e+01
6.509257447823446796e+01
6.714723403308614991e+01
7.172776541935624550e+01
6.860104355922263153e+01
6.999766009572353198e+01
6.974415697610618281e+01
6.861998582071285568e+01
6.972106119215337117e+01
6.831522811096557746e+01
6.679708803042103682e+01
6.892628313632314985e+01
6.607965791336293648e+01
6.975300474530922656e+01
7.067656967034132265e+01
6.820209211317882136e+01
6.742064326803249230e+01
6.844325308332417990e+01
7.082288723007287956e+01
6.949064387394024322e+01
6.694047824723111262e+01
6.960518474774229958e+01
7.147107325838683778e+01
6.787606187829233306e+01
6.970284428842816737e+01
6.623274409337146551e+01
7.011048573395513017e+01
7.005382879811290309e+01
7.124145650002239449e+01
7.148081426447255637e+01
6.971352764701592264e+01
6.527409968151089004e+01
6.912216472770637665e+01
6.474957330717072068e+01
6.695157066417337433e+01
6.542823954199973002e+01
7.106330420476163567e+01
7.118925029589181008e+01
6.728339107373194850e+01
7.261042344193126041e+01
7.077448086846996489e+01
7.420642018549762042e+01
6.638513690479419438e+01
7.189780571725566460e+01
6.663753456806222175e+01
6.880860099024256726e+01
7.052099634797816918e+01
6.779659399504072326e+01
7.010319795410060806e+01
6.839374985932138884e+01
7.105692902047806569e+01
7.067454733739808148e+01
7.145808193366332262e+01
7.303941939050515941e+01
7.227972441373745482e+01
6.973474410883093810e+01
6.991866352445403265e+01
6.613550816716936254e+01
6.842386278656027798e+01
7.192225629637117379e+01
6.743357812256729744e+01
6.979871896646560003e+01
6.820911825225408620e+01
6.994645168856516193e+01
6.778534025489375381e+01
7.288727919848614079e+01
6.847089681189402199e+01
7.056816053030892988e+01
6.932874600892291994e+01
7.171714111614171827e+01
6.935581215486365636e+01
7.257778620872505826e+01
6.851236367462388444e+01
7.005257326492844072e+01
6.816482687371623683e+01
6.952542153478404430e+01
7.010354062597278357e+01
6.984701675870709892e+01
6.919359925417877832e+01
6.737997501801950762e+01
6.730201052125849515e+01
6.988185779151743304e+01
6.989719553767795901e+01
6.658868876843312989e+01
6.920397736130179567e+01
6.925113522279838207e+01
7.026681711587130508e+01
7.116521084825564003e+01
6.633622269618561518e+01
7.107111864198398621e+01
6.910650122255094630e+01
7.086183535626932439e+01
6.643868970772228977e+01
6.843984427945495952e+01
7.407627365664403385e+01
6.946183195110789654e+01
6.982418532056075833e+01
6.662568679117288184e+01
6.958127153184541669e+01
6.940819490913825973e+01
6.771491575962292586e+01
6.811939594778911555e+01
7.043978752177201841e+01
6.701820148395077581e+01
6.664811407320004832e+01
6.765437429580774165e+01
6.560224119566152012e+01
6.584808267935798654e+01
7.170090894854011765e+01
6.952743288178859871e+01
7.034716897739093611e+01
6.701373484089972976e+01
6.747599054309159783e+01
7.212016062982785058e+01
6.735309701089059331e+01
6.893079577223655008e+01
6.840766530048438199e+01
7.247612308381044954e+01
7.030778827811420228e+01
7.012179508971159692e+01
6.785669577418047993e+01
6.597430967584337225e+01
6.767968312790053176e+01
6.843809650857141946e+01
7.038117674515571309e+01
7.010529824348387251e+01
7.169266068989308849e+01
6.577171949889896041e+01
6.833324183663631857e+01
6.767151791274308437e+01
7.102922620661453834e+01
7.019192142879469998e+01
6.925201264909976828e+01
6.941507812995521931e+01
6.846738421460311486e+01
6.898077898398014440e+01
6.689312660449262182e+01
6.934200700816802510e+01
6.711741843931852713e+01
6.911867449006204822e+01
7.240368338800269044e+01
6.789622509095460146e+01
6.825474784729661337e+01
6.986864674366471206e+01
6.882574052016586563e+01
6.845868018406137878e+01
6.691395814668237563e+01
7.262511485062579197e+01
6.698659761638089094e+01
6.652013570353783223e+01
6.705341027860424674e+01
6.635876427284932788e+01
6.979453202436545212e+01
6.763788408094615079e+01
7.035983377206881073e+01
6.583192122733001383e+01
7.089397684885960871e+01
6.845176133157664822e+01
7.017575173492448926e+01
7.058161234945320928e+01
6.852371623894509867e+01
6.972453897609241835e+01
6.842663859316508024e+01
6.715328371399905905e+01
7.200612876299253173e+01
6.821705353990836329e+01
6.862597657460386813e+01
6.951348351365579958e+01
7.009687468100275964e+01
6.704389029362317842e+01
7.267173687818625183e+01
7.028865978649810131e+01
7.129966459920650834e+01
6.882223361791284333e+01
6.679969953781285597e+01
6.578034198936387611e+01
7.201205924230194455e+01
6.469636487317231399e+01
7.142913778157296179e+01
7.525356680678355303e+01
6.813433970683659879e+01
6.708323066294701675e+01
7.041297709264760840e+01
7.390017993254423345e+01
6.800615887794720038e+01
7.044402697234141897e+01
7.042780151149153767e+01
6.706977494487236413e+01
7.271347166863702682e+01
7.100793691125390694e+01
7.158438095946354451e+01
6.967771504738472288e+01
6.648869406209925614e+01
6.799609049042435061e+01
6.888608310455848027e+01
6.944749539384750392e+01
7.394730224612129632e+01
7.001152357125035053e+01
7.260859319081193064e+01
6.817923952568916945e+01
6.987311128287630879e+01
6.884058281834084880e+01
7.012423796096830131e+01
7.054211118669601888e+01
7.219909005690814752e+01
6.544915873046464583e+01
6.899632811958129253e+01
7.140068336199121291e+01
7.032610230467940937e+01
6.860827875432724454e+01
6.801774544626331931e+01
6.542393879428917103e+01
6.745564015530209190e+01
6.818742401056739766e+01
7.149991129070269835e+01
7.020251543696798535e+01
6.695390566995320114e+01
6.828170119794391724e+01
7.204594581089000371e+01
6.923696865943533396e+01
7.311577388708582248e+01
6.849214094830222166e+01
7.156447647633075348e+01
6.809112186543086409e+01
7.115853681410564491e+01
6.894329976258353554e+01
6.897709446316270032e+01
7.198811985230952359e+01
6.848125146796166973e+01
6.843408407165736662e+01
7.079649716594673237e+01
6.535593129175461513e+01
7.000688151888878963e+01
6.711895500484449428e+01
6.687880429984295461e+01
6.600455958583424376e+01
6.714598231459470412e+01
6.856265260937512096e+01
6.813532067112763002e+01
7.280880133245864272e+01
6.893349741549167220e+01
6.910649412226572963e+01
6.717935876942604523e+01
6.949292971221707660e+01
7.062667418079573167e+01
6.968075758191739055e+01
7.124520903807859895e+01
7.136636492584216285e+01
7.055315614943913261e+01
6.690377495135143704e+01
6.647317652539138066e+01
6.627783276412232283e+01
6.801585947190262971e+01
7.011112860686591830e+01
7.173050724761101549e+01
6.855956262166151305e+01
6.968902222141063874e+01
6.732845440296205197e+01
7.028756593420558829e+01
7.110488250379671626e+01
7.208476024782711988e+01
7.126795744545724176e+01
6.996682696608613128e+01
7.256480720330662848e+01
6.888325774108203348e+01
6.801380372255482598e+01
6.972106188323867570e+01
7.031365379171872121e+01
7.020845881894427976e+01
7.239806418075953331e+01
7.068976156099132879e+01
6.766328686784501656e+01
6.614135806815937713e+01
7.287589836187993342e+01
6.934199181714808446e+01
6.986021204651447647e+01
7.002071850525598506e+01
6.940014850719137485e+01
7.025826642586682169e+01
6.982499945580769918e+01
7.029285770852385440e+01
6.943256992855316412e+01
7.121598924366465155e+01
6.869071660206773799e+01
6.881535550470400153e+01
7.234739817213757362e+01
7.038997760633661471e+01
7.003306433860034019e+01
6.819110044788413916e+01
6.622984732110612072e+01
6.936678899411421639e+01
7.028568685859035270e+01
7.123829711925937147e+01
7.007612182505000931e+01
6.826869319554816684e+01
7.012181160151639858e+01
7.362734562930995708e+01
7.170876073395623962e+01
6.779629214015329808e+01
6.917327878806796093e+01
7.189236168904287183e+01
6.961399838388416583e+01
6.602047086897550798e+01
6.858707795011099506e+01
7.249162696554394358e+01
6.566145416851975369e+01
6.864320572508663076e+01
6.843949176867528195e+01
6.996776082942699304e+01
6.995769754682721953e+01
7.276238715865889617e+01
7.200886815234606786e+01
7.161463110333443183e+01
6.989928716277171361e+01
7.262835537241981854e+01
7.100840621616350745e+01
7.118770742635244630e+01
6.905630404763255115e+01
6.981149545153684244e+01
7.147556544648919896e+01
6.933114760093471318e+01
7.157601203454686356e+01
7.094606027686101868e+01
6.811056513682582647e+01
6.712416191441462843e+01
6.777451369810478354e+01
6.732233345574248062e+01
7.097497658728737235e+01
6.439711317096211474e+01
7.181329234662067051e+01
7.186856653393924432e+01
6.647706910023670446e+01
6.958275837757112470e+01
6.734410903339508536e+01
6.837259833107711415e+01
7.497495523437501674e+01
6.907868045635427734e+01
6.594117100422599265e+01
6.430645006427251076e+01
7.120075115086152096e+01
6.901697746456555649e+01
6.746918196970383974e+01
7.018130873595760022e+01
7.001335284403026549e+01
6.838227359398874228e+01
7.018779602129197315e+01
6.867258244209811835e+01
6.677090418644436909e+01
6.873416936198901794e+01
6.958297619986406346e+01
6.941570923337718568e+01
6.962207751724184845e+01
6.385472875127792491e+01
6.222774422373072412e+01
7.198215559420577847e+01
7.029897644839105908e+01
6.725032962170055839e+01
6.733687679620757649e+01
6.501538762557339624e+01
7.027240245791062989e+01
6.762241013278108426e+01
6.972288870538804417e+01
6.606427123130657719e+01
7.241031096551640189e+01
7.205482197142706013e+01
6.872063173839761419e+01
6.782306982682345620e+01
7.157453399029873253e+01
6.802552910225918481e+01
7.027949535917834112e+01
6.893411495144958678e+01
7.089116846876689237e+01
6.997695134186500354e+01
6.642751789832612985e+01
6.967747901783704378e+01
6.608485451350833273e+01
6.845121654991183391e+01
7.086308186171579848e+01
6.858704650999092678e+01
6.827012969014467103e+01
7.071562692216340906e+01
7.251588599994533979e+01
6.956424011768791615e+01
7.071400969561759098e+01
7.397700321789629641e+01
7.031657983203540141e+01
6.676427718242885589e+01
7.254030594714797076e+01
6.453969374241678736e+01
6.931977922757593547e+01
6.813808873764256191e+01
6.992568761643688902e+01
6.899585953171468589e+01
6.864266387768830668e+01
7.259778534180168208e+01
7.293182959962284428e+01
6.799707366702159561e+01
7.000321306155879597e+01
6.600930038218142215e+01
7.242235708581632991e+01
6.651422264913455251e+01
7.094821954438627643e+01
6.840735731578776324e+01
7.216934371697394113e+01
6.774512255993307974e+01
6.758734742624756109e+01
6.798929033691428003e+01
6.949974268895348928e+01
6.573118185646325173e+01
7.155807891510617935e+01
7.155005240799135890e+01
7.312217735984178546e+01
6.674785820716212470e+01
6.665510368918506856e+01
6.922210764888129120e+01
7.175749280764229354e+01
7.152781835460828574e+01
6.741202690503801875e+01
7.076341199862478959e+01
6.906945346347589521e+01
7.185601493721324573e+01
7.271343670577637397e+01
6.777414145861311567e+01
7.030082741673956548e+01
6.984412230670589850e+01
7.036257557774817428e+01
7.178137643398592616e+01
6.871903969810341550e+01
7.059654186080165061e+01
6.924248803416878673e+01
6.660297683858100015e+01
6.895801090050500193e+01
7.126420467884739196e+01
7.207976787564520293e+01
7.019857102821505634e+01
6.826356751885191443e+01
6.780447411826608572e+01
6.638879654125310026e+01
6.995371261647930794e+01
7.020938974244413089e+01
6.781581448511758481e+01
6.944207427110853814e+01
7.329007903600886209e+01
7.196522955175223046e+01
6.839595597791236514e+01
7.121600648924616905e+01
7.200348508310069917e+01
6.908731996606917392e+01
6.813117314567583094e+01
6.826637298644403984e+01
6.761019691484231942e+01
6.802934458605979273e+01
7.262385328779315330e+01
7.160437118643838517e+01
6.768413504410963810e+01
7.082829164092507312e+01
7.189652910364245031e+01
7.012506079336333187e+01
7.331406915248307143e+01
6.739674234327810609e+01
6.878925821114258099e+01
6.895683620048157536e+01
7.176738570167066200e+01
6.654370891834562940e+01
7.016561406615201690e+01
6.760710939312579626e+01
7.077146323928582206e+01
6.497469100743828108e+01
7.054169923458680103e+01
7.109921567941691478e+01
6.407523167380870177e+01
7.080178008458149463e+01
6.990320336312497318e+01
6.693806095120905297e+01
6.995537775635156663e+01
7.159712949313524177e+01
7.193480872436890650e+01
7.012090311307352408e+01
7.146212087365418597e+01
6.816875195586963798e+01
7.117306080095912080e+01
6.802369064169477042e+01
7.040083015339425287e+01
6.701190451514585789e+01
6.950244509536983628e+01
7.103236507076340445e+01
6.901559830583732946e+01
7.129289830403837414e+01
6.962498408571940445e+01
6.699845495894174974e+01
6.918247379009483211e+01
6.937420709770196936e+01
7.589281769814448353e+01
6.972951075532213849e+01
6.839279586474975758e+01
6.757176516063606186e+01
6.859122879363700065e+01
7.050382541235750011e+01
6.850712828444586933e+01
7.149325489484385798e+01
6.606188412407315980e+01
6.749284521211097854e+01
7.018350028788690054e+01
6.961400490624755832e+01
6.661301509654967390e+01
6.972847689206143684e+01
6.774676532411199048e+01
6.572615956145355653e+01
6.595946563080863712e+01
6.860840509621277761e+01
6.774912460003163517e+01
7.184943359506368665e+01
6.599494503304156012e+01
7.029422565435287140e+01
6.791625846416468448e+01
6.795402455438727429e+01
6.639376746217932634e+01
6.545597967065701539e+01
7.317369740508877385e+01
7.037465162382116546e+01
6.916961302406150480e+01
6.995832883308810324e+01
7.041689536847903241e+01
6.706707125655182722e+01
6.892141390963044500e+01
7.182850268896557111e+01
6.975212767519587942e+01
7.016408332637745104e+01
6.930327005379086813e+01
6.778325565519953955e+01
6.885629052142068929e+01
7.025645196076170862e+01
6.726728156468324471e+01
6.539096911592899630e+01
6.892488415618899467e+01
6.725670659567816756e+01
7.101459106614593964e+01
7.083373540482352837e+01
6.884902324162592890e+01
6.987168025439991936e+01
7.172103070926154089e+01
6.599416010423223611e+01
7.143613757703406009e+01
7.188075626429193221e+01
6.782517534791051617e+01
6.740788343968078777e+01
6.875868466032054016e+01
7.251378141209170280e+01
6.978640169349544919e+01
6.587165929578094392e+01
6.898734536173046195e+01
6.697967228295757991e+01
7.092326801398705527e+01
7.051948127075415584e+01
7.104283687772529277e+01
7.250085583624615992e+01
6.969602336509638008e+01
7.076042150672108733e+01
6.913475595740119672e+01
7.300381074912658619e+01
7.380407283765278237e+01
6.711323274462399979e+01
7.024744564826173132e+01
6.989326176022423454e+01
7.378037110603690962e+01
6.776659564873034469e+01
7.093916340472884485e+01
6.927622759154272103e+01
6.848209881399785104e+01
7.014576426564489964e+01
7.220258598352782542e+01
6.537720890071608437e+01
6.742038723628954244e+01
7.169094660840404742e+01
6.935880095448239047e+01
6.685478129936342384e+01
6.583128802550019998e+01
6.681636828897968883e+01
7.175847814352219700e+01
7.189071335600777957e+01
6.784935545809199198e+01
6.669272815503579466e+01
7.075635792051889439e+01
6.921557045985358059e+01
6.678764518645286330e+01
6.763497981221048860e+01
6.683091630549182582e+01
6.961577722555739456e+01
6.613832069131602509e+01
6.696988428145157002e+01
7.103301414253640189e+01
7.138451521527342436e+01
6.595495019758996591e+01
6.919055284569876108e+01
6.838864766239719017e+01
7.106611223634577357e+01
6.803169924840459259e+01
7.007805358832889908e+01
7.083043503158825160e+01
7.335708732708700097e+01
7.035306744932370293e+01
7.105596162472204469e+01
6.970893777556486270e+01
6.662451594489533591e+01
7.013625406917955729e+01
7.124419740437537030e+01
7.395127540140241251e+01
6.899347357675709702e+01
7.210024710528745118e+01
6.855676024639448940e+01
7.176438024684168226e+01
7.114708406033606991e+01
6.816555216386242932e+01
6.637455446083691868e+01
7.135092933022168893e+01
7.021653325858208916e+01
7.275904839791583356e+01
7.058155496849650490e+01
6.975391450576364605e+01
6.964863950696650363e+01
6.942843639645563769e+01
7.042774221009709379e+01
7.214177493862655410e+01
6.766058010962584035e+01
7.057870769970008951e+01
7.220305058642998119e+01
7.169736678183610934e+01
6.708523727219152022e+01
7.199953692392922733e+01
7.183444135780632678e+01
6.851586357503509817e+01
7.160559700747936063e+01
6.867713125290111975e+01
6.873222990002392407e+01
6.633852895228744728e+01
6.748417417603096169e+01
6.971336426268391051e+01
6.830363537565794729e+01
7.113817874325748392e+01
7.035908208951511256e+01
6.915640360367555672e+01
6.809471387669404407e+01
6.702333446564483665e+01
6.854097298415285877e+01
6.774708626363060660e+01
6.718871565599208395e+01
6.853117408582465941e+01
6.774429248724727870e+01
7.106154133447083154e+01
6.868104397796130911e+01
6.812690111081803934e+01
7.032139494157109993e+01
7.288516370497879393e+01
6.809654935260910236e+01
6.925772930981774778e+01
6.911677206807220841e+01
7.044836582894824062e+01
7.421182318744151019e+01
6.786361883210605583e+01
7.119879062520587354e+01
7.250999015009523418e+01
7.384038518384227245e+01
7.254195594997941043e+01
7.228963267026985307e+01
6.928700905902506690e+01
7.128462962303069617e+01
7.082712375826369566e+01
6.911383852063296729e+01
6.982503804664555958e+01
6.907728871806241955e+01
6.724570633345635429e+01
6.814256024352565078e+01
6.764530970294516976e+01
6.676100921200381322e+01
6.930068963982000696e+01
6.712879549769343157e+01
6.929054371447985261e+01
7.104915065048804479e+01
7.005415629392713583e+01
6.819980732421657876e+01
6.903222934065161098e+01
6.832027313992419693e+01
6.806944501834725259e+01
7.244950179141274305e+01
7.095196734748977008e+01
7.163441524968152407e+01
6.851326076961456124e+01
6.959917859693410946e+01
6.892195244270072862e+01
7.157164139111495160e+01
6.960572377560374946e+01
6.755866486730407416e+01
7.202666030479396397e+01
7.047205394913754617e+01
7.095271956371529143e+01
6.902649589106681560e+01
6.786068222105117798e+01
7.114613317293870409e+01
7.145405700317309083e+01
7.183326530396593057e+01
6.965957396046451322e+01
6.969624770310393558e+01
6.867346152984822538e+01
6.987975264167640432e+01
7.085004432775421890e+01
6.714358394991418777e+01
7.131562839686857558e+01
7.126365841874309126e+01
7.009903348552231250e+01
7.135396324422282532e+01
6.501312640219863681e+01
6.790470533060445746e+01
7.272536413051545878e+01
7.118950688734932442e+01
7.174132133605472461e+01
7.041326760261736695e+01
6.652268281244022319e+01
6.901525422239862451e+01
6.739576616888368221e+01
7.437965238127088696e+01
6.836228833318929787e+01
6.805819071051607239e+01
6.694398964648729589e+01
6.648389617553162623e+01
6.852648464794998517e+01
6.927407895552789796e+01
7.017281650198076193e+01
7.087477442444625808e+01
7.268960052511233982e+01
6.697159981746833068e+01
6.837599614210510879e+01
7.134652343801788277e+01
7.158837143927844693e+01
7.112387965007577861e+01
7.286591851648859119e+01
7.349305542660397350e+01
6.645705475858864020e+01
7.140598335432238741e+01
7.216780880698522083e+01
6.852852848587164658e+01
6.722912953896064892e+01
6.826182869291007194e+01
6.878179615768847555e+01
7.056710210539547745e+01
6.970267376156945716e+01
6.722322340193120738e+01
6.874766337866631716e+01
6.696108913674551388e+01
7.127329954869111361e+01
7.232739660979281382e+01
7.069947263571008023e+01
6.748284998019975944e+01
6.616383838456140154e+01
7.139127778844733996e+01
6.695524206208145301e+01
6.934426590129888268e+01
6.652040340099776472e+01
6.646232413857453025e+01
6.647246931833142014e+01
7.079919505137935687e+01
6.537420200388643821e+01
6.888397432919185803e+01
6.703394520529801071e+01
7.326451292127150339e+01
6.930409065282520942e+01
7.244958375141996498e+01
6.689591351688844156e+01
6.863395096960607589e+01
6.947834407446150351e+01
6.969364205437389614e+01
6.596196860408004170e+01
7.034982219461554109e+01
6.804221360969131638e+01
6.902790656516816625e+01
7.015503460367148136e+01
7.075891493121910969e+01
7.016125935670361002e+01
6.782698281795029516e+01
6.953208001680820871e+01
7.011318392448515624e+01
7.180356589744269513e+01
6.646833509534305051e+01
7.024587704685117728e+01
6.580292109612435070e+01
7.291518935636017318e+01
7.281619491792430665e+01
7.156490976415902594e+01
6.614288556454440027e+01
6.996232735047064466e+01
6.872881054560491521e+01
6.824164638309511588e+01
6.645211201519185806e+01
7.017219309194550192e+01
7.165033728129434110e+01
6.838806945928379832e+01
6.968031246196875372e+01
6.827415285860396921e+01
6.618646613659839772e+01
6.991677084634558526e+01
7.020969335414862655e+01
6.827754278278480626e+01
7.491138874707213802e+01
7.096849807987031511e+01
6.835854139443829069e+01
7.046753019442155619e+01
6.964988271889166072e+01
7.018582869962027360e+01
7.115918466045869195e+01
6.655163245484837375e+01
6.900041194287976509e+01
6.900558760980574391e+01
6.892243146575899004e+01
7.248530798491802329e+01
6.975552785894673491e+01
7.224792397078034867e+01
6.813142179119515163e+01
6.762316989632724074e+01
6.750185291380867625e+01
7.093946532270098260e+01
6.705653860474885164e+01
6.651486950399802822e+01
6.734974981495579982e+01
6.678654122331992937e+01
6.733597398397139955e+01
6.735895290268462077e+01
6.685298194185980947e+01
6.935288417937201189e+01
6.877467483789735070e+01
7.017519087898280361e+01
6.909885761993599829e+01
6.942121054104215716e+01
7.023160069702657893e+01
6.545585984940822755e+01
6.636425179171156685e+01
6.774713229234990308e+01
6.616793287320973604e+01
7.005572431786879406e+01
6.860523593695467071e+01
7.406872517326638672e+01
6.778755590503354256e+01
7.227175170176062124e+01
7.023631262403164044e+01
6.855911213138244875e+01
6.898559595025000135e+01
7.139734129255580797e+01
7.247548734528001546e+01
7.183588349407619944e+01
6.896035223577760576e+01
6.782563676969705568e+01
6.856566138530993726e+01
6.631689670591538288e+01
7.063257937978060852e+01
7.117963774704438151e+01
6.851396195104599940e+01
7.120607603071050562e+01
6.996378521023697772e+01
7.035290843708031616e+01
6.570699051779487831e+01
6.883293055540457317e+01
6.512142216555444918e+01
6.857900921286862683e+01
7.178935433307174208e+01
6.606415815232870159e+01
6.784222264489426379e+01
6.943881931852746447e+01
6.981263641490684790e+01
6.946728929598413060e+01
6.916868128965975870e+01
7.095286622816148281e+01
7.071994241413052862e+01
7.468729421680947667e+01
6.961996760920268912e+01
7.164716540432385727e+01
6.993442945711802849e+01
6.857172714468728714e+01
6.740097969768950747e+01
6.820290141983480225e+01
6.970715993845909964e+01
7.402026890227506328e+01
6.967541598392847391e+01
7.012001554571303075e+01
6.851608283566477553e+01
7.069838949906439041e+01
7.021112139296663202e+01
6.816157460381876376e+01
6.530541535904984585e+01
7.062839135516014721e+01
7.299893673500601210e+01
6.713576220523768256e+01
7.014417858469902001e+01
7.060989850346500418e+01
7.164370355544448898e+01
6.978171018613824117e+01
7.036765415451026229e+01
6.866348649222987888e+01
7.144386166924135750e+01
6.725660179121284443e+01
6.558022369297459875e+01
7.088309731259552393e+01
6.979621763088952946e+01
6.905424058515505692e+01
7.204964133138516047e+01
6.776904996152615013e+01
6.660757877954992523e+01
6.755360426285267295e+01
6.699116629165652625e+01
6.787132251371849634e+01
6.925366955082418485e+01
6.196803218906281074e+01
7.109590610202465655e+01
7.119041430896282918e+01
7.065535366184600718e+01
6.628938257883906715e+01
6.751203355986183396e+01
7.192785981612632895e+01
6.813490794388452798e+01
7.058998618964255911e+01
7.112473181540315181e+01
7.069694269665455977e+01
7.442928214935808739e+01
6.848700022617354932e+01
6.899169428258318248e+01
6.832429746555291672e+01
6.788774771670721009e+01
6.779366273068637838e+01
7.349127633496800627e+01
6.780160560103851708e+01
7.111123721891856064e+01
7.187300173393779801e+01
7.270431495224808316e+01
6.984018381529861585e+01
7.168238481710957899e+01
6.696620774633385054e+01
7.037665091159516351e+01
7.108619249854803002e+01
6.746320985518305235e+01
6.397587794558653229e+01
7.004441252140712493e+01
6.807530064665292002e+01
6.872652595282229981e+01
7.017457773865866955e+01
6.859795240252654480e+01
6.918118410754399861e+01
6.658087776812264735e+01
7.101419838389924166e+01
7.154376179098278499e+01
6.976585679110172578e+01
7.274896449198867288e+01
6.900480581939530111e+01
7.209372860329088439e+01
6.771328148595574703e+01
7.171930876776653463e+01
6.751933701369517848e+01
6.777078169249340078e+01
6.961558075697078607e+01
6.725648082380280357e+01
6.854375300087775713e+01
6.893617651267499014e+01
6.995743581944290668e+01
7.209211688996953171e+01
7.141858457036512675e+01
6.904113058818907689e+01
6.810824559290230695e+01
6.805809141506756532e+01
7.216779817299544675e+01
6.679112783031149547e+01
7.249300493371386267e+01
6.934625131790596697e+01
7.130034401998690896e+01
7.081732378562895747e+01
6.742540384191102021e+01
6.688659361306980600e+01
6.792393060761558843e+01
6.732387837232526806e+01
6.562365111113626881e+01
6.667040168107240561e+01
6.680522989414421886e+01
6.640334643216542077e+01
6.821717556341783961e+01
6.772569496681960288e+01
6.831930843754457783e+01
7.148736300815063771e+01
6.770171076156094614e+01
6.957509472523418026e+01
6.997782318962316594e+01
6.853240341570574401e+01
7.029966677457649382e+01
7.048609792756091963e+01
7.041052605139719844e+01
6.508264028515785071e+01
7.109997009434472659e+01
6.811691229658987368e+01
7.147197958648683880e+01
6.837723515518754880e+01
7.341177803389697942e+01
7.063451902939419824e+01
6.795303034746683579e+01
6.744234197425780053e+01
6.943401373771224883e+01
7.219951672377922591e+01
7.055681010111123896e+01
6.693158141912761039e+01
6.704542756491443356e+01
6.845709301017664927e+01
7.094398658517943090e+01
6.903683210833263217e+01
6.793698178143154109e+01
6.734767003916955730e+01
6.789250938355618814e+01
7.015282351748597023e+01
6.597314797198271208e+01
6.783357373196867002e+01
7.028830237388471858e+01
6.942773821871230666e+01
7.075840562347062246e+01
6.697644685999387093e+01
6.635583019467117083e+01
7.023236515162339799e+01
7.153993796158030705e+01
6.844961516357525966e+01
6.771072776711781671e+01
7.062889755224476573e+01
7.279086739270435658e+01
7.102895462476756450e+01
7.087234370316858190e+01
7.164025702727697364e+01
6.825712374799931581e+01
6.893197244010578117e+01
7.131254234650241131e+01
7.289045470884749989e+01
7.075705347820864688e+01
7.024543318670569647e+01
7.040421245728404642e+01
6.976347358562603063e+01
6.832310752059268566e+01
7.102149490321956193e+01
6.933792679522551339e+01
7.195520840503751003e+01
7.072315577031803002e+01
7.041044790998864755e+01
7.166257693620576674e+01
7.091510477984178351e+01
7.190913238094657345e+01
6.679531090699425988e+01
7.079916707492955652e+01
7.036592122908768943e+01
7.181782429158221248e+01
7.008836952394321429e+01
6.747806823833649048e+01
6.550526046711939898e+01
6.540879585297321341e+01
6.750639379569921061e+01
6.782824833744152215e+01
6.970757266067312230e+01
6.781140209348676251e+01
6.910984149535977394e+01
6.752375929404324495e+01
7.415339952629054210e+01
6.742605799090948437e+01
6.860897500495121903e+01
6.976974470510228343e+01
7.100505080444831663e+01
7.097161885185155938e+01
7.174571487308780604e+01
6.960434962044287488e+01
6.935224041119596450e+01
6.792919615001349598e+01
7.214626069977998668e+01
6.791313100774216593e+01
6.841271621467845421e+01
6.837702522027390728e+01
6.845211214231268571e+01
6.838628321548452504e+01
6.998992488531389711e+01
6.817140992835908264e+01
6.845585995931095624e+01
7.024516576011176028e+01
6.636921652345512257e+01
6.674878237718215246e+01
6.951222205380520336e+01
6.875127546816015922e+01
6.980275067623716723e+01
6.980232947949281197e+01
6.550040992407703300e+01
6.904883397559136426e+01
6.628925356388759838e+01
7.330583738237407943e+01
7.097913223376747283e+01
7.040234231127402609e+01
6.831575758663136355e+01
6.737824596754030892e+01
6.843227474213411199e+01
6.839488214916066511e+01
6.878073092368225616e+01
6.846921976835524504e+01
7.170774812598281756e+01
7.085606789851215126e+01
6.920477706205002733e+01
6.607195061188491536e+01
7.160764600890887266e+01
6.917888502125856576e+01
6.678155482885162542e+01
6.784643940487028146e+01
7.111057964536774989e+01
6.687619530118922739e+01
6.822758062914158472e+01
6.942594735531883998e+01
7.247600513971573832e+01
6.822980864614382313e+01
7.069650150253224297e+01
6.831872811601223816e+01
6.709939546595242632e+01
7.108062802806183811e+01
7.239445374564837721e+01
7.282052555293161333e+01
6.930472928218743789e+01
6.990466409091303035e+01
7.123215083689744631e+01
6.791867396538384583e+01
7.114066180328028111e+01
7.199573231955687902e+01
7.048788874621664036e+01
7.053002085550248523e+01
7.181083799452090943e+01
7.299184518748380412e+01
6.891134290944634699e+01
6.750493484841085490e+01
7.206834396089627148e+01
7.038591173233723453e+01
7.085224146870635309e+01
6.718986546909268043e+01
6.695951591253751189e+01
6.750535897025828547e+01
6.469714671925947869e+01
6.667938952817102916e+01
6.672319326114231330e+01
7.090285975326196422e+01
6.946312176290295781e+01
6.681286465828851817e+01
6.714471009793535927e+01
6.998721636427237058e+01
6.954949749710522156e+01
7.091207223245939417e+01
7.045946694895238238e+01
6.959763442048810589e+01
6.495645468367476383e+01
6.612358126583879425e+01
7.254619056611896610e+01
6.967748616174796439e+01
6.890826259107211627e+01
6.801347840646437248e+01
7.155979270552302296e+01
6.959762329908090805e+01
6.750702461107078989e+01
6.894776325386021654e+01
6.841801493642923049e+01
6.749066468971322763e+01
6.678433948758782890e+01
6.993145792392138560e+01
7.225056758165678161e+01
6.954476614482848618e+01
6.673688723729048888e+01
6.836275610028680205e+01
7.113591257470707774e+01
6.716222806893425457e+01
6.631598339558289013e+01
7.204807565077700815e+01
6.702066612656629729e+01
7.119105698832044027e+01
6.922439461678679606e+01
6.687667432475512896e+01
6.855786998279671707e+01
6.973231143444155578e+01
6.496282887506356474e+01
6.675756061536384323e+01
6.967312180486226225e+01
6.938379837445941689e+01
6.870636807790135947e+01
7.199752988489153438e+01
6.853950560753223442e+01
7.183330467126361896e+01
7.048848860879476774e+01
6.811671647725378875e+01
7.007745944297487029e+01
6.658682899286289114e+01
7.037765963319989737e+01
6.877826097255488946e+01
7.055050253885275424e+01
6.959034995135105817e+01
7.244852585463196704e+01
6.650715137012161904e+01
6.852346414298551736e+01
7.199476497642319828e+01
7.239200097400897960e+01
6.941811321080234620e+01
6.891117511009454688e+01
7.042283948778225522e+01
6.663333531191210568e+01
6.885600696607730242e+01
6.557936930160177269e+01
7.420779334581996523e+01
6.523025930090216207e+01
6.863344530568905100e+01
6.972751749897653895e+01
6.605250626131268632e+01
6.766680758405726692e+01
6.475001660707877704e+01
6.768469550574715754e+01
6.626207644495664795e+01
7.052241259229363379e+01
6.900288175355422027e+01
7.113460177885269786e+01
7.015512389990784925e+01
7.188140975283640444e+01
6.760326506573181859e+01
6.891786986501043089e+01
7.179544058609363333e+01
6.735029249251903138e+01
6.703050787778504116e+01
6.966893487879727331e+01
6.908747211637799523e+01
7.017593492237165265e+01
7.054111135621018036e+01
6.911399445178432188e+01
6.642816093366576524e+01
6.839277375070081177e+01
6.807153563111700123e+01
6.993234552087226064e+01
7.261991993144980029e+01
7.302443498126594079e+01
6.774160672002756201e+01
6.996618613824605859e+01
7.258012178794194824e+01
6.968838011393495435e+01
7.323430925162357141e+01
6.967380010005585689e+01
6.864532047191488573e+01
7.041627694071104315e+01
6.703272656704808696e+01
7.433576044238623126e+01
6.770311673823536580e+01
6.829124156008174396e+01
7.091537600884436188e+01
6.784161431268231013e+01
6.891126148840965016e+01
7.140761656408525937e+01
6.629246077689887784e+01
6.829663598278760617e+01
6.713888162909611879e+01
6.990604786382340308e+01
6.706952561746277297e+01
7.028557741571509609e+01
6.783938381049384247e+01
6.524088513884001372e+01
6.978303647194447024e+01
6.877155722321518283e+01
6.960781505981756823e+01
6.994535722898686458e+01
6.884835027647388017e+01
6.836740235372127472e+01
6.974797503725824299e+01
7.249774032970387339e+01
7.041079666110560709e+01
6.921331924640202260e+01
6.999043085293246236e+01
7.094479927987478618e+01
6.835097986275303583e+01
6.649460854730548931e+01
6.933155873428708560e+01
7.285093283218883187e+01
6.841017317441392720e+01
7.089147521748436986e+01
6.956613503668378939e+01
7.310924892977517686e+01
7.073097448550375077e+01
6.763536785360886938e+01
6.757489903747440962e+01
6.967729596654449153e+01
6.640405987115582320e+01
6.954806598559184749e+01
6.853756183366095911e+01
6.769611821704984322e+01
7.070912374583937776e+01
7.185062002231882161e+01
7.004959849676853878e+01
7.007897547695762341e+01
6.775974743905761954e+01
7.078218221549570899e+01
7.207304877912358165e+01
7.232996541329248430e+01
6.989229408308460734e+01
7.051350833249021832e+01
7.004792358065341773e+01
6.826323636746622014e+01
7.233461908673939433e+01
7.053241559804035887e+01
6.711031162405257078e+01
6.780308093355102983e+01
7.130824276895947378e+01
7.034112256144945263e+01
6.918078934801162916e+01
7.035172061240852770e+01
7.202436006896540732e+01
6.930740685185593009e+01
7.039022068378852737e+01
6.627728484095905515e+01
7.040640825733488839e+01
6.849460525218096052e+01
7.049436352951497042e+01
6.831906625455604853e+01
6.709025201415889228e+01
6.695299633191835653e+01
7.136983754844352745e+01
6.888000577490143428e+01
6.984020951506624897e+01
7.145168018523798992e+01
7.090998900314770026e+01
6.777176942430641304e+01
6.807809240534308515e+01
7.306314918401041325e+01
6.950837408530112782e+01
6.510124062228513253e+01
6.715581714857860618e+01
7.083494874855816192e+01
6.972156923668411821e+01
6.896261894323748720e+01
6.629820692105195690e+01
6.890556064735142172e+01
6.881838166107630173e+01
6.731907462988772295e+01
6.883389140025060726e+01
6.958287552946032406e+01
6.966578216975780435e+01
7.186557395533435511e+01
7.224891253558121207e+01
6.833442067296293487e+01
6.870072759666835793e+01
6.972970730304648157e+01
7.189775174025652404e+01
6.612974817316396070e+01
6.798138287951957182e+01
6.886499274386108027e+01
7.039414431934966387e+01
6.913992860401484108e+01
7.005157900146446082e+01
6.709252027978686783e+01
7.093722975618523208e+01
6.624993099836041210e+01
7.317770217647782260e+01
6.688232542200852038e+01
6.990839500647562943e+01
6.758120325353860380e+01
6.699263729872845374e+01
7.108944941318273436e+01
7.231539430183725869e+01
7.053990262088183272e+01
7.289944736631588285e+01
7.423539412616061384e+01
7.174855102740765744e+01
7.178849062468624709e+01
7.221967264585883584e+01
6.817877669015639697e+01
6.673158059758846150e+01
7.101473282295415856e+01
6.882007529527413681e+01
6.931359144499207048e+01
7.086573511638631828e+01
6.898802338477426588e+01
6.768280666645578947e+01
7.050265834950090493e+01
6.825172997787498730e+01
7.482127610089334269e+01
6.766912349208030264e+01
6.878290238353801556e+01
7.049611094633034725e+01
7.057470662178977250e+01
6.986143185735251393e+01
6.553946296183218578e+01
7.227702433150400907e+01
6.860992456093276814e+01
6.810113932690397576e+01
6.796117490715519693e+01
6.722641083644872140e+01
6.613942218106761572e+01
6.987331825735505220e+01
6.699538103636339770e+01
6.886390347567586900e+01
6.566331883244826884e+01
6.864897310877482539e+01
6.881467782308467918e+01
7.343487040228123419e+01
7.132670829232094434e+01
7.057366788719915007e+01
6.715111796676723088e+01
6.796988236015351958e+01
6.750942265053238600e+01
6.650353122214011137e+01
6.842174732138839488e+01
6.726164504657697307e+01
6.673979076140864208e+01
7.189103509591456032e+01
6.960793875804824893e+01
7.085346452095600966e+01
6.741578026790769229e+01
7.216397260769815603e+01
6.965659306587777166e+01
6.934415613542194023e+01
6.825819830938263522e+01
6.766666342183033578e+01
6.874878600135807005e+01
7.070849574838162255e+01
7.001519398162457719e+01
7.193221461135459549e+01
6.575847489530994494e+01
7.078759784305847802e+01
6.650342365359402663e+01
6.601886932958272780e+01
6.721032789891249593e+01
6.795389019042519863e+01
7.277891244124255365e+01
6.751805476178915910e+01
6.773751904074066488e+01
6.980060251341852506e+01
6.432117486768423475e+01
6.697249599901982720e+01
7.206991816356286051e+01
7.183166956303847428e+01
7.273850415545881276e+01
7.132298431920165172e+01
7.163806288896616081e+01
7.034397498358401890e+01
7.027140359373345291e+01
6.999504393332551899e+01
6.911970126168654360e+01
7.036656299181134955e+01
6.968353592587483547e+01
7.037580736224290945e+01
6.832807184662468103e+01
6.920885161322577517e+01
6.719556963638372338e+01
6.676217568253788670e+01
6.847556912044809962e+01
7.427573663360114153e+01
6.749892154995012561e+01
6.919541499162059495e+01
7.036169802734559653e+01
6.584813401804019861e+01
6.848888495122483278e+01
7.079642286129816853e+01
6.963950388953921333e+01
7.298332250883701988e+01
6.840849131658903559e+01
6.591155332494477648e+01
7.108878758047637803e+01
6.657997636826185328e+01
7.014961696069535435e+01
7.122887956062331227e+01
7.072702637154554850e+01
7.214873937526272130e+01
6.997329607246905425e+01
7.001738486855394683e+01
6.940412961608510045e+01
7.201425588217394136e+01
6.904819923582087426e+01
6.942307389687339025e+01
6.877518410665115312e+01
6.700826650887336200e+01
7.065411751836249721e+01
6.906216763222826671e+01
6.920930942602797131e+01
7.196766054798834489e+01
7.403529483461463201e+01
6.335248170173701254e+01
7.266929769602933220e+01
7.015680073585572529e+01
7.151297838917147942e+01
7.339146302026621527e+01
6.892596999622332987e+01
7.080356139043192343e+01
7.017447930677212753e+01
7.085344539675151054e+01
6.678209488085002477e+01
6.676174817362721114e+01
6.803825871929430491e+01
7.275730075424779386e+01
6.773796371401942906e+01
6.999904149437652734e+01
6.665267431007470122e+01
7.027002725039506004e+01
7.273206872208662332e+01
7.009743081792525743e+01
7.024811659262670105e+01
6.815829824966468209e+01
7.151330746104358127e+01
6.677893368030999000e+01
6.719291074922905693e+01
7.105689180372787916e+01
6.984114017031204469e+01
7.362541601723533802e+01
7.212227461414926211e+01
7.014628202507890364e+01
6.888959902442121574e+01
7.238267765180118829e+01
7.036303639267630672e+01
6.964071228462984209e+01
7.153691725617920838e+01
6.906336172987792565e+01
6.823165128771712773e+01
6.998279642181248050e+01
6.925656417114760188e+01
6.427615728679251106e+01
7.223367202685993504e+01
6.734960066354545916e+01
6.938659216690049902e+01
6.928316517139477071e+01
7.033221447051825237e+01
6.872526813806983625e+01
6.831180733162912588e+01
6.699833334100711113e+01
6.740282331644010583e+01
7.255430566804203352e+01
7.218371788767365160e+01
6.671216313228381978e+01
6.981613968718794183e+01
6.494865871388689982e+01
6.942212408965514214e+01
6.719060690692680282e+01
7.089969441480501189e+01
7.117857012988973509e+01
7.077993555644064827e+01
7.058619979701586544e+01
7.004461315212739692e+01
7.295868329203820224e+01
6.619962423318717981e+01
6.722458626144701554e+01
6.896203600849645454e+01
6.967201410011989537e+01
6.879710903083625340e+01
6.713758652357901724e+01
7.023648715638128692e+01
6.874228860373192163e+01
6.883218057246136823e+01
6.694714407595377281e+01
6.691245584695701609e+01
6.915929513612664437e+01
6.742719862243689022e+01
7.092227496653811158e+01
6.682376542586048629e+01
7.219463357908789192e+01
6.844776859870395924e+01
6.852653912174412199e+01
6.956817253721231964e+01
7.046457952726781571e+01
7.207687771628576456e+01
7.102503682653724582e+01
6.832765605221240435e+01
6.649922905527169803e+01
7.144566384376497581e+01
7.064793003747237776e+01
6.856252976027121804e+01
6.755304163558753316e+01
7.010821567047742064e+01
6.974598881539318995e+01
6.584648668510192238e+01
6.835743199775049561e+01
7.128508065050847620e+01
7.174907894543139264e+01
6.905446820469035174e+01
6.875744496816736273e+01
6.932303741602348168e+01
6.872375187881252145e+01
6.749776641509494368e+01
6.898483731672585861e+01
7.150188007761485665e+01
6.793606260869482583e+01
7.050065721599887070e+01
7.201623693153393901e+01
7.292585229146678216e+01
7.107971734814987030e+01
6.962168653777449379e+01
6.958279098862841749e+01
7.003148200503324006e+01
6.756676297673830334e+01
6.998267772005492304e+01
6.669558113758600371e+01
7.087010167932407967e+01
7.103265659263048803e+01
7.211292409864611841e+01
6.990701096875886833e+01
6.910133834352086524e+01
7.253617959861196596e+01
6.805755655022836947e+01
7.193108713123855580e+01
7.088911280809867321e+01
6.667215967863951676e+01
6.776662675702317529e+01
6.684757017431157067e+01
6.832509686001361615e+01
6.462150632568881292e+01
7.089220764912113282e+01
7.091638112555952489e+01
6.779454465837412158e+01
7.000628309717808406e+01
7.123680934138860721e+01
6.787001899457096954e+01
7.289892782468946564e+01
6.739368377666080789e+01
6.619413817230079644e+01
6.534549720649162907e+01
7.343381692681670359e+01
6.818237688056868251e+01
6.841772370037809026e+01
7.138861450927815611e+01
7.031357158337237934e+01
6.611612592254877541e+01
7.018978925333061625e+01
6.863306957477806236e+01
6.923377737833249057e+01
7.055434746494177034e+01
6.827583041396457020e+01
7.120194268492467415e+01
6.884488187654376645e+01
7.275869418665979538e+01
7.138964736139881495e+01
6.813874155338454841e+01
6.817218047009029647e+01
6.801371677296391738e+01
7.190776062232828281e+01
6.882064970748990618e+01
7.270450405744284694e+01
6.763148026314416938e+01
6.795234233721095052e+01
6.741734795621212584e+01
6.842219553039637958e+01
6.821077195839828278e+01
6.865998219033866690e+01
7.245771856070145134e+01
6.517027026880393237e+01
6.978521870347569234e+01
7.082208571383711160e+01
7.039616881431437889e+01
7.083238719555487251e+01
7.118765049039438964e+01
6.640986745036498462e+01
6.618682275470632703e+01
6.750132975450117101e+01
7.139134727956928828e+01
7.079273473674058437e+01
6.724856930236371966e+01
6.659334339170294470e+01
6.775353047402271045e+01
6.827888244777366822e+01
7.083545637702933107e+01
6.975332154814698526e+01
6.868915786333018048e+01
7.044350314275546054e+01
6.645112257217796525e+01
7.334102583100579409e+01
6.553044739991420897e+01
6.777883960588810908e+01
6.992343181921532391e+01
6.915595227139326084e+01
7.267213663163978765e+01
6.906008218139189125e+01
7.352533945277160399e+01
6.981313067113998727e+01
6.761521780249265134e+01
6.994623421750897307e+01
7.032516299082442401e+01
7.105507796391128750e+01
6.662438002438680940e+01
7.183925447383478513e+01
6.905060102514458720e+01
6.811393898066097563e+01
6.585496086097896296e+01
6.788721510173796503e+01
6.938663795904263054e+01
6.848968262696988063e+01
7.019466281997694068e+01
7.113223250940106368e+01
6.856257270168185869e+01
7.162224562757629087e+01
6.967193028124717102e+01
6.893283793103329060e+01
6.908889993533891527e+01
6.625317358401059664e+01
6.982864833996968912e+01
7.256487841032205210e+01
6.523781705653277641e+01
6.791567211982136598e+01
6.559314821467391710e+01
6.829678761195299330e+01
7.078314002102527525e+01
7.295062435196589945e+01
6.663355122996682667e+01
6.680666186546251595e+01
7.007917017210638733e+01
6.708123047237057790e+01
7.052550443650349621e+01
7.031131597362180230e+01
7.117495923226408649e+01
6.731803113591560361e+01
7.277282222423718849e+01
7.022871722152402185e+01
6.919318831957374982e+01
6.876412972852712358e+01
6.764754876670470196e+01
6.756360275554465034e+01
7.178607111060517809e+01
6.918170008296391416e+01
7.008827978964259842e+01
7.000535768942430082e+01
7.151968976520763022e+01
6.919577778392229561e+01
7.006178663698806020e+01
6.965142754532209324e+01
7.153626621025578913e+01
7.167203946538141679e+01
6.746686945942713010e+01
6.972145797293259761e+01
7.087266360737815774e+01
7.057027506338192779e+01
7.051202109774099824e+01
7.375745635479302109e+01
7.037945514889877074e+01
7.102286166032237702e+01
6.807016267346230620e+01
7.152310832465659018e+01
6.728459125816070241e+01
6.868193616179163996e+01
6.926679445502600174e+01
7.130573984904280849e+01
6.656794517071762129e+01
6.868200556277297153e+01
6.570514005568855964e+01
7.322565966008730243e+01
7.089648140829352485e+01
7.025675001970562050e+01
6.799208060877509752e+01
6.861245901233942845e+01
6.628634319844050538e+01
6.691622283266983118e+01
7.154598831417008853e+01
6.894320562964260546e+01
7.255063892087230215e+01
6.865200739709504774e+01
7.007688979958327025e+01
7.011375780214538622e+01
6.712237619792659871e+01
6.941741930588200660e+01
6.907148225637453720e+01
7.127050770496816767e+01
7.119232366519680966e+01
6.664944834219150493e+01
6.986472105139684174e+01
6.817539325991420185e+01
6.741070493628446059e+01
7.279943835058907098e+01
7.250481917318022340e+01
6.965906549176241924e+01
7.175131443345659932e+01
7.390582475096289272e+01
6.904306778741820949e+01
6.736486137955614595e+01
6.981803111805623985e+01
7.093420359409621767e+01
7.182638971893874213e+01
7.250839289735080229e+01
7.007023237474913913e+01
6.836415283098922657e+01
6.743631316221780025e+01
6.803961462815739480e+01
6.799130724223591926e+01
6.906959101116007105e+01
6.784599875478070885e+01
7.069423968777724099e+01
6.983083010532222090e+01
6.788150010060306272e+01
6.816713506871889194e+01
6.949183856008482962e+01
7.172563143287206344e+01
6.919920703221430358e+01
6.933666937961046983e+01
7.307235876684563891e+01
6.760065008730715874e+01
6.794728910784226628e+01
7.274147693274962023e+01
7.062467584957175859e+01
6.865238479698032847e+01
6.933356760340949165e+01
6.689988351282370616e+01
7.000567568035472732e+01
7.130191471170005002e+01
6.953038191032968030e+01
6.827505630242885104e+01
6.834889067945499619e+01
7.091475513378318851e+01
6.844647885546055477e+01
6.911906038809991060e+01
7.328570576321106955e+01
7.213171762847524349e+01
6.730594372894486810e+01
6.777067324024747563e+01
7.213892293085145013e+01
6.810859806149416329e+01
6.628487027884790450e+01
6.677800967283343425e+01
6.895477382322312110e+01
6.639656923196561422e+01
7.118035261900919863e+01
6.747883290111735732e+01
7.083565781250419491e+01
7.207970176763133452e+01
6.755294198291019825e+01
6.721211029114911639e+01
6.945195834799932300e+01
7.120465764922357721e+01
7.150387609332896943e+01
6.663104820307142973e+01
7.205546868815216044e+01
7.089181368347611567e+01
7.189024469826733821e+01
7.072720902809646759e+01
6.975820098927607660e+01
7.284722402640595362e+01
6.795271670953157184e+01
6.978287110995896114e+01
7.038472522898132411e+01
6.701118738645025985e+01
6.528615524499717537e+01
7.181899125956306307e+01
6.993651425955441425e+01
6.649541949657540840e+01
6.719364641520502346e+01
7.048648438005230332e+01
6.975767910280305273e+01
7.055901138663548977e+01
6.881766968495333003e+01
6.572193391404148599e+01
6.829611049474833351e+01
6.866240502967772841e+01
6.957338325626061248e+01
6.505068084487528779e+01
7.031884302550513155e+01
6.915679324091227897e+01
7.442673322214488962e+01
6.446536100253294421e+01
7.334204621288614590e+01
6.883052672961169094e+01
7.259877136977083012e+01
7.310776754826738966e+01
7.230923723081505727e+01
6.957261746442839012e+01
7.021835684546168466e+01
6.800839701079644328e+01
6.715369373086178939e+01
7.220274388022949097e+01
6.858866526571932809e+01
6.600156175675265047e+01
7.130441274011386099e+01
6.886125210635336202e+01
6.823197061722331114e+01
6.778231761075960549e+01
7.032800376612071602e+01
6.816265943481407419e+01
6.728873748314931902e+01
6.962177872224700081e+01
7.254787445879482277e+01
6.863566926235597521e+01
7.111287233338285318e+01
6.796990518408919968e+01
6.866110059514042518e+01
7.058965332162907202e+01
6.824029239307304806e+01
6.710696479118156788e+01
6.719265228932621881e+01
7.297406182344977310e+01
7.171604363745728961e+01
6.785183550661079721e+01
6.789801490965899688e+01
6.908817979286456534e+01
7.166057117644868413e+01
7.094392924053295246e+01
6.794867367932600644e+01
7.058645539962212467e+01
7.346362349716429208e+01
7.221694721122381111e+01
6.667762972252131703e+01
6.883384218660020792e+01
6.920348690627552912e+01
6.738208108316476341e+01
7.129628816749803377e+01
6.679285248362135974e+01
7.102684407422208324e+01
7.131609849999369999e+01
6.947225080592365032e+01
6.980323919052831627e+01
6.873086735544193004e+01
6.833194572043667847e+01
6.846335038780549098e+01
7.106461595833347644e+01
6.781305736571671616e+01
6.945679941718142913e+01
6.498192086931575773e+01
7.243771761097815443e+01
6.956623581079117002e+01
6.944933246456852771e+01
6.583778549024462734e+01
7.142110264437991418e+01
6.909817229132478644e+01
6.754510239709640018e+01
6.640494385237231256e+01
7.116200980594862813e+01
6.896843786484569705e+01
6.741921935366086416e+01
6.853430494901243719e+01
7.095527019812632830e+01
6.694557819111115293e+01
6.812263285235727039e+01
6.940810434965064246e+01
6.954925314803205083e+01
7.305873092662760371e+01
6.636958892528778620e+01
6.935614570021860459e+01
6.693590403522478027e+01
6.873074643433865560e+01
7.213670726720673088e+01
7.012650621991397770e+01
6.751901259691794621e+01
6.879989244512518098e+01
6.830477464552343747e+01
6.318368626328385318e+01
7.107461761819224932e+01
7.132295973340460193e+01
6.778468436962448607e+01
6.847908772776474962e+01
6.643265134949903938e+01
7.084543157003790270e+01
7.070143174065691483e+01
6.835151670248959022e+01
6.819905460479620274e+01
6.616089875921267094e+01
6.781646156359347799e+01
6.677851348855701019e+01
7.044923221402090974e+01
6.966746608189104961e+01
7.134870110292385448e+01
6.852558414380916929e+01
7.370951009023723088e+01
7.015026426736299925e+01
7.250971680535258201e+01
7.055577422102240348e+01
6.937792384358465370e+01
7.012391087677463020e+01
6.843891374316170584e+01
7.140858827641994822e+01
7.300272586082155613e+01
6.675623145742467557e+01
6.533318527214598248e+01
7.292874923045339131e+01
6.874713246483335638e+01
6.958836196224004311e+01
6.874632499603420399e+01
7.312122075624760953e+01
6.753068370911786644e+01
6.967529736903306059e+01
6.676665620414550517e+01
6.774240100467217474e+01
7.334619939384522525e+01
6.854076792638272764e+01
7.172402561319921688e+01
6.427173166752201894e+01
6.764614318358675860e+01
7.158551001315790074e+01
6.919408051386814407e+01
7.003854769764419075e+01
6.980867380366223074e+01
7.225752863062379561e+01
6.631264652037393148e+01
6.818980957554319389e+01
7.194453840017916946e+01
6.583189153179597497e+01
6.757802207460584043e+01
7.124304256494991705e+01
7.164792717144629819e+01
7.044303243763815203e+01
7.174623360663233029e+01
6.865647324648224981e+01
6.842591407036161399e+01
6.841011909537473912e+01
6.879691123392548491e+01
7.236685527869761358e+01
7.063607569912710460e+01
7.031058142375039210e+01
6.833558441986349408e+01
7.062811641976260546e+01
7.183888070027364847e+01
6.951075774262741902e+01
7.295926969856202504e+01
7.315410511096953883e+01
6.593823286218852786e+01
6.687074449279751320e+01
7.286023192754251454e+01
6.741347827751933153e+01
7.012485438400987903e+01
6.816520370568755993e+01
6.930032132311342252e+01
6.953878988267427985e+01
7.040844438634533731e+01
6.693447368391655061e+01
7.298814662681098753e+01
6.964641272842894182e+01
6.661180871938405801e+01
6.724018892770888556e+01
6.827022059559890010e+01
7.062523627740360155e+01
7.280013403748340295e+01
7.026715548252249732e+01
7.089707670088078828e+01
7.199746113077087273e+01
6.995150058706394702e+01
7.113155397173255778e+01
7.025491383420785496e+01
6.830528357471078493e+01
6.638293899597908876e+01
6.780736815898804082e+01
6.945923030377932150e+01
6.752308884902043928e+01
7.172742377098849431e+01
6.475402646280792851e+01
6.652379866268948660e+01
6.548121506093248456e+01
7.207205626854738512e+01
6.892045549882197975e+01
7.166795578367613473e+01
6.805593209728459669e+01
6.919970521289909016e+01
7.416354259240890201e+01
6.982157015555816315e+01
7.011029206492349886e+01
6.723592996757598428e+01
7.107350938266372964e+01
7.052534482652862380e+01
7.027301398123809406e+01
6.746906884671626869e+01
7.506076625035531436e+01
7.051279206538907829e+01
6.773504065175623623e+01
6.846302445253357405e+01
6.989611114877355647e+01
6.922178269663652372e+01
6.680087699229160592e+01
6.364789386812990557e+01
6.852468524640832470e+01
7.109299445794513872e+01
7.166846573843291424e+01
7.120409265971377977e+01
7.182570849649371780e+01
6.983186483032497449e+01
7.054421380263180197e+01
7.001160556403080193e+01
6.667190364510790346e+01
6.594834698497575687e+01
6.760148233926986450e+01
6.701629189060356850e+01
6.902707842788056780e+01
6.688732299669284487e+01
6.835631144066523746e+01
7.200832171549193106e+01
7.126251902251861736e+01
6.828866152409969459e+01
6.869243662674331574e+01
6.912243228093197445e+01
7.036569523605218990e+01
7.049291337639166954e+01
6.818834891205538895e+01
6.805445806392725672e+01
7.139027569730446032e+01
7.028827341626011105e+01
7.279397947712845962e+01
7.331152794745997880e+01
6.617139406691816816e+01
7.046003056558524236e+01
6.869537654513555935e+01
6.823580697349963486e+01
7.251565770164390301e+01
6.842098566278532701e+01
6.847743779994466706e+01
6.683709606647001067e+01
7.129621791342381698e+01
7.030212660905320377e+01
7.010759300881127842e+01
6.992588860092656944e+01
6.818585628419648970e+01
6.789886012045357688e+01
6.927616414805461886e+01
6.796224791126785192e+01
7.081486493942989568e+01
6.991021948515597728e+01
6.875328730399436949e+01
6.787725896214821830e+01
7.043122098900173000e+01
6.991965936716962915e+01
6.932144757626679166e+01
7.021730350565704271e+01
7.029250797105459014e+01
6.860349500646390197e+01
6.867287248496452889e+01
6.635845338854804254e+01
6.827449823772840887e+01
7.099822146115118926e+01
6.760950956126836786e+01
7.116913322811937803e+01
6.960384845907157114e+01
6.970529008842515850e+01
6.860709281918829561e+01
6.469450351423002132e+01
6.528100696089308030e+01
6.989525540279863947e+01
6.889681067775576651e+01
7.174959597462355987e+01
6.618552368724751034e+01
6.938618811505226347e+01
7.317698715469168746e+01
6.992663039293603333e+01
6.781178669223598376e+01
7.263196752042240689e+01
6.847686279920749541e+01
6.689056972399056633e+01
7.339731347131470329e+01
7.010087122346644151e+01
7.126335248035047698e+01
7.155766797276376678e+01
7.001736223697184869e+01
7.164956406578185977e+01
7.012353807265837702e+01
6.979384872782696903e+01
7.288363065992699319e+01
6.749025002725693412e+01
6.802267043415162107e+01
7.156960212278113431e+01
6.675965374241840777e+01
6.958758757453760779e+01
6.918802896841972938e+01
7.248411260824430258e+01
7.040523555945779322e+01
6.830525570446889105e+01
7.080975517500078809e+01
6.935509122366937618e+01
6.844995041372483513e+01
6.988178835069963668e+01
6.891359666056911237e+01
6.801754119253850206e+01
6.843239066077325106e+01
6.941244227445876902e+01
7.285232812299562966e+01
7.213662581313889177e+01
7.323154604724234673e+01
6.865240196864102984e+01
6.635925604194761718e+01
7.250929379939323383e+01
6.916349566480984379e+01
6.961647415468507916e+01
6.556088702620401421e+01
7.036587905872121951e+01
6.937054486761664407e+01
6.821584693007289957e+01
6.807451501954562900e+01
6.891052256439105861e+01
6.994423524457032215e+01
7.191890532036839545e+01
6.985520786566482343e+01
7.138765433371757752e+01
7.305624127278264268e+01
6.866861130257268542e+01
6.525110125644616232e+01
6.974039029693064151e+01
6.872582829575297581e+01
6.705738628997121964e+01
7.163604417146775916e+01
7.019703360246001012e+01
6.765060924393164044e+01
6.894070004288590781e+01
6.781033296438636171e+01
7.108576443224620789e+01
7.034842388888733922e+01
6.813374454761853372e+01
6.622913097716369180e+01
6.688187927107055941e+01
6.751930921915945305e+01
7.065657249116891592e+01
6.459389720617691921e+01
6.936928152389765501e+01
7.079093187806276433e+01
7.167375434549674651e+01
6.741436560787485632e+01
7.039962033133691932e+01
6.740928207491107571e+01
7.185780376032603556e+01
7.108260937201460195e+01
6.780846299397657617e+01
7.188054105160844642e+01
6.920420594340116338e+01
6.740486767454336814e+01
7.110408021187953409e+01
7.076564475159143797e+01
6.830956809090102411e+01
7.361335190489394620e+01
7.016392158917646782e+01
6.811913461220872534e+01
7.010355280656975197e+01
6.832372809789575285e+01
7.265844193547557950e+01
6.956810872617896280e+01
7.358806207234302121e+01
6.791648314425137301e+01
6.689256961507285837e+01
6.893805516559667979e+01
7.204326443501103938e+01
6.992738511686208369e+01
6.218800349957930251e+01
6.786360695765736750e+01
6.231720979455513287e+01
6.852117460993729026e+01
6.958460426469682147e+01
7.095562234381407052e+01
6.870310952295145057e+01
7.008275911223419996e+01
6.941112761934320474e+01
7.106151979917950712e+01
7.064422408547002874e+01
6.874071677615245335e+01
6.842783146901159341e+01
7.030321532711683119e+01
6.871568752934011570e+01
7.013529821921088114e+01
7.002484714592308990e+01
6.780589128507160979e+01
6.660589383674107467e+01
7.308169680620869713e+01
7.043951048108348800e+01
7.185684647932654912e+01
7.320754785356801619e+01
6.584671908630119219e+01
7.066100624972409605e+01
6.977378140776633586e+01
6.817655017486320901e+01
6.757753194588873669e+01
7.306853395000983653e+01
7.234255957203622245e+01
7.221134458908315423e+01
6.713227678276896881e+01
6.637268064334409701e+01
6.884623864767921475e+01
7.299662599746797298e+01
7.021067032954942988e+01
7.189889939269767183e+01
7.004680176734619579e+01
7.112787973609329129e+01
7.266193013748174678e+01
7.080260909891661925e+01
6.929441118223736851e+01
6.920272792827891806e+01
6.833130781749437688e+01
6.995504415910957619e+01
6.669277958925393079e+01
6.829570093325304470e+01
6.849667184419230637e+01
6.611785822168513960e+01
6.664388242503869719e+01
6.693424441905133904e+01
7.029071524045966157e+01
6.938994175288078736e+01
7.022785281744688746e+01
7.010106513289120755e+01
6.745739914275263516e+01
6.865184125457938080e+01
7.220931086035743363e+01
6.661750219416069285e+01
6.865682851075075632e+01
7.075180418600423593e+01
7.372855226289240704e+01
6.857668226239400155e+01
6.812054685725419745e+01
6.790698348574457555e+01
7.055833236015844534e+01
6.936911419269851820e+01
6.813436042684813287e+01
6.756107616760542101e+01
7.081400765775300954e+01
6.955205850408276547e+01
6.704404137881103054e+01
6.363284499574785258e+01
6.925955815008251193e+01
6.712980703591352949e+01
6.812816153307278455e+01
6.567805040494187097e+01
7.107965923424590926e+01
6.811189371210582522e+01
7.075941319753019343e+01
6.829725849255028436e+01
6.828870759732927809e+01
6.948285096601075850e+01
6.550333957380991023e+01
6.935246362280661003e+01
6.756639113870838287e+01
7.291373642151278034e+01
6.802166109712959496e+01
6.775080683473210286e+01
6.946309755429624033e+01
7.310062955912566451e+01
6.730112261560337572e+01
6.736219044493273600e+01
6.881716096484349521e+01
6.646085967578591180e+01
6.829742026873111627e+01
6.543817483126065326e+01
7.045964006573964866e+01
6.976455126185908284e+01
6.435534211756895218e+01
6.903067668921684685e+01
6.925034818498032507e+01
6.981026984128843083e+01
6.912887909393224106e+01
6.781956867397883570e+01
6.855115847106496574e+01
6.883167564990230858e+01
6.840098482395902124e+01
7.087231444851084916e+01
6.624166041411990591e+01
6.902266077601544225e+01
7.022198617378121810e+01
7.203498281372739598e+01
6.428881376090753008e+01
7.110771360862605661e+01
7.146543240779396911e+01
6.805590460463109537e+01
6.544366931921257446e+01
6.492413892346128534e+01
6.711999637857724110e+01
6.621721785032906382e+01
6.729708183674679844e+01
6.956577341379316692e+01
6.770242917300222985e+01
6.769014573224475839e+01
6.959173069684187851e+01
6.835158459554908461e+01
7.001058814977102429e+01
6.858790651623991153e+01
6.899666649917573125e+01
6.838715476696587814e+01
7.193289569751217982e+01
6.845582109925287284e+01
6.943283477107793544e+01
6.919237193601824742e+01
6.882281599173751374e+01
6.760308101999432040e+01
6.940132732632380907e+01
6.806875303458900817e+01
6.569226716713251335e+01
6.861520584880570084e+01
6.817034903168473647e+01
6.855787314237241503e+01
6.732503913389564332e+01
6.774554511330541118e+01
6.900544969505253334e+01
6.933115614043319397e+01
6.886795362133364051e+01
6.892664404429130798e+01
6.626535813508529316e+01
6.828852388022737330e+01
6.644569224117023509e+01
6.746355449690491923e+01
6.669412654644209226e+01
7.010769859053601749e+01
7.058913686239370122e+01
6.512916394700938838e+01
6.715052573671404446e+01
6.870569731197780072e+01
7.111212967882298130e+01
6.903803582630257552e+01
6.996783686058816443e+01
6.934968962192883168e+01
6.885168214687708144e+01
7.317642142716024978e+01
6.828125584185674768e+01
6.922522629240104663e+01
6.645489795727195315e+01
6.826227825830804363e+01
6.912669851333535576e+01
6.956960264154723461e+01
6.669124779007034931e+01
6.972027757775964574e+01
7.133973715413208083e+01
7.019289441644151850e+01
6.797216727890059929e+01
6.874627135229440000e+01
6.852093128003585321e+01
6.815151766012436951e+01
6.961683688315295626e+01
6.774000467571876527e+01
6.827151288260904494e+01
6.769213553658497062e+01
6.809047582968790380e+01
6.646225238102911703e+01
6.830380399748817410e+01
6.673272962971675781e+01
6.619992272821041013e+01
7.027459894597397749e+01
6.917205526529349413e+01
6.958825218872182461e+01
7.079040326943646733e+01
6.865445277572592886e+01
7.172962957798731054e+01
6.972111752502452475e+01
6.930668065103529329e+01
6.488037466842527579e+01
7.216386853695661330e+01
6.787226578735960913e+01
6.966204295659272816e+01
6.746638155912049228e+01
6.841590285392825876e+01
7.169575800339839589e+01
6.915690865288257783e+01
6.684022513241383479e+01
7.212915405471827057e+01
6.983557027020259511e+01
6.760764858763516827e+01
6.695860416182392783e+01
6.769507076160087422e+01
6.996949257955793655e+01
6.901555448227389888e+01
7.186452259350426175e+01
6.796335298919272816e+01
6.828986589522659756e+01
6.803610212699304327e+01
7.088850575509829355e+01
6.817552582798322192e+01
6.654746958706161308e+01
6.761738732583823719e+01
6.555259985241582399e+01
6.747713043672597166e+01
6.725425914494582003e+01
6.778263867649472729e+01
7.074667391638563174e+01
7.174594401883211958e+01
6.628292042972122999e+01
7.248810238793662108e+01
6.791827594739793028e+01
6.836000253958285100e+01
7.064266533552000737e+01
6.890912636785652978e+01
6.776869507174104967e+01
6.837702680916505926e+01
6.773689010982867842e+01
6.862845402301077513e+01
6.715479345512798659e+01
6.764949514077518700e+01
6.825383963168310686e+01
7.027100398351835508e+01
6.946872500643333126e+01
6.505001504077694108e+01
6.941048344757604127e+01
6.924398695754635469e+01
6.872728275505576789e+01
6.785195387276827717e+01
6.920360517839321801e+01
6.556060595019202708e+01
6.821621391422767999e+01
7.293150489913973900e+01
6.780139634043170815e+01
7.048156374546856284e+01
7.089326876560858182e+01
6.828708216110452156e+01
6.787330342837569219e+01
6.870607146971971702e+01
7.020111665304200699e+01
7.051927573400296012e+01
6.953024805389391361e+01
6.657453296536161247e+01
6.532273435536539807e+01
7.005528031059326111e+01
6.821752263938864758e+01
7.101422573648632408e+01
6.728009247180212071e+01
6.743755674077814888e+01
6.737847057277643614e+01
7.019448185404203855e+01
6.612824151117158067e+01
6.970934200711384676e+01
6.765970515520203321e+01
6.293404264913446156e+01
6.595995448847341436e+01
7.126400368983561862e+01
6.987238062058096943e+01
6.977020039433011789e+01
6.887643490150632886e+01
7.011823557063456747e+01
6.811931674407165360e+01
6.788859828530348750e+01
6.618746513131739562e+01
6.786382243204398890e+01
6.621437131543613930e+01
6.870618681715025389e+01
6.349169241215604131e+01
6.869748598102094661e+01
7.042248444414909159e+01
7.373204859841797543e+01
6.484091282574610204e+01
6.827902078209461934e+01
7.329816184101908050e+01
6.913168691701227431e+01
6.501447069941190193e+01
6.774719383779009263e+01
6.687632413752901073e+01
6.772776450261827108e+01
6.704302782216836931e+01
6.727247969921910453e+01
6.799291137839777832e+01
6.658084477117520805e+01
6.794295500359496032e+01
6.684926361498136771e+01
7.053879375915363426e+01
6.954524469580528034e+01
6.808011476372320203e+01
6.723050370491880301e+01
7.078148458363895656e+01
6.621541726108281978e+01
6.866086711751566440e+01
7.013608881414464236e+01
7.035532699663730227e+01
6.863777333215425358e+01
7.123969513763607608e+01
6.778617867192335211e+01
7.079672696196129777e+01
6.714572849357659834e+01
7.036916955702760390e+01
7.032708052992634862e+01
6.965159453423476066e+01
7.010332707484926118e+01
7.229925477522114363e+01
6.663360592325025777e+01
6.890715892868107062e+01
6.681074269645870345e+01
7.127329151651127859e+01
6.869788464088762225e+01
6.885256180896766409e+01
7.182537587683729896e+01
6.948344049799354138e+01
6.782958650533011280e+01
6.825462238507049051e+01
6.784568922092661580e+01
6.929414283384551254e+01
6.888019273133846809e+01
6.882836021339241483e+01
6.824220746052641573e+01
6.804666285922240831e+01
6.792822579790794180e+01
7.338316666636953300e+01
6.717282452179055952e+01
6.559584125519597819e+01
6.436769373021462570e+01
6.831499716716093928e+01
6.736760150651591061e+01
6.743487503232927338e+01
6.932518572137216495e+01
7.094519244082675868e+01
6.803141340367616863e+01
6.810746986053969465e+01
6.664650792583903183e+01
6.621064854238716180e+01
6.757460851838929727e+01
6.786290036675889326e+01
6.987329340439512748e+01
7.319049523356882503e+01
7.157292604554136517e+01
7.140790809311813803e+01
6.901185692069870470e+01
6.923480824164246883e+01
7.061351208408865432e+01
6.883580952029844013e+01
6.988797335373953956e+01
6.831618242616177383e+01
6.585226959077023423e+01
6.716577326818482163e+01
6.738044321753551458e+01
6.806069769157238625e+01
6.553700318436347061e+01
6.398123811860321553e+01
6.748742643049760659e+01
6.600115100440208948e+01
6.827043115618317870e+01
6.905392677189736617e+01
7.048698732127459721e+01
6.769726303976757720e+01
6.660816594598495044e+01
6.975362556662874169e+01
6.810679998919913203e+01
6.742052590488250985e+01
6.877437773244868424e+01
6.817119496254780131e+01
6.752869529236872381e+01
6.823993305524724917e+01
6.907051510165015884e+01
7.090548827317661562e+01
7.061256825123489023e+01
6.695545585326615878e+01
7.005746825944166289e+01
6.700119199186497099e+01
6.619135174249704789e+01
6.821615751065576205e+01
6.685280723602555497e+01
6.804662964479152265e+01
6.913840269348234813e+01
6.976812137024008109e+01
6.290204559169067267e+01
6.832958023172068351e+01
6.661278542008842862e+01
6.837318045690349777e+01
6.970149531170497426e+01
6.998747716754067483e+01
6.746731538304180731e+01
7.148231532446888536e+01
6.714403397602318080e+01
6.719476996338110553e+01
7.311709066562174542e+01
6.973339600092982948e+01
6.847956972084467964e+01
6.890156613723362966e+01
6.720154049503652516e+01
6.629720938359898241e+01
6.750969531313467087e+01
6.768763546749869420e+01
6.847234428985950672e+01
6.610840615774586126e+01
6.899218689341527977e+01
6.750791814522872869e+01
7.091201142995609530e+01
6.551210196731403812e+01
6.835718411019624341e+01
6.863028640995483443e+01
6.476540281482353123e+01
6.704119556190833862e+01
6.782286109245531236e+01
6.941141767143889751e+01
6.503090557349005962e+01
6.868099823810759119e+01
7.224218496410951218e+01
7.006720228519390048e+01
6.670277089755839484e+01
6.498328450452078187e+01
6.989885090455595673e+01
7.174917409929571477e+01
7.458691639645417126e+01
6.965618667565480848e+01
6.929891463291266973e+01
6.758165747638020093e+01
6.806523434515389681e+01
6.937679120951726475e+01
6.798840840962193965e+01
6.876114490211487862e+01
6.880835012755512992e+01
7.063259247208809199e+01
6.524893666415803750e+01
7.117313642650715622e+01
6.855132612040982565e+01
6.501650890301004893e+01
6.658180688959235738e+01
6.910870810664259523e+01
6.796602859683835618e+01
6.813412924632352485e+01
7.068818445532473049e+01
6.755328861024827347e+01
6.732374568360924627e+01
7.013702580063294079e+01
6.877168217235902148e+01
7.025286966636556940e+01
6.804469966261144975e+01
6.754892990260086094e+01
7.048145746214132146e+01
6.894358408307508057e+01
6.966068840928144823e+01
6.954424228382868023e+01
6.886376382936873597e+01
7.133143942031493623e+01
6.795531457730191960e+01
6.707522904691812471e+01
6.972344139852427247e+01
6.760604623170863192e+01
6.880932958361927376e+01
6.903303451460175211e+01
7.051398178945265727e+01
6.957316274271096290e+01
6.976703887170933172e+01
6.963498534347483826e+01
7.209062383008647146e+01
6.786125796856950387e+01
7.105123780522507104e+01
7.087455576098480492e+01
6.965971035275532586e+01
7.018427388460459326e+01
6.838411057310548813e+01
6.944136444456302115e+01
6.866483103209151295e+01
6.724243750889696969e+01
6.891743552211809742e+01
6.782305320123944625e+01
6.736042674954430254e+01
6.872050921182277250e+01
6.875479222107767896e+01
6.951348126908747815e+01
6.814380011056944397e+01
6.620657427914714788e+01
7.040885401689953937e+01
7.145190915505941121e+01
6.965263822357675849e+01
6.554215777529161358e+01
6.817179801025673669e+01
6.466668456191311520e+01
7.081271789119735161e+01
6.865093224211304346e+01
6.807743039028997600e+01
7.231845167508262762e+01
7.024591972578971877e+01
6.985294625683525283e+01
6.912461851806398272e+01
6.667967521414678345e+01
6.862030826588456023e+01
6.892559239696761608e+01
6.778879883610846946e+01
6.969436998636375336e+01
6.998039827428712556e+01
6.859067536588796088e+01
6.936337036156204761e+01
6.571486691710497041e+01
7.012827370981665354e+01
6.779382313766632251e+01
6.950868374173496989e+01
6.989911422542840569e+01
6.830645624986286180e+01
7.298694974436934046e+01
6.932396795851479965e+01
6.805372430218021407e+01
6.940669674706713010e+01
6.681621472650104465e+01
6.871920735364579969e+01
6.899689208797042284e+01
6.970249003480444117e+01
6.825707553664580018e+01
6.917639167629234009e+01
6.941116594237180948e+01
6.639961439918971564e+01
6.753249618485111228e+01
6.518747021262936414e+01
6.697085064781529695e+01
6.786681072045085727e+01
6.570213326765966144e+01
6.715117510744748586e+01
6.857974382647117295e+01
6.628915323245215063e+01
6.889516448889355615e+01
6.798756699535255166e+01
6.895159830526539224e+01
6.747877047906551695e+01
6.982914810867532651e+01
6.719041420642221851e+01
6.926756379254121043e+01
7.017623892764686389e+01
6.887063697710428301e+01
6.791616626358056408e+01
7.062961069286804161e+01
6.609775097409975331e+01
6.581931627588691924e+01
6.896112273265143244e+01
6.774132499059609813e+01
6.764222863708661748e+01
7.033244160052559835e+01
7.068310419615029616e+01
6.820536065449553575e+01
6.897929546128447953e+01
6.833339972801607587e+01
6.873716617981450838e+01
6.638792386661077671e+01
6.952715322713930846e+01
6.696720305843751930e+01
6.791408790937192919e+01
6.567584514600702050e+01
7.047144640933787230e+01
6.954695842235341274e+01
6.856640002729844241e+01
7.105876041127615395e+01
6.789133777769993117e+01
6.867835730124339477e+01
6.824539457908231554e+01
6.983116081124408936e+01
6.792303819581051982e+01
6.679916127179382102e+01
6.663368641966197004e+01
6.930195793078853228e+01
6.907327987500791266e+01
7.204766482733374744e+01
6.831250594387967112e+01
7.180292297147857994e+01
7.121028298876410645e+01
6.790828724232893876e+01
6.822435046236337541e+01
6.896987479586353231e+01
6.967871707888664901e+01
7.007946356941459953e+01
6.921944539242963401e+01
7.052890468811160929e+01
6.583065182772425317e+01
6.636098046540034545e+01
6.743305648476651015e+01
6.780086843778704520e+01
6.795925720986548413e+01
6.741264518784760185e+01
6.818240648586672137e+01
6.889433075209163349e+01
7.198948044583671901e+01
6.936907276647610843e+01
7.008086076478400628e+01
7.092255707265672982e+01
7.007627819087142029e+01
6.883902536010408824e+01
6.562922483997915890e+01
6.646316954060657167e+01
6.900642161226942051e+01
7.053300096564100841e+01
6.764229899959968861e+01
6.883655793697121794e+01
6.940844933209987744e+01
6.894180815284855157e+01
7.011577205321563611e+01
6.791597915328213730e+01
6.609979277961068078e+01
6.948764194646049930e+01
6.827498743716067509e+01
6.426167684508158118e+01
7.075744254335798189e+01
6.825051391621413188e+01
7.017448552602694178e+01
6.740880786623907284e+01
6.929811105377602587e+01
6.883579751425386917e+01
7.155982521780009620e+01
7.016981716213309994e+01
6.990561388895551431e+01
7.086244287173522594e+01
6.776013998300359731e+01
6.962694833571354991e+01
6.796377233388227523e+01
6.800311291049233375e+01
6.978527382491358821e+01
6.795954299318177050e+01
6.859882848844335967e+01
6.859729488345587356e+01
6.821902831220809560e+01
6.927510073100776822e+01
6.699011593789909114e+01
6.872457507829760459e+01
6.912201787298216971e+01
6.679788699125073492e+01
6.896907554119221118e+01
6.680289106386703679e+01
6.881589032639493553e+01
6.670397869478517805e+01
6.743181039359863860e+01
6.796353483364785575e+01
6.783145750847032218e+01
7.029696401759048285e+01
6.811633800386836413e+01
6.991158139666106308e+01
6.529292582758398567e+01
6.736955677394922759e+01
6.699822990473575146e+01
6.711402023837635511e+01
6.863326001592383818e+01
6.866943204264782707e+01
6.627562554448589083e+01
6.679091335210408431e+01
6.742715103200977467e+01
7.048589827221708504e+01
6.853513657901832801e+01
6.665308789082405383e+01
6.930014810633332445e+01
6.742111344671860707e+01
6.966051642654812781e+01
6.599071287400865060e+01
6.820217006985804176e+01
6.568796715071403014e+01
7.044690777721032759e+01
6.659828634247028845e+01
7.013905348701121056e+01
6.775039201176653592e+01
6.780487020823048283e+01
7.144993649086751475e+01
6.953153939585348553e+01
6.687867752428076074e+01
6.739739223347913821e+01
6.801019576549418844e+01
6.757396787190612031e+01
6.740383799482475524e+01
6.871562399202896643e+01
6.845307594224792069e+01
7.093041906730104529e+01
6.854381033837404402e+01
6.805276542792984174e+01
7.364665277530764342e+01
6.924271409196677496e+01
6.718322761746881611e+01
6.691923878738901976e+01
6.400388249521486728e+01
6.628844932094735043e+01
6.852616995383984033e+01
6.678414218558836524e+01
6.758297975718652140e+01
6.932505019296817750e+01
6.841379998675448348e+01
6.681173477256427873e+01
6.670748557152913349e+01
6.995549580644475895e+01
7.047697611902249548e+01
6.623788218445758957e+01
6.720703771627145784e+01
6.852445221554734189e+01
6.814111841386099400e+01
7.136992155481750899e+01
6.824861922908252154e+01
6.495721600644849048e+01
6.887969930050286393e+01
6.959204648062672049e+01
6.904605903904132447e+01
6.731641066880240487e+01
6.841492547686635817e+01
6.582229457492385905e+01
7.192739204388492169e+01
6.757338417703138589e+01
7.069403778987954468e+01
6.736482164948364471e+01
7.037828965657296010e+01
7.153545436752852993e+01
6.453609828615677202e+01
6.565649429790146030e+01
7.135202341398601789e+01
7.081455867108850555e+01
6.835327335519946246e+01
6.836613777669390402e+01
6.797581714671130726e+01
7.127725088620462657e+01
7.088227071995406448e+01
6.783327976613966825e+01
6.783016024799249521e+01
6.940977461682616934e+01
6.765681053766707009e+01
7.035543902862337973e+01
6.851317391494794151e+01
6.949368870133351095e+01
6.789569146039670500e+01
6.773712759612912748e+01
6.755723169182607535e+01
6.932092631387440917e+01
6.861833545517859534e+01
7.025549722074302395e+01
6.901689551772841469e+01
6.565511388127785608e+01
6.597287809626570265e+01
6.913605000053328808e+01
7.066251903889045138e+01
6.897277117349614173e+01
6.748033155332615252e+01
7.019968817152522433e+01
6.463038079959625293e+01
6.824317579101645492e+01
6.901836089521219719e+01
6.915031826326156761e+01
6.854729009004836371e+01
6.910030389441008936e+01
6.772437487787308896e+01
6.880069335643597128e+01
6.516038436203227491e+01
6.560617599782744946e+01
6.607228091029683981e+01
6.907809923362705717e+01
6.528311346356842648e+01
6.797645126804000881e+01
6.546413883631790043e+01
6.745841010523265879e+01
6.945553721374001555e+01
6.926053242740904636e+01
7.061165795003074663e+01
6.736079087248951680e+01
6.665497199450857124e+01
7.166508841289120824e+01
6.687520373113815708e+01
7.064622653409399788e+01
6.691965678816950458e+01
6.813943469135506348e+01
6.719207508564591080e+01
6.506954937310646869e+01
6.732604607115703743e+01
6.887787152798512125e+01
6.637414414926402628e+01
7.300348331902752363e+01
7.109598071935083397e+01
7.202286029195883543e+01
6.835704588910388679e+01
6.793420509051389899e+01
7.049687373797915768e+01
6.802769355033299803e+01
7.011764790885951015e+01
7.051381392495781597e+01
6.716081798545809534e+01
6.719841287261873219e+01
6.824424713100023610e+01
6.821095181070302260e+01
6.517687520271277890e+01
6.579537054511173721e+01
6.693314730998254447e+01
6.357433417580391932e+01
6.991332387353691047e+01
6.763454412982407860e+01
6.834754426921674053e+01
6.964658628875214674e+01
6.567917317360385709e+01
7.297602280900942162e+01
6.866228751312696943e+01
6.855750895742835382e+01
6.797252880278423959e+01
6.846602143782440919e+01
7.000436226773985027e+01
6.931088195535927809e+01
6.782014571962832861e+01
6.923659358587474344e+01
6.542438137605142856e+01
6.847786965590475461e+01
6.837952195776504993e+01
6.768039597372916205e+01
7.011100787184236083e+01
7.183703745689049924e+01
6.832523660973166102e+01
6.841598054688881803e+01
6.922347370783795384e+01
6.959962182349865145e+01
6.817748501110182247e+01
6.895123788920875540e+01
6.946954738964110732e+01
7.077414919007668459e+01
6.452590178178041924e+01
6.415729765591802902e+01
6.965541707279741956e+01
6.804469551344463696e+01
6.662364074500224831e+01
6.809572771746348963e+01
6.988328436462488469e+01
6.762297034420006980e+01
7.002072265449737642e+01
6.806944075978395858e+01
6.782353775314575728e+01
6.785804540737368029e+01
6.699605114622613655e+01
6.950488048265526686e+01
6.831572166266856527e+01
6.652159184134039549e+01
6.773622944343310337e+01
6.851697695221835716e+01
6.728649918410772557e+01
6.794686880440829668e+01
6.791663130600176146e+01
6.606287851426664304e+01
7.094192606758360853e+01
6.941185813698724871e+01
7.038591033317445067e+01
6.831572020823995217e+01
7.034192124136208690e+01
6.592307320839924500e+01
6.992009046926513349e+01
6.725643832527784127e+01
6.345802254403324127e+01
6.783677803396570027e+01
6.952581119979626578e+01
7.186557590182056288e+01
6.981431502589380500e+01
6.895767046311912907e+01
6.825501763578893133e+01
6.876497802882545329e+01
6.559133675025336174e+01
6.786543614128767388e+01
6.716639460246096860e+01
6.632181310942911523e+01
6.842060454021043370e+01
6.634095020296200573e+01
6.839402009938545746e+01
6.641973439630660891e+01
6.801921187763940679e+01
6.757380160671719693e+01
7.067703534284535749e+01
6.927010745437659978e+01
6.880527464389467696e+01
6.823701085635300956e+01
7.036084587398242718e+01
6.715006692163073865e+01
6.890874236860503288e+01
6.895959398349482683e+01
6.778615806493503726e+01
6.843746142798660514e+01
7.448359799449563923e+01
6.962448448634002318e+01
6.894821256791581732e+01
6.839919599997965349e+01
6.839617103312482982e+01
6.816006275163883288e+01
6.916922958171309688e+01
6.595720550634294455e+01
7.208394017323718117e+01
6.573194010943659293e+01
7.310410346290507277e+01
6.903649314216471566e+01
6.769161629839263128e+01
6.853268928077960709e+01
6.906715149225568950e+01
6.745070669819791931e+01
6.826615127683196249e+01
6.664090253229583993e+01
7.115448649234778600e+01
6.837435979870654990e+01
7.067767393907217865e+01
6.681509405733015683e+01
6.710422130179111377e+01
6.772163086608382798e+01
6.732312015390601800e+01
6.728858829878838321e+01
6.612209085517362439e+01
6.948987950008122993e+01
6.799583153702424454e+01
6.779548592695319087e+01
6.956177972338592497e+01
6.799832368673993699e+01
6.947035109346511206e+01
7.286888520692929205e+01
6.857441856792513590e+01
6.392904514892056511e+01
6.730229310280506638e+01
6.730121155465269567e+01
6.780899772202599252e+01
6.670112897399936003e+01
6.812686281595061644e+01
6.998365919646028033e+01
6.707832274919533688e+01
6.513680685558747996e+01
6.852534065099854388e+01
6.984919047418394200e+01
6.737185252269122770e+01
6.980999712514582711e+01
7.043596234173080006e+01
7.006413604563692843e+01
6.732375863931582671e+01
7.185805002361784943e+01
6.983835567957970625e+01
6.906490393758339508e+01
7.242397817521157322e+01
6.701183258712273982e+01
6.839295910618162111e+01
7.037855996979953943e+01
6.705935556111424489e+01
6.890668179459487419e+01
7.152639257093105130e+01
6.898819692429962913e+01
6.779621982731660523e+01
6.557956896065851993e+01
6.670127119755315448e+01
6.906059960317017499e+01
6.802028217075323369e+01
6.871127462244227502e+01
6.832904163607324222e+01
7.025370951100521211e+01
6.979265178883836995e+01
6.652346432909872931e+01
6.964374000757032945e+01
6.625439445012951012e+01
6.798906091836843757e+01
7.034938796722779841e+01
7.263242370893583200e+01
6.790877295908012456e+01
6.452412133363831970e+01
6.599715297256888391e+01
6.442518911547490745e+01
7.129448408363928991e+01
6.861231629144290878e+01
6.627749464979552840e+01
6.875144016475763920e+01
6.975218948052955170e+01
6.831114014939907975e+01
6.958149332775083451e+01
6.932951112127571491e+01
6.987344440062918238e+01
7.040169397995528300e+01
6.868077308249641533e+01
6.903601783750787035e+01
6.859346602611748267e+01
6.988239124180186934e+01
6.882078449421069877e+01
6.852220630621623343e+01
7.008817237826076507e+01
6.936121583593482853e+01
6.788352822815434706e+01
6.628761725924752568e+01
6.953154810718775991e+01
6.526487555319357625e+01
7.013333084386064797e+01
6.870080794052600481e+01
6.865850907886026278e+01
6.691234569596278448e+01
6.663622380266684786e+01
6.792848174739418710e+01
6.656322238154800175e+01
6.801154621666572098e+01
6.885772093308897013e+01
7.023731686563667154e+01
7.217559822740314246e+01
6.865085451041136366e+01
6.585547226874743387e+01
6.834452664873334982e+01
6.891364821247304917e+01
7.171155710947208206e+01
6.847041367733621087e+01
6.926853230528021754e+01
6.624494807651484507e+01
6.972919580050552213e+01
6.850523067628407148e+01
6.577037655977760267e+01
6.722588063948721526e+01
6.920795710525089817e+01
6.787935304395982428e+01
6.211366625958888932e+01
6.991691870382970819e+01
6.859343051449479844e+01
7.300220997267547318e+01
6.726009596890877162e+01
7.239518501012568663e+01
7.013572431820743702e+01
6.875739170558063051e+01
6.923489297556389488e+01
6.836219550949920176e+01
6.729240549033440288e+01
6.834591518397388654e+01
6.942041132815852222e+01
6.880966247777777767e+01
7.215096353009056429e+01
6.855900459041504291e+01
6.998983204754554777e+01
6.734054811957336995e+01
6.876601480843754644e+01
6.843880238066263644e+01
6.841662682360028214e+01
6.818498443578207002e+01
7.101137572595675351e+01
6.656606188101945065e+01
6.684422880320815352e+01
6.607460975506944578e+01
7.039685583348594378e+01
6.734759023917064269e+01
6.931566568557545338e+01
6.826390451081192623e+01
6.860245841885848961e+01
6.568980455537015928e+01
7.038281567457454457e+01
6.810136821002117813e+01
6.927583999260733094e+01
6.726595151446277043e+01
6.809782452549451648e+01
6.817054290513640069e+01
6.753391980765395886e+01
6.678819666275725808e+01
6.876868372130891771e+01
6.800276889255852097e+01
6.952623616006314933e+01
6.963250056710157310e+01
6.950465208818158658e+01
6.821814815353747008e+01
6.565946429338504231e+01
6.873518385078986626e+01
6.486073502737968965e+01
6.582285444771150651e+01
6.786299817393441458e+01
6.972899379594494462e+01
6.813234686231486137e+01
6.701716853812148145e+01
6.953252591564262275e+01
7.332088294664612249e+01
6.649663127994456602e+01
6.831951190328096857e+01
6.682468801324168339e+01
6.898197413488962582e+01
6.997647047048126012e+01
6.844300525613950015e+01
6.868410559656597059e+01
6.973603038204532822e+01
7.167982811877077154e+01
6.866889286816575577e+01
7.268702363870804106e+01
7.079144805469852031e+01
6.845883731337343647e+01
6.779487759549787995e+01
6.668328107200696309e+01
6.772011921247052157e+01
7.034620550250497217e+01
6.912392499463113893e+01
6.750931741380161100e+01
6.656625027088098534e+01
6.713195288774539904e+01
6.831257119330975058e+01
7.037901853369396576e+01
6.904381361143551032e+01
6.669366290974201661e+01
6.642638972812639508e+01
6.896985671789332173e+01
6.985324234893614914e+01
6.926220569413280259e+01
6.668414684451629171e+01
6.779751029505993642e+01
6.695295392766715281e+01
7.111711034781731655e+01
6.631251200272478741e+01
6.771651422958227329e+01
6.786704906359415190e+01
6.914721094977537064e+01
7.035771874761944389e+01
6.938154157753130846e+01
6.549545591946260004e+01
7.005102706752334996e+01
7.029413198696335030e+01
6.775619001449030065e+01
6.606614411883987259e+01
6.817076266622702008e+01
6.964982729436275122e+01
6.767370666094083731e+01
6.799169446465694477e+01
7.002284571114569189e+01
6.707503584981547817e+01
6.803518212459681536e+01
6.607192452114571779e+01
6.756877270634001320e+01
6.839091492654479509e+01
6.955538716910902508e+01
6.853926138973139359e+01
6.779395893376863569e+01
6.609358484123308131e+01
6.724772471402680196e+01
7.015406539862442514e+01
6.690429605710536975e+01
6.792961108119806113e+01
7.019473784266280347e+01
6.882161873587585887e+01
7.114742618956566389e+01
7.022655900270592610e+01
6.759407377401817030e+01
7.050822591114084048e+01
6.957199238950863673e+01
7.034873152371702076e+01
7.108546234506323458e+01
6.816173366120212052e+01
6.688983078591024878e+01
6.788068345262622927e+01
6.818475152921512006e+01
6.930648217036936387e+01
6.933805908881996061e+01
7.108198946089669334e+01
6.821546040106645137e+01
6.850025948640372064e+01
6.873081768392580670e+01
6.719743665907387253e+01
6.636472235763012861e+01
7.080338913123094358e+01
6.923958208141809223e+01
6.780632706543183019e+01
6.845140432354511972e+01
7.078315122795657999e+01
6.621945493884078360e+01
6.985935776206821402e+01
6.747603135141648067e+01
6.544420054574132450e+01
6.702507816515210948e+01
6.797711542672766427e+01
6.925765089418146658e+01
6.901693535085155418e+01
6.845572717406861329e+01
6.981187419106134939e+01
7.026703560253324099e+01
7.055999827381191380e+01
6.874795483890842718e+01
6.828115392125462790e+01
7.009745949625244066e+01
6.855272086606765924e+01
7.193465673594718623e+01
7.104700725829360408e+01
6.965884583702639077e+01
6.919213357589329405e+01
6.806223958846427990e+01
6.716642940414176621e+01
6.985767192744918930e+01
6.770840959211815857e+01
6.728960842633271966e+01
6.798324285794251409e+01
6.634689340248209533e+01
6.630429551589196535e+01
6.404862411108352660e+01
7.019991378013023109e+01
6.843327652612455836e+01
7.003102441144358181e+01
6.830492016518759613e+01
6.903904440749576565e+01
6.952787784473784427e+01
6.760898132266954974e+01
6.952395596818672630e+01
6.989517721507493775e+01
7.223238755233086295e+01
7.056011195189768159e+01
6.806974478547746799e+01
6.678471252366784938e+01
6.631463986464282812e+01
6.934332426861310239e+01
6.774032480819599300e+01
6.950099402828391248e+01
6.342006830877511447e+01
6.701521498739269589e+01
6.718083433127563353e+01
6.933859361819695266e+01
6.930757819870260050e+01
6.871365794442151298e+01
7.046335434642870155e+01
6.905410456016448961e+01
7.269557304452064272e+01
6.654768719187927672e+01
6.543603805719462230e+01
6.785362768912749232e+01
7.095722541585277554e+01
6.503546882997372336e+01
6.694827130850313779e+01
6.680503226633761926e+01
6.951046965310820269e+01
6.650035255423209435e+01
7.475351411161351223e+01
6.684181744765336930e+01
6.805744720086624966e+01
6.828131668868775250e+01
6.950964401793430625e+01
6.673273525503464043e+01
6.674411546738072332e+01
6.711625690887370865e+01
6.761991883626323840e+01
6.828437323812701720e+01
6.977372002312066002e+01
6.726006100190171821e+01
7.449578522224821597e+01
6.779160686940277003e+01
6.822496124107658488e+01
6.823009779652011275e+01
7.010670615513429027e+01
6.741632256637687703e+01
6.662921056783019935e+01
6.718885281709383150e+01
6.726619579132386662e+01
6.561099338983434848e+01
6.956044918618100326e+01
6.829518498800345583e+01
6.959484865286660238e+01
6.967531409165547984e+01
6.591170121563774842e+01
6.780175452075094711e+01
6.859888167200548992e+01
6.590668505451176884e+01
6.730355189497214496e+01
7.047272706994574776e+01
6.827963337431700097e+01
6.939967434496881538e+01
7.108588515701327992e+01
6.886833676324494036e+01
6.973855350550886101e+01
7.052645571654259982e+01
6.713556971435035337e+01
6.943840361917182236e+01
6.738600419768853556e+01
6.885882041683777288e+01
6.803132896472862967e+01
7.307131548570895063e+01
6.873100255048677809e+01
7.096870354077034904e+01
6.959231575004569947e+01
6.814573083143152132e+01
6.705665147920215929e+01
7.219596367535443449e+01
6.834713475210512001e+01
6.760525389262602403e+01
6.806161740215068789e+01
7.206369771411610259e+01
6.957620281859638567e+01
6.524360451058615240e+01
6.456613319206522306e+01
6.878150008864835740e+01
6.888893995324451680e+01
6.588003330680224678e+01
6.739339479184687320e+01
6.750818633943798375e+01
6.905680591338980889e+01
6.690559430784058748e+01
7.229000456182387779e+01
6.782154889364736050e+01
6.631047931631736958e+01
6.621673842603155435e+01
6.793824813913342098e+01
6.892306507347306876e+01
7.096239963501518844e+01
6.664757831969026824e+01
6.705075129283318347e+01
6.719198215730327206e+01
6.562900484349091812e+01
6.815042954101275541e+01
6.631930142351359336e+01
6.896025264568847035e+01
6.865403640882639991e+01
6.929483583672288205e+01
6.966880163100339018e+01
7.207554648488229532e+01
6.810929381633175694e+01
7.028801513408897961e+01
6.900082772326626923e+01
7.096679144605036527e+01
6.632977438263532122e+01
7.083543493849359152e+01
7.078063960049817638e+01
6.743938529004226723e+01
6.997189623951508963e+01
6.524460270743135482e+01
7.214809729551136286e+01
6.738020398097717134e+01
6.813113068585943211e+01
6.900000328752329892e+01
6.891944862732360377e+01
6.584051436137627888e+01
6.852402328290983746e+01
6.820982192532072474e+01
7.187427260744119906e+01
6.748402263644247512e+01
7.310543233116378303e+01
7.027946116305453472e+01
6.931427196718433947e+01
6.852361125084834725e+01
6.625151894861944868e+01
7.100658420364541712e+01
7.249298565429417351e+01
6.781345825879544975e+01
6.364760470037693096e+01
6.948349810217776223e+01
6.775929933657832294e+01
6.876922001367434234e+01
6.638477319704556123e+01
6.972479239075173041e+01
6.973405850409227469e+01
7.080520066182104699e+01
6.966024709639330581e+01
6.545059742675087477e+01
6.695422341405563316e+01
6.820984484690809779e+01
6.800788773025470846e+01
6.848650513292815845e+01
6.882129230985277957e+01
6.979635040734137874e+01
7.062537277009663228e+01
6.719150676477448769e+01
6.707720044791942371e+01
6.355230924500376233e+01
6.775462804677876250e+01
6.746333596985607528e+01
6.751161699631819602e+01
6.818058259151570155e+01
6.893514453612721127e+01
6.724135260363738098e+01
6.866892398949931930e+01
6.716826929953735714e+01
6.834967481093248409e+01
6.588905447810299165e+01
6.704405985846148042e+01
6.951867321013068590e+01
6.888070694123072713e+01
6.910324061623393277e+01
6.879252430978991129e+01
6.663501527287898796e+01
6.749300553349581833e+01
7.037856238075212900e+01
6.946262290157672226e+01
6.857178393996298382e+01
7.300990807568726382e+01
6.905308647590644000e+01
6.592785808852072194e+01
6.954633474182682562e+01
6.879665790251335977e+01
6.567861179097789659e+01
6.693955348426365504e+01
6.864658534814294910e+01
6.952179911256497746e+01
6.818537105445651036e+01
6.703226685945953989e+01
6.588216850266314850e+01
6.962968290223223278e+01
6.767549411308937124e+01
7.039975732119762597e+01
6.693910606220168802e+01
6.650728452115984624e+01
6.790064191731033816e+01
6.511445298963569428e+01
6.804674341642903812e+01
6.720082002616064187e+01
6.870345120678256023e+01
6.659012898638050615e+01
6.642203860205653143e+01
6.771795042778455809e+01
6.662729549408817320e+01
6.686507429775755895e+01
6.792115042080428111e+01
6.899370223559728288e+01
6.899549482626383679e+01
6.969120914517779397e+01
7.027611345487235894e+01
6.861423620590716155e+01
6.657841642325489317e+01
6.814515767653512057e+01
6.976414419645291787e+01
6.836522135209085604e+01
7.070447257247963080e+01
6.912115760354885197e+01
6.523020009297314914e+01
6.818084217739016140e+01
6.740277677753482521e+01
7.021087075871363936e+01
6.780624975731691961e+01
6.846848343018345417e+01
6.636815700063129952e+01
6.583692025328355157e+01
7.181955781522935922e+01
6.742570767678699895e+01
7.007675956243836879e+01
6.558752375413003222e+01
6.737394642991441174e+01
6.632861136141619340e+01
7.057154409391179684e+01
6.698750782724465580e+01
6.999769475783870121e+01
6.878085239931969852e+01
6.907096172493724850e+01
6.676436535199476907e+01
6.709681053499056702e+01
6.816504661715772784e+01
6.942992840389425169e+01
6.903989398788860399e+01
6.444368115323496227e+01
7.102658035277825377e+01
6.691891038614269860e+01
6.896937721635073615e+01
6.601014393526551771e+01
6.888279526845633427e+01
6.396037566606761970e+01
6.457862758971140238e+01
6.720764530647861079e+01
6.794707911244276488e+01
6.788268722066035821e+01
6.788747606331700979e+01
6.871029172859390144e+01
6.796166425641058595e+01
6.886637019216254885e+01
6.812456843936266182e+01
6.811579276769671765e+01
6.820096052271395592e+01
7.187191244646649579e+01
6.691617601112120894e+01
6.843130707768808918e+01
6.902104414186409542e+01
6.711988475231055418e+01
6.794098997951849128e+01
7.084989301451901156e+01
6.886664082826908384e+01
6.796089252283782400e+01
7.098978830877275925e+01
6.518259298319892991e+01
6.790021090526531111e+01
7.131428662431331134e+01
7.174997107633419091e+01
7.124388742732938340e+01
6.956756963740143362e+01
6.985098399004309044e+01
6.917028288414670101e+01
6.794995741155275937e+01
7.278439285732537201e+01
6.685640696120987059e+01
6.968380678297991437e+01
6.866973789710783649e+01
6.549398776008055734e+01
7.147470591256166017e+01
6.586696018659711171e+01
6.923087821361448846e+01
6.930550727790871690e+01
6.866257154780373639e+01
6.986399798255473570e+01
6.627055105599860951e+01
6.858930680475235420e+01
7.071131067924470415e+01
7.108864454178332437e+01
6.691966295617673666e+01
6.998951117272952160e+01
6.966834042080184020e+01
6.998806607493031606e+01
7.160971952473863666e+01
6.935411323699163688e+01
6.740902751642856572e+01
6.753292356176882549e+01
6.994630050741515959e+01
6.659338268025412333e+01
7.036071227049916388e+01
6.780151473321241440e+01
6.927237076500934165e+01
7.044799336187702465e+01
6.647290712017233716e+01
6.887350192375158997e+01
6.909239454589543072e+01
6.647137638448027985e+01
6.741184243281944077e+01
6.552287228457345236e+01
6.821544908599275914e+01
6.850944276608328209e+01
7.281384283420408110e+01
6.834565315908042749e+01
7.027304377501526744e+01
6.599685990421365034e+01
6.826687247180400675e+01
6.761613948049361511e+01
6.836134762332559944e+01
7.494707142337487937e+01
7.048749217875703721e+01
6.996483146223867777e+01
6.926069279385947652e+01
6.926693197258751411e+01
7.324773018377439371e+01
6.865505225820066926e+01
7.238731222366693885e+01
6.844427611438348436e+01
7.270766342778587443e+01
6.682412210624015358e+01
7.016763531816502564e+01
7.054200500474395596e+01
7.247470461255345242e+01
6.774989484349876534e+01
6.714465795891270261e+01
6.765980725606780766e+01
6.918840253546319730e+01
6.898480342028386758e+01
6.643280264239317034e+01
6.922083764389867611e+01
6.794026772747588439e+01
6.617541150654299997e+01
6.916627830290238421e+01
7.201396929244674538e+01
6.751940813098617866e+01
6.682227766543192615e+01
6.986677913679611152e+01
6.891466042633879852e+01
6.938007516869288338e+01
7.042682852277997085e+01
6.634965740724621241e+01
6.780032196327312022e+01
6.671326456911123159e+01
6.973387835400214385e+01
6.914037215589387131e+01
6.518164957789949199e+01
6.488601923530178794e+01
6.513020337694366901e+01
6.707687676925839071e+01
7.017401725601985163e+01
6.955900387337740653e+01
6.748111701772532456e+01
7.238185598835123358e+01
6.864263997855579191e+01
6.798346941566484247e+01
6.811347700575227293e+01
6.899081097152031816e+01
6.807793739843000935e+01
6.608705981982986088e+01
7.003784400612975958e+01
6.798601094069533701e+01
6.871870277348810419e+01
6.742728058227550036e+01
6.932935082564142704e+01
6.624751640386497797e+01
6.841896729509747388e+01
6.840873679945738672e+01
6.773554673456652608e+01
6.780538535373489140e+01
6.646249893998751190e+01
6.787436394487247071e+01
6.670294125715071232e+01
6.815735632364081198e+01
6.922485685028216551e+01
6.648313340520545012e+01
6.928314892352113930e+01
6.938468039071193516e+01
6.619093228389631633e+01
6.685006890668940116e+01
6.775203066247800621e+01
6.620152297841725897e+01
6.986782203356422372e+01
7.102041330056277957e+01
6.814568021225696270e+01
6.778404627146748851e+01
7.560536143606528015e+01
6.951856017862228043e+01
6.739351564944792017e+01
6.501590414245887928e+01
6.911900548669933642e+01
6.942029898095776730e+01
6.515452336033604297e+01
7.003554567294582966e+01
6.529101697473313948e+01
6.926832802851092197e+01
6.686985265216083008e+01
6.641779317510363967e+01
6.705909852984194686e+01
6.939262434830777693e+01
6.876234438824074857e+01
6.452886633399290872e+01
6.300685681561969886e+01
6.876579842701806911e+01
6.693638276460703196e+01
7.189539765319003095e+01
6.795071765488167159e+01
6.781765213092877786e+01
6.619536982077384835e+01
6.771728431208453003e+01
6.764835748331171317e+01
6.880302075034722975e+01
7.209009349990090243e+01
6.781674293448055835e+01
6.983865752843850316e+01
6.980222131247748507e+01
6.942120986714625985e+01
6.765016704696232352e+01
6.850161013177095981e+01
6.654641234533214345e+01
6.757626465535291516e+01
6.773327942704624149e+01
6.957666962846823822e+01
6.711406618587415096e+01
6.794758595149752978e+01
6.984442454009180778e+01
6.891417531357356552e+01
7.409831636369462160e+01
6.952718838556458536e+01
6.978360074664371382e+01
6.942991019768210492e+01
6.614250892715560326e+01
6.652103979634001973e+01
6.881618967059281999e+01
6.739866521909164021e+01
6.611470234107531496e+01
6.955594769154814117e+01
6.682849224107556552e+01
6.810133654329077046e+01
6.648950045527169550e+01
6.823829935734066510e+01
6.571142305815271811e+01
7.164623188247060170e+01
6.991081121289553835e+01
6.857837663609495849e+01
6.672294239047155884e+01
6.536060959524544955e+01
6.612751087511946935e+01
6.961231897491072118e+01
7.009616734302169050e+01
6.731044275347235839e+01
6.766516830954572015e+01
7.008114530281508792e+01
6.794237188916775949e+01
6.938579531949450541e+01
6.793157994931547705e+01
6.690489999292350376e+01
6.704529809407353014e+01
6.797155223076700281e+01
6.805011889756838173e+01
6.802387324325798090e+01
6.934407810787187998e+01
7.007722715708845840e+01
6.951824760987847185e+01
6.911850218290024372e+01
7.003224462066786771e+01
6.817699631306294350e+01
7.177277615609997952e+01
6.797458783093553336e+01
6.665237751648795950e+01
6.946958872324643153e+01
6.523149837855945066e+01
6.280669828904833452e+01
6.414025674995083648e+01
6.710657596966376559e+01
6.624677522284784459e+01
6.624185607024175226e+01
6.673656221151475165e+01
6.667199245679974240e+01
6.777505803064266843e+01
6.915917575978245679e+01
6.884049784014290196e+01
6.641694605005247354e+01
6.889596174734056433e+01
6.887814805955864017e+01
6.817869070484366034e+01
6.962185879820791001e+01
7.102975324938289248e+01
6.897970661339041953e+01
6.520756513430551138e+01
6.780439076937690857e+01
6.736751421717283961e+01
6.877596038506456466e+01
6.825236529152770970e+01
6.756970941024525246e+01
6.915048520300305768e+01
7.092670109918466892e+01
7.035661602761837230e+01
7.357423746790253460e+01
6.830769910653590671e+01
7.178353308077942074e+01
6.583323952603980445e+01
6.803191455672263999e+01
6.549322148742308514e+01
6.717852649828361677e+01
7.040748396912852058e+01
7.084045278655142397e+01
6.568410959682699968e+01
6.732632315975951087e+01
6.757641179620284788e+01
7.126905885736874779e+01
6.586830028756621402e+01
6.953362735476235912e+01
6.974024204925981962e+01
6.744077278235585027e+01
7.190693312397891646e+01
6.761944645446952507e+01
6.913490966437657903e+01
6.728712001174147872e+01
7.078347770572437980e+01
6.742131432633640031e+01
6.880089229652222116e+01
6.913281311984346189e+01
6.902733251843389439e+01
6.473987654718727924e+01
7.072373986953290625e+01
6.825355608642958316e+01
6.787521268647245165e+01
6.640406867704166416e+01
6.748194385036913445e+01
7.262906270062555336e+01
6.802432967517182760e+01
6.798113909982947689e+01
6.594071555145853836e+01
6.711491368581188510e+01
6.559571439174055740e+01
6.787067811044863674e+01
6.668988016780097894e+01
6.824509660736539729e+01
7.177110601070761220e+01
6.354905043391728725e+01
6.923954024685156128e+01
6.759473734769883890e+01
7.024959696068295045e+01
6.830681724767705987e+01
6.647794098601406176e+01
6.752776053076343032e+01
6.713962723018265422e+01
6.862424868450401050e+01
6.916268861696960357e+01
6.957779958024602251e+01
6.862575414635225002e+01
6.838549352797120662e+01
6.888171453678731382e+01
6.390528548301208644e+01
6.892718334925470458e+01
6.554122230271812555e+01
6.570874027578148002e+01
6.950598839552526442e+01
6.989185639663438110e+01
7.307668006995245946e+01
6.567632071469162724e+01
6.754754175214010559e+01
6.843235105356455961e+01
6.760379005494260696e+01
6.957045288448213682e+01
6.746180343090171050e+01
6.701454825061142628e+01
6.809192468723983893e+01
6.811709851810334726e+01
6.697970063812178410e+01
6.872586604248493813e+01
6.743393638249858668e+01
6.918462971553960017e+01
6.323168965938621255e+01
6.322719669979434087e+01
6.696711461124803577e+01
7.110510460877971184e+01
6.978274016424488480e+01
6.735288535246088770e+01
6.936245409843517962e+01
6.638583229876363134e+01
6.543061373491518395e+01
6.963631390169942392e+01
6.937975851623988888e+01
6.923637911738894957e+01
7.207228131769389279e+01
6.863543439624017140e+01
6.676508366638023517e+01
7.240943792063592355e+01
6.694096186128243176e+01
6.890132455834442737e+01
6.851000891691369077e+01
6.796272158418327081e+01
6.592975247554429075e+01
7.261974210690584641e+01
6.732622684812402269e+01
7.337528423780042885e+01
6.451875256187426544e+01
6.983171732146344368e+01
6.976787328911893837e+01
6.677521504695815224e+01
7.043440950215239127e+01
6.552948279844639501e+01
6.673555649083638741e+01
6.719783044873993560e+01
6.740222980144179132e+01
6.869244263027867703e+01
6.758246960602926379e+01
6.985868327681487244e+01
6.895164389243785763e+01
6.798756779372975245e+01
6.633066344641900969e+01
6.869573909077553253e+01
6.752111169179491412e+01
6.753508597781640788e+01
6.772566909588825013e+01
6.748527339235182865e+01
6.860032412389736578e+01
6.770890750970481520e+01
6.979618472755376501e+01
6.932671040140392904e+01
6.531108031574007100e+01
6.952590374689381747e+01
6.695117232431223897e+01
6.805521701108325772e+01
6.647767348047327118e+01
6.850984737824364856e+01
6.953189887439074823e+01
6.851136909036034695e+01
6.922939318676512244e+01
6.882636652750821327e+01
7.181568278393041282e+01
7.187404781050101121e+01
6.986735321689789657e+01
6.769335080054248976e+01
6.849502096670445894e+01
6.759211489398497008e+01
7.324024441826058762e+01
7.136157674903331838e+01
6.588375006680531953e+01
7.035370707602967855e+01
7.270122578667432833e+01
7.106676566095728731e+01
6.904448571774811683e+01
6.291775502433490175e+01
6.898212303824908531e+01
6.401616771150587226e+01
6.586601365335781111e+01
6.868870809507866682e+01
6.860202776623027887e+01
6.920706254963931769e+01
6.968749534898816478e+01
7.063907451602520382e+01
6.929294438240846432e+01
6.764679857275156394e+01
6.642391260593383606e+01
7.007487485197360400e+01
6.747486524494767934e+01
6.629021467108555044e+01
6.741997244470684336e+01
6.873043981346089026e+01
7.073797932739680050e+01
6.785639226391451473e+01
6.871204174658576846e+01
6.754268722007375914e+01
6.720244848840094676e+01
6.862152135683919596e+01
6.791924093379672911e+01
6.749543300735001594e+01
6.698524885251838157e+01
7.334680663675197820e+01
6.839537974024941036e+01
7.099670797414025003e+01
7.007039792875866624e+01
6.747705163489486324e+01
6.584640211022562539e+01
6.861109685040528916e+01
6.629883531909419503e+01
6.818980401693485760e+01
6.887723511098404572e+01
6.981363469438926472e+01
6.683296524558529939e+01
6.904655063791308578e+01
6.941855038099268427e+01
6.870281702592922102e+01
6.723401229150840663e+01
6.986417048561546039e+01
6.964437955829093596e+01
6.817878029133163409e+01
7.028278740691207815e+01
7.163855056961077139e+01
7.167190251129409262e+01
6.684054294723529210e+01
6.715659802589547667e+01
6.728036575055004676e+01
6.771626763829041806e+01
6.716681521993427850e+01
6.643675079245848281e+01
6.752132614644685304e+01
7.190912233280849364e+01
7.325149448329267443e+01
6.955044693673838196e+01
6.818609799586585041e+01
6.780074776572052997e+01
6.821535998014002189e+01
7.039575462691193763e+01
6.761474836817447454e+01
6.802621504256816820e+01
6.942064765772535395e+01
6.673416914248474541e+01
6.952478254033961491e+01
6.967847368825411536e+01
6.887760409295823649e+01
6.729856688693759281e+01
6.549869781889371723e+01
7.109716897940225522e+01
6.671817730803918778e+01
7.148276958771432987e+01
6.888389606896387818e+01
6.678802492287067594e+01
6.645517654352366321e+01
6.855058630500045069e+01
7.035753220781805339e+01
6.866143427733604199e+01
7.150230107534154911e+01
6.947558203841188629e+01
6.932580795509664995e+01
6.921699377535856001e+01
6.816192208390542362e+01
7.148541750745727086e+01
7.218152921630097296e+01
6.988137636694185062e+01
6.969994622976042820e+01
6.704065587650470093e+01
7.017052928936550416e+01
6.946173613489918353e+01
6.666487931168171599e+01
6.994744239705136124e+01
6.932719269423191122e+01
7.222258792755059176e+01
7.002461562792467475e+01
6.840752796103167555e+01
6.666371963644627385e+01
6.650167962848996694e+01
6.732841576164361186e+01
6.644936203781480799e+01
6.890347394108107437e+01
6.808157986349381474e+01
7.070125537700226914e+01
6.797846602097983748e+01
6.831946815555087937e+01
7.025963585609565598e+01
7.000746325155029126e+01
7.021162183989844152e+01
6.577704919593249144e+01
6.679428047207042596e+01
6.758629374314477900e+01
6.866684345791551891e+01
6.711259671864318932e+01
6.850385682828715517e+01
6.903399814231038079e+01
7.203858246737594584e+01
6.627278592577425798e+01
6.628701457044263634e+01
6.776620194543977505e+01
7.074418222571844694e+01
6.925325890052347688e+01
6.792692665155513509e+01
6.882210703356614090e+01
6.827211445890088726e+01
6.661761848613645043e+01
6.474180425414644446e+01
6.883396163988614092e+01
6.858619412276679839e+01
6.992191963584119208e+01
6.426469128060182356e+01
6.639931871436296262e+01
6.822875566612883347e+01
6.798367984687060073e+01
6.655870323379760123e+01
7.249940483603501207e+01
6.735153176845946632e+01
7.072574815585383590e+01
6.805181472048094804e+01
6.649622982766246082e+01
6.824160192933182145e+01
7.172916151884166425e+01
6.895576228829330034e+01
6.854222051873000510e+01
6.851030474965077133e+01
6.980987556089756652e+01
6.656717956593729468e+01
7.323272290724285938e+01
7.032247446835640403e+01
6.945552207682517576e+01
6.771666064413143715e+01
6.710012732811919989e+01
6.805263160029291214e+01
7.038816414343367001e+01
6.882666775113406743e+01
7.093999491194513496e+01
6.847828389065922750e+01
7.234121220966616761e+01
6.521969910811316140e+01
7.025361572876904859e+01
7.000662124840449962e+01
6.990681170597832761e+01
7.008373961668252150e+01
6.570449595739624726e+01
7.023786979015940801e+01
6.863815256723572134e+01
6.598085885370363712e+01
6.986596971678227419e+01
6.451558911228472937e+01
6.828312477961118532e+01
6.735869939607044898e+01
6.718069549825462161e+01
6.727328001244913480e+01
6.897449201704687027e+01
6.934544274860061819e+01
6.989765838993776015e+01
6.405479070026800059e+01
6.837003485095640087e+01
6.767215669536432188e+01
6.785459225212755996e+01
6.926608446155624677e+01
6.916106222913045087e+01
6.567029349290660889e+01
7.195581059139792046e+01
6.782827049761139904e+01
7.167582643476164606e+01
6.451852216482735969e+01
6.741871714241709412e+01
6.875350487798871768e+01
7.080118432987831056e+01
6.856252053512500311e+01
6.893960781106119384e+01
6.675747919470470038e+01
7.145473382822865460e+01
6.923047238448877749e+01
7.019230456975550680e+01
6.660081999002147768e+01
7.024982152148089654e+01
6.690320760598515903e+01
6.857594218507256301e+01
6.649801085709077597e+01
6.960564851108352968e+01
7.013128351151036100e+01
6.880503743939496530e+01
6.865290723514874571e+01
6.754436355014033211e+01
6.988265776928392370e+01
6.953370638311159269e+01
6.937983756611455988e+01
6.960937195254147980e+01
6.926955869826581136e+01
6.755631484697224209e+01
6.652401084250446672e+01
7.006785503670484161e+01
6.714706059277369832e+01
6.761708226935907362e+01
6.939449624054584831e+01
6.650427453432357083e+01
6.818120312948244077e+01
7.391419109481998362e+01
6.730170455898942805e+01
6.833941438531093127e+01
7.107045276387172805e+01
6.951319494548005196e+01
7.066701799099108428e+01
6.946878572512444805e+01
6.631293530252605706e+01
6.912896866657932549e+01
6.893801158321727485e+01
6.660447971736098793e+01
6.808419120043113537e+01
6.892603482823872696e+01
7.189056763614095757e+01
6.973804242098219675e+01
6.713395371333352557e+01
6.802459003179671981e+01
6.927017371777813537e+01
7.104940650389991674e+01
6.846006922614046175e+01
6.994367168637060672e+01
6.964875208800857820e+01
6.791746057443504014e+01
6.779790644411257006e+01
6.650432135386991206e+01
7.048967699747353777e+01
6.681636288098344778e+01
6.708753125502479975e+01
6.659298732156209155e+01
7.358934905021486372e+01
6.459492022906081843e+01
6.812401157581389555e+01
6.842319419276242343e+01
7.005162136643063775e+01
6.852905006372235164e+01
6.592886251780731754e+01
6.822461467665281987e+01
7.120891345917505078e+01
6.955536737812519732e+01
6.816288592640916022e+01
6.503932142620223544e+01
6.801133234492490942e+01
6.927511095612678105e+01
7.025757521428936059e+01
7.030821390851588149e+01
6.756545831058014073e+01
6.964063644875626835e+01
6.934310902376419961e+01
6.826440879113920346e+01
7.040152864925006782e+01
6.628595379503191509e+01
7.213190054752972458e+01
6.565323390231853296e+01
7.096130305394889604e+01
6.725538759041273806e+01
6.686734806434466805e+01
6.512789559288385988e+01
6.895393741832826606e+01
6.996294271620983807e+01
6.746454555143185416e+01
6.740615634682342261e+01
6.753632328631744031e+01
6.878278100375518989e+01
6.937235403547742862e+01
6.894246921136752349e+01
6.945126206313089767e+01
7.011608289532441063e+01
6.805552258216573591e+01
6.771638784816474299e+01
6.821286726890984653e+01
6.913922474566520293e+01
7.005055787243722420e+01
6.660700588903598884e+01
6.785660544018475093e+01
6.530866486121033176e+01
6.985371100596574934e+01
6.938428313823592930e+01
6.829372983610232950e+01
6.837676770026422446e+01
6.984564712566223932e+01
6.758397622215233014e+01
6.881196113888267973e+01
7.032966048875259446e+01
6.987562639453537372e+01
7.455140646825684314e+01
6.809753984748992650e+01
7.274180089510673497e+01
6.931604726092032820e+01
6.946266941210463131e+01
7.071687279322819109e+01
6.911231086943516289e+01
6.726729720779476907e+01
6.951572449376669738e+01
6.892990602460523064e+01
6.789315311797163588e+01
6.925581807461503558e+01
6.980223996924058838e+01
6.567437899818756364e+01
6.706998963096823729e+01
6.690480975486156012e+01
6.925875082371325675e+01
6.801301209516506674e+01
6.520070051954319013e+01
6.991670578503573097e+01
6.705465499149761399e+01
7.091774432627843794e+01
6.903928988091520580e+01
6.969937324125285727e+01
6.776280922259742567e+01
6.660243157699420635e+01
7.115121950852750388e+01
7.078024239443263355e+01
6.719452666559871545e+01
6.866806960509516955e+01
6.639903629287776710e+01
6.795306069054259979e+01
6.763023523940083237e+01
7.295143476787011139e+01
6.718073555652881623e+01
6.709578237924054633e+01
6.873768701790147873e+01
6.858576595893063654e+01
6.761189366975537496e+01
6.515327545255028951e+01
6.819966389122163264e+01
6.639601666556369253e+01
6.906569801661865426e+01
6.827083264782595506e+01
7.394444399706252113e+01
7.103414686949179213e+01
6.954623852384199267e+01
6.808929307292700628e+01
6.960948218648945840e+01
6.730486257598474253e+01
6.668533080156674941e+01
6.761009655403854879e+01
6.798218873509588889e+01
6.962160510951983383e+01
6.929783221692531470e+01
6.896820522770556749e+01
6.749745006351943744e+01
6.903700524981883291e+01
6.688516603590376519e+01
6.794940373149825064e+01
6.746172375754116501e+01
6.845898225164900452e+01
7.007515669901385991e+01
6.965262386695656005e+01
6.653212824136971903e+01
7.119621416202105024e+01
6.585646079388224905e+01
6.815317708190170265e+01
6.859163189120533843e+01
6.955366826249435519e+01
6.616513701656748481e+01
6.907163813136136810e+01
6.923716414236469063e+01
6.749310715583872877e+01
6.788889572235405012e+01
6.915234413658302515e+01
6.755315597034775976e+01
6.883221704231465310e+01
6.818263275863156991e+01
6.973905458364913557e+01
6.889456513485679068e+01
6.282960115738640638e+01
6.983227341367722829e+01
6.645972907128862062e+01
6.876418172160026643e+01
6.682358428578380938e+01
7.029843023713506511e+01
6.962892236256611511e+01
6.904594285708682833e+01
6.843011374042688999e+01
6.868014022051531242e+01
6.948429968064296247e+01
7.131435937251312396e+01
6.914229295336131997e+01
6.739962905116168201e+01
6.801239742171398461e+01
6.484701393489370957e+01
6.829783671239040643e+01
6.370878984527824684e+01
7.024596092077882759e+01
7.005015025848872767e+01
6.647805098744599661e+01
6.783706463729785696e+01
6.883485256510368799e+01
7.087376541954535014e+01
6.990031370893611040e+01
7.202077384148378769e+01
6.840451948773159074e+01
6.793784428698523925e+01
6.722841457292298628e+01
6.992987138878820019e+01
6.978622568495354983e+01
6.734975737885227431e+01
6.872660961980554362e+01
7.155257526154733227e+01
7.112912094878586799e+01
6.904063787529261731e+01
6.821286523859048145e+01
6.714427179484752628e+01
6.887045348433971981e+01
6.608929844252234886e+01
7.046718826854126405e+01
6.826158074987037594e+01
6.928705661499444091e+01
6.621471581033527798e+01
6.754298773973044945e+01
6.687013841838074768e+01
6.919410409338956924e+01
6.681721768549419949e+01
6.603075080175224798e+01
6.783006752901914638e+01
6.919007451901748595e+01
6.757714262603361988e+01
6.964454490178255242e+01
7.120408119301291094e+01
6.476855807004392318e+01
6.605185925523367985e+01
6.852846832445897007e+01
7.190723824190104096e+01
6.700951071050326391e+01
6.812156329010265665e+01
7.054804692421004120e+01
6.907994052125349072e+01
7.084840415431258975e+01
6.589026848627473498e+01
6.741306577525553223e+01
6.654280246393336995e+01
6.944878480804199228e+01
6.771896697526680953e+01
6.939301806014817942e+01
6.449560881025676906e+01
6.797854182489992070e+01
6.894501325614962184e+01
6.935772078280632513e+01
7.032374348722923685e+01
6.844818065204027846e+01
6.783543933398325976e+01
6.648317826991943491e+01
6.849726253486522864e+01
7.114079790455255647e+01
6.688191711774769033e+01
7.239815269396193287e+01
6.587775644357652993e+01
7.062936496957645716e+01
6.747312780368315543e+01
6.697743884094336408e+01
6.647626290771118818e+01
6.552928505701474649e+01
6.740979828075695934e+01
6.841721868226673564e+01
6.820658782599960546e+01
6.624358902946815419e+01
6.943411147642055425e+01
6.462495479182690872e+01
6.942044491187141375e+01
6.780584608792030110e+01
6.909627432642152201e+01
6.628346179007193939e+01
6.902521028429765693e+01
6.548362099165382233e+01
6.847894516123105291e+01
6.562549546943489531e+01
6.758087774790440960e+01
6.870057108479625185e+01
7.005476952638007049e+01
6.829178419583021764e+01
6.916867811668548427e+01
7.106343116159425222e+01
6.783419919927789010e+01
6.964244995143361905e+01
6.856548722109877758e+01
6.667844411774953528e+01
6.566099524531996678e+01
7.167446344160539695e+01
6.619284969726838597e+01
6.704595205915808265e+01
7.087047227130771887e+01
6.809510836751732654e+01
6.955447135914930357e+01
6.797657728419279977e+01
6.817983216441234617e+01
6.513581201443476232e+01
6.631984276919490640e+01
7.099599733451535144e+01
6.826553766209288199e+01
6.945169378405748262e+01
7.032389243082705832e+01
6.931982878937000692e+01
6.801806002228263992e+01
6.893897869569636327e+01
6.879818101323655810e+01
6.884076034589168103e+01
6.473622057082437209e+01
7.087018549869142703e+01
6.998851290132705572e+01
7.329928070247281369e+01
6.854286718140653534e+01
7.111054152831961517e+01
6.877098543701904987e+01
6.640054109586435516e+01
6.785638514872979954e+01
7.045781247052985918e+01
6.450074095707269350e+01
6.663754255186697151e+01
6.491403394286771800e+01
6.685903686681069757e+01
6.705535957486806353e+01
7.113852039454040721e+01
6.866671383117318328e+01
6.839813251682764417e+01
6.903942505262548934e+01
7.031445840789504587e+01
6.954920111114539338e+01
6.951917990205683395e+01
6.525920792648670954e+01
6.941250161248086670e+01
6.650268393736205041e+01
6.835598742186255095e+01
6.947900106295264777e+01
6.713870680022179727e+01
6.841140454682715699e+01
6.877502221826756568e+01
6.800777151881266036e+01
6.938948439856312689e+01
6.759625306205973061e+01
6.524178101253761497e+01
6.655728614310555713e+01
6.566002264801815613e+01
6.734084590671542969e+01
7.010844533134896039e+01
6.690476462705279914e+01
6.821068457176244237e+01
6.862085862826451432e+01
6.881474851899666589e+01
6.675729338727059314e+01
6.848274013921589187e+01
6.792484145665363826e+01
7.123341780717774441e+01
6.923417284946989980e+01
6.673164767385192420e+01
7.269315692988928390e+01
6.989428450710505558e+01
6.552102680165565118e+01
6.966289057929947148e+01
6.840660216129627713e+01
6.732186338237880818e+01
6.843564893307559771e+01
7.107340422681870962e+01
6.993520614219519871e+01
6.830332938872388127e+01
6.600167205257525893e+01
7.103802278308613438e+01
6.741585072535697520e+01
6.867964594928656652e+01
6.718327846846206342e+01
6.736682938326026715e+01
6.730599122897100983e+01
6.373940441396658230e+01
7.044860607456510593e+01
7.174077165360787944e+01
6.660670668719411935e+01
6.715520835772078101e+01
6.797472178566573575e+01
6.752817924915603953e+01
6.782985386277395889e+01
6.820385527625077771e+01
6.651958307060320408e+01
6.786295361836246798e+01
6.708959305227460845e+01
6.577968156429474789e+01
7.241343769019556476e+01
6.452357217836841130e+01
6.759197674227496577e+01
6.667129297261800502e+01
6.799753248284856966e+01
6.990971446653122712e+01
6.650157213859432659e+01
6.820418606529320016e+01
6.994754898953607380e+01
6.812567746886220732e+01
6.755034247906881717e+01
6.959087972600872263e+01
6.751255051414358377e+01
6.754138278273117635e+01
6.808812634993134338e+01
6.755624764355751211e+01
6.822485652009208934e+01
6.922335667344987087e+01
6.620144457085066847e+01
7.039306669520817650e+01
6.953101546345476436e+01
6.775828409905813032e+01
6.599762603010893258e+01
7.034604658444908409e+01
6.654029839404947211e+01
6.813261896377255766e+01
6.780239387483112523e+01
6.812789800932311834e+01
6.594080819945830285e+01
6.817728358420697532e+01
6.929504967103099489e+01
6.880633694965504787e+01
6.837769407963988044e+01
6.831918027606437249e+01
7.019205486967106822e+01
6.751534617021454210e+01
6.468885972523762007e+01
7.127851478663889395e+01
7.213381167913814807e+01
7.217504004838231424e+01
6.779914644523979916e+01
6.871722191372799671e+01
6.744225495150286065e+01
7.026010521210733373e+01
7.372611555437165975e+01
6.814311135238592954e+01
7.106250658580485435e+01
7.020630837767856747e+01
6.900211386180203021e+01
6.847394365067496835e+01
7.000626577029814257e+01
6.910546710306817886e+01
6.875749248813397685e+01
6.834252881987637807e+01
6.966784985705361066e+01
6.962710938413749773e+01
6.820286991558739942e+01
6.770742526009325957e+01
6.774406132473662012e+01
7.011149577820599177e+01
6.898929508691146850e+01
6.775325113764928631e+01
6.864668222799350872e+01
6.955906930287963519e+01
6.986129328881307288e+01
6.985230673302845616e+01
6.953378857094028831e+01
6.823835869476556582e+01
6.874089690783975470e+01
7.002416752445435577e+01
6.761537721900830888e+01
6.858275530928897012e+01
6.769938104057204953e+01
7.020286762673359249e+01
7.248613252996152312e+01
6.603699247776341963e+01
6.875732578924944960e+01
7.170641127499273182e+01
6.550321894274307510e+01
7.167129240596167961e+01
6.952015882753063636e+01
6.775923512881441013e+01
7.080015677279357078e+01
6.652651684151688016e+01
6.487228075819581363e+01
6.957653250665183009e+01
6.737738318251800251e+01
7.039088576762927119e+01
7.126329282914832675e+01
6.832138920883348021e+01
6.865024424320714047e+01
6.685726504930993030e+01
6.744794496753704038e+01
6.965345708059413710e+01
6.690238027180328118e+01
6.670563352336553464e+01
6.911501002460830989e+01
6.742280763623111284e+01
6.654059484041614780e+01
6.619449302995657547e+01
6.689106566099447093e+01
6.911544854772222379e+01
6.775481547434723950e+01
6.890968598005412105e+01
6.605912008346319908e+01
6.882660294512400867e+01
6.837973992539599521e+01
6.746947967866314855e+01
6.671973864335990356e+01
6.942701266446509578e+01
6.842383941540475689e+01
6.600432586527507794e+01
6.909522707951659015e+01
7.248275421997678336e+01
6.761254617849225212e+01
7.014167801576442685e+01
6.903033177187684544e+01
6.696194463187094925e+01
6.757190693968382789e+01
6.930256418852363254e+01
6.892903225027532699e+01
7.027494596661688320e+01
6.593364597914316505e+01
7.089541109057236667e+01
7.013183154956331578e+01
7.122727849217535834e+01
6.709891952316320385e+01
6.849640066034473307e+01
7.134596954430921301e+01
6.731724144813892963e+01
6.600225214780161309e+01
6.728335130513920603e+01
6.815272957526659070e+01
7.004706269534932517e+01
6.756894615631654233e+01
6.582915769898217206e+01
7.075926336930788807e+01
7.100569066641602944e+01
6.794934974218936929e+01
6.685886161837640884e+01
6.889121210850078114e+01
6.771158073518202514e+01
6.736536632618080489e+01
6.741292103624058996e+01
6.726970624983736968e+01
6.750080151605504852e+01
7.047960344854078585e+01
6.998512603928111275e+01
6.620805256013176177e+01
7.021543133343840282e+01
7.021605245156604269e+01
6.427385327365352907e+01
6.783151479684111962e+01
6.759208075395898163e+01
7.117298224040338539e+01
7.132815482302473242e+01
6.815249681909432411e+01
6.871270278894644434e+01
6.735158232812248968e+01
6.606615383856049561e+01
6.859294175467609023e+01
7.101446112842758396e+01
6.746413132977687610e+01
6.826065140086856786e+01
6.837034520361584100e+01
6.794540602851898825e+01
6.668889591451272736e+01
6.592554389653676594e+01
6.622566810433632156e+01
6.752157084176684521e+01
6.751231768419735602e+01
7.394593001646950370e+01
7.222400148408667064e+01
6.783095424124434203e+01
6.793966453619879076e+01
6.595244600170144622e+01
6.508938478231686986e+01
6.604300111874820800e+01
6.983594605505851405e+01
6.748242523338721810e+01
6.869956384015200967e+01
7.081261862078898162e+01
7.156529418985515179e+01
6.814322552627143637e+01
6.905931308877757147e+01
6.943654376682331986e+01
6.632651186665654564e+01
6.782567787415777616e+01
6.842447606753688660e+01
6.789016292593871071e+01
6.560397820379239420e+01
6.679724836108366048e+01
6.889783924611077737e+01
7.071432037502373191e+01
7.100462725149645848e+01
6.705598532313865690e+01
6.756246654236070981e+01
6.999472295180335379e+01
7.006819154660270499e+01
6.837008855351308512e+01
6.992297333396797399e+01
6.686068105157642094e+01
7.021454783338215577e+01
6.785752744181147023e+01
6.591001146088125040e+01
6.679577385292247982e+01
7.217259438728163445e+01
6.903327718695311432e+01
6.405392891128616384e+01
6.807866882918611395e+01
6.380883186535324114e+01
6.931209328848069617e+01
6.911513354340050341e+01
6.328938325998356618e+01
6.661958623562519222e+01
6.695810115212475466e+01
7.124091352657791276e+01
7.138083062141956248e+01
6.699787115322300224e+01
6.795040138586585954e+01
6.910081431807483909e+01
6.347888614239695215e+01
6.964727987276702947e+01
7.158523976894929319e+01
6.792960450520928362e+01
6.939432207963531596e+01
6.751988710234805069e+01
7.073741002098530828e+01
6.955771589613625849e+01
6.726970455374559776e+01
7.086502777343871173e+01
6.537299038637681292e+01
6.718976658340392305e+01
6.828215391597285588e+01
7.013658737921733177e+01
6.916772424697083466e+01
6.589234184662765870e+01
6.748822971645142843e+01
7.298066901480048330e+01
6.957168389438746203e+01
7.151938289336254684e+01
6.779561893689377428e+01
6.831746644226501530e+01
6.640557581521751729e+01
6.957145475073735952e+01
6.774246427129249071e+01
6.711777125400531929e+01
7.064731420263052541e+01
6.773791572378124215e+01
6.779646732728107850e+01
6.998319430922296647e+01
6.763563492534677835e+01
7.068641926528263753e+01
7.041426812959775816e+01
6.748667938601650462e+01
6.781419826083045166e+01
7.079458556651729850e+01
6.722207419887072888e+01
6.948474549548343759e+01
7.199012354270493574e+01
6.893040437825098365e+01
6.845821351775519759e+01
7.174039667399145515e+01
6.875365888292959937e+01
6.733848079514348228e+01
6.883739890059349875e+01
6.684038188440763406e+01
7.004847600253781081e+01
6.528558197536816010e+01
6.742673653573419301e+01
6.529259078260471938e+01
6.751157797745248956e+01
6.894158947140400073e+01
6.573359532785767101e+01
6.980915201040133411e+01
6.935343859884045514e+01
6.524739648878706078e+01
6.690787073891223713e+01
6.538545943570659347e+01
6.778446563661142932e+01
6.676198334004313040e+01
6.847045894912221797e+01
6.672571837468792921e+01
6.758780580696804918e+01
6.917484384269786801e+01
6.801843005199678771e+01
6.909039956422155626e+01
6.951477234867441268e+01
6.827040584383132682e+01
6.645515582692443957e+01
6.607917133301120316e+01
6.603025537923369370e+01
6.764934079882912954e+01
6.994147892914007514e+01
6.636995052646905435e+01
6.937574179925032070e+01
6.694180495386490293e+01
6.834279154044602933e+01
6.866461243178400764e+01
6.932726643919608023e+01
6.706852091300342522e+01
6.881509916742589894e+01
6.813330102707416813e+01
6.655960106227774986e+01
6.781799687035695001e+01
6.733897624232896817e+01
6.645687929189125498e+01
6.977920213701995067e+01
6.818489172170968970e+01
6.872466306710856543e+01
6.709634359595926867e+01
6.815037103165670374e+01
6.734142458192913239e+01
6.585621972831930293e+01
6.948698326624963784e+01
6.829210653485684190e+01
6.621601696946476068e+01
6.824258502948400462e+01
6.942923806350228233e+01
7.114558666743280924e+01
6.891931825071520734e+01
6.752168191571956868e+01
6.810320861101232026e+01
6.930497064225400550e+01
6.855221195439328596e+01
7.240429754813256125e+01
6.949759394575288241e+01
6.595261914288445837e+01
6.967051632116825033e+01
6.819139144841103928e+01
6.950887104230670843e+01
6.813926497603236498e+01
6.765033412023370829e+01
6.681318223939425138e+01
7.239334261116067637e+01
6.922851507699263607e+01
6.994002649288057682e+01
6.786088141726295930e+01
6.945483865692357028e+01
6.795287531372561318e+01
7.195860518847013054e+01
6.521981723585588497e+01
6.809666208828949152e+01
6.995140682238564978e+01
6.631287041137736082e+01
6.727181365878124097e+01
6.910284015927962287e+01
6.901018011178651079e+01
6.876478278087357410e+01
6.807233914867099145e+01
7.055075991431800730e+01
6.895763480001151891e+01
6.770776579395567296e+01
6.567641047247676056e+01
7.142254331960690195e+01
6.640169832667464789e+01
7.073688903419386520e+01
6.522373907779032720e+01
7.033606048459742510e+01
6.758050280958688916e+01
6.467787566362488860e+01
6.816458660016300541e+01
6.754050022609162340e+01
6.852244295957436293e+01
6.472322317516420753e+01
6.807792428467737977e+01
6.434964613291325009e+01
6.664824624369096284e+01
6.683041959059744386e+01
6.946847816834313960e+01
6.763498025669997560e+01
6.848629770392935256e+01
6.768726197547448464e+01
6.721797657692580685e+01
6.892742733354783979e+01
7.006508023007671682e+01
6.635175522132362858e+01
6.541129471544330443e+01
6.600972055501793534e+01
6.749497584196613786e+01
6.848959955330201410e+01
6.691226992716752875e+01
6.895054594890711996e+01
6.601913043298227990e+01
6.932102002901623905e+01
6.677343381851395065e+01
6.679179425341723686e+01
6.866029904321321453e+01
6.717713917916208288e+01
6.707080937717667268e+01
6.932954499095571066e+01
6.677260866969587028e+01
7.100164360226790450e+01
7.047130392924759690e+01
7.017198613112370253e+01
6.688865315322148319e+01
6.846137269785398871e+01
6.560774679302519985e+01
6.808066501939461546e+01
7.353003366141157926e+01
6.741823841466536749e+01
6.791069157006614887e+01
6.751454435456663816e+01
6.883503999570609722e+01
7.165818788115161908e+01
6.710216268047409471e+01
6.778891389244827792e+01
6.989224796095038528e+01
6.762283617479801023e+01
6.727205016338778876e+01
6.855227131790712747e+01
6.570081271529915057e+01
6.841143800862656121e+01
6.865483510192922267e+01
7.060853476511684335e+01
6.726620743067721264e+01
6.902111564664031107e+01
6.745851561668055751e+01
6.844031873448787451e+01
7.098793550509653016e+01
6.718420528362121047e+01
6.919059627537576773e+01
6.617184285599375926e+01
6.817057454130504368e+01
6.747332482588097946e+01
6.794768125482414689e+01
7.127091376646366427e+01
6.657051735163268802e+01
6.767622241080501055e+01
6.913098878274257686e+01
7.091399190369943994e+01
6.977107219555546180e+01
6.836312309842989521e+01
6.972918940203763327e+01
6.762487322144566804e+01
6.796645729541694436e+01
6.912040989847680805e+01
6.692795372719666602e+01
7.030699566473671780e+01
7.107792926683396217e+01
6.505715204893130021e+01
6.695496317423342703e+01
7.004643433712334399e+01
6.879574555020406024e+01
6.739911039660609049e+01
6.757080692899617702e+01
6.841703306267237394e+01
6.701573972503751975e+01
7.090578953189009326e+01
7.197488496886840892e+01
7.156464164515310244e+01
6.713600892639388462e+01
6.987520121357667335e+01
6.673732959038584056e+01
6.672395336310071912e+01
6.658175298145106069e+01
6.890246040747561551e+01
6.488644732845222052e+01
6.835147623219793900e+01
6.621321506269219981e+01
7.139648463820883251e+01
6.530142250162916184e+01
6.817993785894516634e+01
6.916481441527514562e+01
6.702875638892223265e+01
7.049509759295297329e+01
6.693508852816687238e+01
7.054054654869220542e+01
6.880465636204907298e+01
6.559949933366230823e+01
6.840222916431565636e+01
6.813426145925046740e+01
6.548244270091895203e+01
6.738432465264422433e+01
6.981000878081512440e+01
6.754638320735269019e+01
6.959505859396368521e+01
6.748064810072752095e+01
6.800576146729832772e+01
6.596455391217992315e+01
6.790419401750560269e+01
7.201705394086684464e+01
6.823533934810826906e+01
7.010681662079049659e+01
6.585766736032672952e+01
6.708593307155632601e+01
6.648745319032676093e+01
6.897182997173320018e+01
6.696261047452945547e+01
6.539413098448331141e+01
6.712107250804359637e+01
6.747753005259792758e+01
7.084800265172037825e+01
6.822632817733102684e+01
6.972979793984369223e+01
6.915911484092205797e+01
7.148468892502803840e+01
6.545007998137172933e+01
7.383207291392875504e+01
6.946740901901328868e+01
6.876799259274216070e+01
6.753072148589907897e+01
6.822168023518356961e+01
6.857060322632020188e+01
6.818862856540638973e+01
7.043283073128918659e+01
6.956925323170683839e+01
6.967684838439544137e+01
7.021143649423817124e+01
6.843599821176388787e+01
6.530637532263834544e+01
6.648866530680747644e+01
7.008298650430577936e+01
6.852486813475113081e+01
6.870674863846168989e+01
6.815817336606622234e+01
7.159259040766094984e+01
6.949869301516331177e+01
6.826880822940978533e+01
6.671404898236248471e+01
6.776284447239609676e+01
6.915879494078220091e+01
6.705059136761045124e+01
6.881737181934181535e+01
7.110706291051995720e+01
7.009941254632704499e+01
6.744710716590697075e+01
7.035557967984951233e+01
6.824924374553057760e+01
6.914655184159607870e+01
7.128218569776038294e+01
7.266543122275110989e+01
7.046355928289884218e+01
6.755384741062991338e+01
6.807470801356350876e+01
6.927426266942481448e+01
7.022034021336850174e+01
6.920646055846441413e+01
6.981411655552969364e+01
6.845822008138263470e+01
6.836431559407228065e+01
6.811417999073171359e+01
6.780604278926197992e+01
6.874292701706932007e+01
6.770100281062897807e+01
6.779280164873432568e+01
7.060007375793396989e+01
6.944231060840886016e+01
7.028856224339875780e+01
7.021180091652507826e+01
6.842496775180356394e+01
6.837347116814028425e+01
6.849095995852239582e+01
6.934952455680077321e+01
6.661575094686503462e+01
6.795896953506516525e+01
7.058255158224997672e+01
6.975164149052505991e+01
6.937065534201212813e+01
6.797150102127447724e+01
6.789906173165631742e+01
6.901529273606274728e+01
6.503752598630713067e+01
6.718008325301087780e+01
6.936478805033721073e+01
6.628202979449386589e+01
6.862877821496270769e+01
6.820341978898774471e+01
6.860403094149549474e+01
6.601719037575062998e+01
6.931396001053217049e+01
6.782107141953329688e+01
6.495811894324280900e+01
6.723977938148375699e+01
6.764091630029646751e+01
6.672565465226048786e+01
6.655274682785687901e+01
6.889553997964361542e+01
7.192915967361992102e+01
6.785049675262109758e+01
6.870226063859470855e+01
7.019813129666846407e+01
6.891149412822221620e+01
6.693578702905352884e+01
6.634683158396438785e+01
6.722959151465543925e+01
7.099720297583121464e+01
6.828579459112671657e+01
6.653178321430375775e+01
6.843023049258714252e+01
6.858982212909786824e+01
6.805815988843781383e+01
6.790135402127152986e+01
6.875204857508117584e+01
6.923449111495943953e+01
6.898859376703472890e+01
6.928543222980746918e+01
7.006788791361526592e+01
6.973799744402583656e+01
6.862819687978071670e+01
6.896579759315250158e+01
7.150778795418344203e+01
6.466617807369027560e+01
6.862891258511344006e+01
6.845970661136621516e+01
6.747264946364128946e+01
6.596226246605763777e+01
6.665038050317750162e+01
6.803792721556554568e+01
6.797409421816047370e+01
6.832538772661979465e+01
6.957521561923826425e+01
6.778878015352064779e+01
6.620548290054830431e+01
6.882423386590375003e+01
6.587973326486689984e+01
6.739783945709916679e+01
6.693452937824292803e+01
6.908935547149246759e+01
6.833363315888132661e+01
6.871523089005412999e+01
6.915959218824716004e+01
7.203766707217137366e+01
6.943568082280008014e+01
6.905695599421811437e+01
6.835599329433632931e+01
7.065414453489273683e+01
6.825970304106354547e+01
6.785589981371656165e+01
6.943509463727527020e+01
6.514382717888094021e+01
7.024551889342049549e+01
6.876435597244305598e+01
7.076413691183127241e+01
7.155048743972932357e+01
6.923219439274843978e+01
6.784882950611554975e+01
6.570592782169438806e+01
6.559685335140463280e+01
6.914615091700599692e+01
7.125165395940121016e+01
6.917351999575268451e+01
6.719914297009350435e+01
7.049022672001484580e+01
6.747814569255665162e+01
7.079184844237914831e+01
7.111060719295301169e+01
7.046099696070807283e+01
6.811805196935793560e+01
6.819550338738009998e+01
7.035243566770277823e+01
6.717140985978815593e+01
6.817042250462159814e+01
6.781786917898752165e+01
6.559647597908478645e+01
6.676168627055002958e+01
6.610273472866361999e+01
7.065854459787321673e+01
7.164270834042292790e+01
6.861096618205453979e+01
6.594496539904773158e+01
6.881054683008841266e+01
6.863559323925318267e+01
6.719440443192164025e+01
6.839788513226407929e+01
6.814659646896846823e+01
6.947625554242495127e+01
6.847823558558050649e+01
6.890083775839354985e+01
6.789212865966271693e+01
7.089081453374929254e+01
7.133529225204226520e+01
6.719227243082796974e+01
7.019432783452907643e+01
6.866055680278601869e+01
6.785362911880972092e+01
6.534241262413092954e+01
6.403426694159936972e+01
6.749259097738848823e+01
6.855391654941178103e+01
7.289473251451723002e+01
7.281164715827210898e+01
6.553149244806512286e+01
6.982148381952893601e+01
7.335200205318849953e+01
6.552877157223390725e+01
6.790055388275644077e+01
6.980988010644853148e+01
7.029111949429037054e+01
6.838853407684800345e+01
7.097975687531825884e+01
6.673547383894941731e+01
6.788474598920531378e+01
7.196522320289849972e+01
6.958107858433103843e+01
6.840731291148475179e+01
6.813882569368854547e+01
7.069466282634925847e+01
6.749262672575808608e+01
6.960329976156366172e+01
6.975021118605239678e+01
6.869316930272621846e+01
6.641151485667415955e+01
6.936871571526141622e+01
6.945116599582300410e+01
6.802011606623267426e+01
6.809249411390379692e+01
6.588242677430918093e+01
6.530327944193507506e+01
6.901736595128659246e+01
6.955166389836489316e+01
6.589956324276741384e+01
6.724994810834012071e+01
6.784289088835132020e+01
6.910222169968804451e+01
6.763790827709811992e+01
6.826065067600123371e+01
6.887595633524304617e+01
6.946574875532195392e+01
6.779229853463382938e+01
6.709389455924080892e+01
6.514688110115628206e+01
6.599441866219204655e+01
7.033901814463041546e+01
6.872281981124909578e+01
6.866186587091057447e+01
6.744847372549503461e+01
6.899566512001115370e+01
7.343396407357795397e+01
6.574049608218240337e+01
6.780100229982915039e+01
6.680388599551959317e+01
7.030991026931333465e+01
6.578390311718180783e+01
6.931494304664622064e+01
6.833345894761067996e+01
6.763605936731909196e+01
6.701627836504071922e+01
7.033498333923265022e+01
6.966603014794858950e+01
6.759858726702739773e+01
6.983981346013931102e+01
6.863470869526560136e+01
6.704006830140451711e+01
6.967164981348756214e+01
6.820535488567544746e+01
6.890050442179190782e+01
7.107336268810661295e+01
6.910504632264337488e+01
7.170216567858152246e+01
6.488439540492264257e+01
6.782729350519988998e+01
6.851516181610391243e+01
6.880159143567846058e+01
6.874231130330352357e+01
7.097630245011484362e+01
6.542646493565024457e+01
6.658502856647439216e+01
7.142794557172504710e+01
7.075587560325180903e+01
6.847152370780011665e+01
6.901158136376984942e+01
7.378035870269872021e+01
7.063193480921401601e+01
6.735132332022321577e+01
6.984480567025752862e+01
6.723060000889825005e+01
7.017505278079823938e+01
6.625430668714622584e+01
7.031806298610577244e+01
6.877134435561615078e+01
6.908042791035992991e+01
6.723124915644848443e+01
7.258426512218505877e+01
6.618580291885865563e+01
6.924927370998376830e+01
6.914677273537537872e+01
6.786220559737415670e+01
7.134754237422995971e+01
6.488723902136210597e+01
6.859893958200348152e+01
6.622945865890024209e+01
6.784600320946694296e+01
6.880354022164999606e+01
7.020670227606598246e+01
7.039511964625890528e+01
6.838993028057760171e+01
6.872325706074894924e+01
7.044056435417591899e+01
6.626953315812558287e+01
6.772943128112960665e+01
6.832241066923346295e+01
7.120148222074166711e+01
7.327251508364027188e+01
6.825466039850432765e+01
6.961797554309627856e+01
7.067999919630231886e+01
6.614684283220913130e+01
6.810085709068457049e+01
6.850892212466663977e+01
6.664091754088519792e+01
6.949122361072440412e+01
6.874489387587048839e+01
6.838771322201989733e+01
6.983906148911322020e+01
6.865982745738934057e+01
6.847020771171870024e+01
6.824791642485540422e+01
7.206601785130544613e+01
6.833386632392117122e+01
6.776747228538464185e+01
6.990175248361830995e+01
6.706127449264158713e+01
6.703360542172561054e+01
7.012437138367641865e+01
6.908102557422779455e+01
6.986761781355392031e+01
6.558876300770860723e+01
6.783389052635018857e+01
6.873981030455134089e+01
6.976153298238892830e+01
6.570049216722743779e+01
6.904492740743637569e+01
6.959925849556708499e+01
6.830854714322775578e+01
6.464638180051159111e+01
6.697909284690165066e+01
6.836867190503147640e+01
6.701699405026855061e+01
6.921603694083863445e+01
6.811156060628218256e+01
6.710783814761836652e+01
6.905889190161465763e+01
7.277871519415629109e+01
7.083291952197428998e+01
6.918083354347845670e+01
6.610506888353432942e+01
6.756443522107009869e+01
6.832590826030182996e+01
6.788158828297905245e+01
6.983035911050075129e+01
6.781784744570313705e+01
6.951864965298358356e+01
6.535684868048772955e+01
6.748482311965366875e+01
6.829346368051496086e+01
6.484854804497039993e+01
6.933408314803358508e+01
7.098302959450316507e+01
6.654715499306011850e+01
7.192536811410481334e+01
6.702787670610823056e+01
6.794412530840257602e+01
7.145255557184232487e+01
6.868047216586816717e+01
6.770027485446584592e+01
6.882505913388837371e+01
6.962508905968152817e+01
6.758431742855819380e+01
6.760178454660493230e+01
6.849354527923244973e+01
7.085977462064363408e+01
7.022755061231940488e+01
6.714250913261864184e+01
6.828787653650914535e+01
6.851064059460307476e+01
6.904812989044532401e+01
6.945985289875925162e+01
6.438819418747407042e+01
6.864265941928925940e+01
7.233242420942950446e+01
6.864054786186892443e+01
7.061083389908247909e+01
6.958082811374762855e+01
6.622346129928790504e+01
6.793723774935385507e+01
6.773101007041860555e+01
6.919889715978872857e+01
6.739754779018990405e+01
7.461705609690608298e+01
6.737176313810495287e+01
6.782829519359698622e+01
6.730380757590441476e+01
6.673468791827050950e+01
6.581805887293975843e+01
6.866763291010184389e+01
6.987675438154609253e+01
6.883730550191211250e+01
6.450589494759944387e+01
6.702617137508147493e+01
6.978801804528950470e+01
7.000800351327436033e+01
6.797169022415074835e+01
6.847652775717359930e+01
7.111656991753170587e+01
6.884300445350721986e+01
7.021540407684275920e+01
7.129186709246864950e+01
6.998808219181623258e+01
6.912328412711840997e+01
6.822941108769981611e+01
7.133129908363359561e+01
7.323348275541059138e+01
6.811056846502999917e+01
6.943580375211908517e+01
6.944360504609932150e+01
6.916562627356711346e+01
6.587140550528680194e+01
6.813804039405317781e+01
7.097851117834635204e+01
6.833785769452705949e+01
6.955909665456928792e+01
7.075572789737699964e+01
6.685247826574084229e+01
6.748122182576756245e+01
6.798210083090194189e+01
6.820776188616920876e+01
7.151519243448548480e+01
6.573588414359502963e+01
6.933841383423728644e+01
6.984948621938760027e+01
6.869018218159985167e+01
6.667713913198547004e+01
6.559740848787332368e+01
6.878255358361329286e+01
7.074948236327921336e+01
7.331636484642301355e+01
6.974736311439873759e+01
6.828756207836295289e+01
6.941740790578356268e+01
6.877370848669728787e+01
7.005108224049342880e+01
6.849276374711160997e+01
6.857086613384990414e+01
6.839043908214512157e+01
6.875278149159281327e+01
6.755747161659471089e+01
6.779507933672365994e+01
7.637855022020563922e+01
6.682254490199903785e+01
6.989631249538153668e+01
6.749883470629296767e+01
6.921434036810880741e+01
6.670181020638254665e+01
6.947033890930111966e+01
6.766519062445578925e+01
6.744652073832521921e+01
6.887554650252610600e+01
6.864952851506313891e+01
6.794778361674289613e+01
6.993106530199237625e+01
6.790559967672493258e+01
6.772140272979815734e+01
6.887357434548377455e+01
6.367040733206493286e+01
6.839941014927784124e+01
6.993527174945982949e+01
6.790852338546741862e+01
7.013366171813191841e+01
6.762903445205000708e+01
7.054219075151353024e+01
6.970803408232026754e+01
7.159257064610702059e+01
6.708066516643521027e+01
7.128217365081906109e+01
6.786962387755629322e+01
6.739267603395856554e+01
6.873340223866091492e+01
7.187689346506400057e+01
6.657993035555062988e+01
6.898398870870583721e+01
6.938544273804160412e+01
6.849234626502961021e+01
6.792248258645642522e+01
6.655968898579818926e+01
6.439053239623989100e+01
6.570340543630886998e+01
6.798404094972124767e+01
6.810108676427944374e+01
6.870251728256008050e+01
6.861536085495295367e+01
6.753725250187565621e+01
6.768574983270059420e+01
6.948737342592878008e+01
6.908729032882796162e+01
6.831544925144737590e+01
6.519531809529746624e+01
6.728896229720278654e+01
7.066183617784419368e+01
6.470288594253605652e+01
6.996748235950117589e+01
6.518429242578471872e+01
6.865469584943380710e+01
6.806664628180587329e+01
6.761274925376731915e+01
7.176734921949363866e+01
6.897577912113348475e+01
7.082643217631763832e+01
6.945575420414496648e+01
6.671090575962929847e+01
6.895322097447683518e+01
6.951441233630134775e+01
6.698146225783193586e+01
6.979868423771995367e+01
7.178060803243542409e+01
7.289515547267801310e+01
6.987129486413238055e+01
6.989064336044293668e+01
6.774630602741913776e+01
7.095585241347536964e+01
6.735389096410274590e+01
6.959025991994519700e+01
6.536458382316772031e+01
6.844387516352306022e+01
6.773613495194754819e+01
6.695200254586100641e+01
7.068320392669144780e+01
6.904788574466728335e+01
6.791798138117323447e+01
6.704814353201925314e+01
6.962009763458475220e+01
6.709531936288303200e+01
6.940722787650985026e+01
7.198851204039571883e+01
6.893995906739166912e+01
6.856440348254636774e+01
6.802935548905811913e+01
6.615171637709511288e+01
7.201859405016222127e+01
6.794444301345137660e+01
6.723521145247211450e+01
6.747892665448034677e+01
6.674570080473542077e+01
6.525422198995613599e+01
6.822778961649429164e+01
6.427721087343336137e+01
6.605405613005019916e+01
6.786260845806236830e+01
6.901079604787496180e+01
6.852104774275173327e+01
6.662351511616492417e+01
6.636282764148214142e+01
6.835695558701770835e+01
6.675563180393322682e+01
6.677374094430533091e+01
6.688448109963758270e+01
6.937294923271011271e+01
6.736457798344756043e+01
7.009591428506986688e+01
6.854657554696399302e+01
6.964807166996823184e+01
6.731438151358189259e+01
6.933134683581587865e+01
7.311136820735399056e+01
6.637186883717203045e+01
6.699407808905070283e+01
6.762232195185981709e+01
6.834085128244694829e+01
6.982937170038096042e+01
7.080138752256868884e+01
6.974266941303191913e+01
6.860067334246497239e+01
6.948613252538974905e+01
6.796159938909407572e+01
6.598425698776439674e+01
6.489979655310781936e+01
6.795261837807784389e+01
6.805481260448031833e+01
6.722933192392513035e+01
6.928146543750014530e+01
6.752847816770631084e+01
6.635088608119166054e+01
6.887077630225127223e+01
6.646530937774855374e+01
6.509999010223441473e+01
6.547363565979831890e+01
6.728662266626849942e+01
6.691800429500781888e+01
7.085852050665617696e+01
6.976658510864950813e+01
6.904532132004152345e+01
6.987038805274605124e+01
6.767330803008893270e+01
6.859460249044434477e+01
7.066300323404192341e+01
7.110833754901167936e+01
6.490175926578454835e+01
6.956876727474607947e+01
6.753057463275065686e+01
7.099753529788017659e+01
6.616231467499400765e+01
6.699647236060110345e+01
6.554703209287245613e+01
6.750248834533749687e+01
6.809559635864872007e+01
6.676342274673240240e+01
6.957344299609749783e+01
6.916055404662397166e+01
6.303555984061824091e+01
6.878540594307065703e+01
7.049567244697047386e+01
6.751816781716155447e+01
7.068437088137521584e+01
6.605427132145911173e+01
6.285442305716421174e+01
7.052044997795508152e+01
6.740178113174343366e+01
6.768173870342519649e+01
6.673438839740403239e+01
6.662742118321440898e+01
6.875236907689736654e+01
7.008838889004641715e+01
7.050000459378185269e+01
6.824596046603360833e+01
6.683271471764938099e+01
6.863221299970953737e+01
6.912755583185008845e+01
6.927312535269740579e+01
6.762241520457583022e+01
7.040621514668291070e+01
6.862647546590038417e+01
6.586419878525028082e+01
6.785349204606110618e+01
6.682129541564007980e+01
6.947255048126696408e+01
6.814466403738926203e+01
6.936465194247560362e+01
6.796812974698505627e+01
6.805132124397741222e+01
7.004980972045602527e+01
6.816426992037959565e+01
6.680569330731523792e+01
6.982521187527572692e+01
6.777483717835720256e+01
6.983612727864296232e+01
7.280972145689884201e+01
6.705079050109573302e+01
6.866070821121901702e+01
6.863120760152912680e+01
6.984663162382480550e+01
6.794560827589646124e+01
6.606807716313608125e+01
6.802444783466893341e+01
6.624111171692294420e+01
6.851588302042176792e+01
7.049404834659364383e+01
6.635459278941253558e+01
6.668022802208864164e+01
6.862587311178391758e+01
6.803572908192458613e+01
7.122321443673851604e+01
6.943040231993710165e+01
6.801219311493879616e+01
6.852277124169867761e+01
6.662517231596586953e+01
7.137060406145143077e+01
7.102712439662563781e+01
6.722415009622818616e+01
6.997493605154912188e+01
7.332297133307756098e+01
6.755060969741357724e+01
6.903757664162012020e+01
6.824175848782614651e+01
6.586070506919261902e+01
7.003055412615533726e+01
7.241900064895513367e+01
6.968608032064335589e+01
6.814107820584628428e+01
6.986526433824320748e+01
7.086322665476245675e+01
6.927647788508093640e+01
6.764194734393367980e+01
6.901288150971299729e+01
6.724371508095183003e+01
6.825734207040545698e+01
6.758110077242531588e+01
6.541825995538457050e+01
6.794930363407519280e+01
6.820057440316375619e+01
6.572343748101647520e+01
6.620297255492387478e+01
6.837773801643201921e+01
6.738677301521485674e+01
6.867766727208559985e+01
6.885784166631377445e+01
7.003829499013032489e+01
6.931523228726656782e+01
6.686071317011979431e+01
6.769097161956301534e+01
6.856957326071778880e+01
7.052919028356205899e+01
6.728406926564800017e+01
6.865417915194564102e+01
6.710143321788793003e+01
6.700443950665943760e+01
6.683246183902711834e+01
6.893308131736924338e+01
6.822691198910165156e+01
6.654620594994513283e+01
7.021418391721935848e+01
6.948159818649916986e+01
6.439644825039039233e+01
6.937539241266449608e+01
6.840308894585851363e+01
6.697997082511987799e+01
6.988792210546856154e+01
6.815889546846676694e+01
6.943653091358009988e+01
6.354998063871781255e+01
6.946539525387285607e+01
6.839852336981805081e+01
6.977264121649147910e+01
6.691443440231067541e+01
6.886639016884159048e+01
6.958582130386147924e+01
6.845077641762190979e+01
6.921808123062619700e+01
6.669249048133454494e+01
6.780110480457059907e+01
7.094230291700797864e+01
6.795822699197653094e+01
6.701565291542516434e+01
6.984403276540392369e+01
6.800587111406196072e+01
6.737774620002355164e+01
6.642061074216039174e+01
7.107297800399240373e+01
6.881447748280487531e+01
6.761430223363996106e+01
6.741500918460704384e+01
7.090312103533184995e+01
6.759286504771857551e+01
6.649504357924874398e+01
7.024001732310591706e+01
6.945852389810053751e+01
6.679320868567336333e+01
6.725739130710071834e+01
6.842566209848101266e+01
6.734316498060655931e+01
6.944783468307680607e+01
6.930182489946659530e+01
6.864650645503525084e+01
7.227707790368027929e+01
6.526974723012548907e+01
6.812901650097174411e+01
6.527919022805767213e+01
6.535372675777827567e+01
6.885314502364190048e+01
6.834214287118024345e+01
6.813710476727615628e+01
6.726612473523594815e+01
6.902357291483652091e+01
6.747360971015537245e+01
6.527104191915609022e+01
6.902851071432439767e+01
7.035937587243358848e+01
6.880768861183543095e+01
6.928692055828354057e+01
7.059475918522848303e+01
6.564706008468263576e+01
6.819859450017048630e+01
6.832596510965665004e+01
6.988150906427551945e+01
7.051427280373783901e+01
6.584963305312135162e+01
6.770586520954462628e+01
6.641372356611260841e+01
6.810254874896263289e+01
6.557606901546031963e+01
6.551252234110293671e+01
6.300121186430428111e+01
6.991989005125557810e+01
7.057159983686590010e+01
6.906839605112202207e+01
7.247193311825731143e+01
7.069313783406377638e+01
6.853403853223431952e+01
6.860677687536318103e+01
6.830845426037130608e+01
6.698476170843873945e+01
7.059223750753494642e+01
6.679188819762524076e+01
6.991089504325832138e+01
6.943119390592411833e+01
6.993804631365908620e+01
7.221216390691556342e+01
6.755129410243128518e+01
7.059460244314527699e+01
6.840590767913423065e+01
6.969553962044597029e+01
6.842581039955351230e+01
7.095439408027736761e+01
6.899527414421484650e+01
6.889727068074995486e+01
6.794423877106483189e+01
6.801572654937253049e+01
7.043914832872019360e+01
7.124408120860013582e+01
6.588632852346171376e+01
6.821276650105534145e+01
6.564544781200689272e+01
6.655665425353761577e+01
6.777576655125605498e+01
6.522937515136919728e+01
6.760436797632689832e+01
7.039948806232544598e+01
7.017017875717493780e+01
6.739581584436552930e+01
6.911270281313477426e+01
7.213386147478773580e+01
6.884918828281675474e+01
6.855035385580248430e+01
6.688979730691437453e+01
7.220145330616880130e+01
6.751243358641728776e+01
6.769348030953658224e+01
6.909528671266070887e+01
6.946933252357825950e+01
6.909775113053197515e+01
6.732517195816792821e+01
6.504340621212168116e+01
6.801005205558240618e+01
6.892316621997125026e+01
6.600379820555093602e+01
6.507644667083614820e+01
7.034558088693916034e+01
6.967105278488773479e+01
6.891178193798199914e+01
6.768556339701325442e+01
6.675529665202083152e+01
7.059341416238206079e+01
7.283404194162412182e+01
6.972629557134939660e+01
6.879956540818271549e+01
7.072076188959900378e+01
6.898825522499603835e+01
6.868909020322024617e+01
6.787279488960911067e+01
6.827677566853478197e+01
7.006024370634563070e+01
6.970619057359348858e+01
6.861133141989024864e+01
6.829941102588104229e+01
7.068025568991346574e+01
6.872509614024289704e+01
6.690956278705267835e+01
6.845161657589216020e+01
6.681405506475375944e+01
7.285134801631647861e+01
6.679570984585157589e+01
6.693027002334508779e+01
6.709410509018223934e+01
6.749067263159898289e+01
6.925302614908476073e+01
7.092259334172391050e+01
7.321125115100078062e+01
6.829534173223120774e+01
6.770498796938296948e+01
7.099088111739224871e+01
6.848155619339905797e+01
6.769605950907228475e+01
6.933089411686499659e+01
6.656488865690252510e+01
6.850099580819323819e+01
6.598770372161597209e+01
7.052310527772820592e+01
7.134615311031988938e+01
6.959647917750757529e+01
6.875778023669991512e+01
6.938412224015513630e+01
6.956573192764322755e+01
7.014766531888193413e+01
6.624846786723207970e+01
6.992587883120860681e+01
6.828010713282112931e+01
7.037239862498233833e+01
7.094592920514898537e+01
6.626128444188628919e+01
6.866888766531556598e+01
6.885143253599626689e+01
6.944907869814502988e+01
6.540249994681704493e+01
7.067282421062901676e+01
6.714279507757859733e+01
6.994343998665516438e+01
6.866258286988600901e+01
6.577482290393732001e+01
6.838880067182563494e+01
7.034918658025088689e+01
6.855242066000275258e+01
6.938530600252400404e+01
6.788821663446489652e+01
7.321939612701808642e+01
6.797209634983008186e+01
6.800057377125517633e+01
6.611839170316022773e+01
6.879349212954933535e+01
6.779203841494629046e+01
7.007818141191319228e+01
6.503032657634875591e+01
6.918218089385528913e+01
6.442611735747865964e+01
6.992329868959835437e+01
6.557301281527261949e+01
7.017433555464567974e+01
6.988393779285125618e+01
6.796423047236372383e+01
6.546592678484373096e+01
6.830181136915960849e+01
6.758406902790235904e+01
6.916395825769716055e+01
6.859188462398174124e+01
6.707449397385832413e+01
6.682519228671336009e+01
6.580299337314536956e+01
6.915515531383751124e+01
6.822145893251168047e+01
6.824457568202015523e+01
7.015732673808099662e+01
6.874629850438120116e+01
6.997096586430232890e+01
6.964444169542937857e+01
6.959702088890215066e+01
6.716507247729674646e+01
6.715090590206236243e+01
6.960120355693709371e+01
7.077811599594591030e+01
7.121122332482916306e+01
6.873920955941032673e+01
6.716887046922954596e+01
6.967987352867118034e+01
6.998162022874130628e+01
6.746498339059725424e+01
6.936362554486079546e+01
7.181238935349531971e+01
6.803307131053549028e+01
6.686776325106887953e+01
6.824650594935845049e+01
6.604695723126432938e+01
7.061230061624246446e+01
6.708415362602553955e+01
6.780427911323938872e+01
7.305101986202537034e+01
6.450906278185534859e+01
7.164761969006455899e+01
6.887709215216594316e+01
6.601495636151165058e+01
6.588748257909466588e+01
6.892861091894928904e+01
6.974816467207288895e+01
6.831309231768391044e+01
6.582491056315427613e+01
7.074884069435267975e+01
6.451836725450331755e+01
7.252413078994470652e+01
6.995364249735852979e+01
6.620004847200500819e+01
7.101949042584894300e+01
6.622004133060087838e+01
7.101103841245888759e+01
6.603811526873715820e+01
6.700777665562594620e+01
7.098095859850648992e+01
6.866461214488936093e+01
6.936762249269089864e+01
6.952443749448772792e+01
6.825903729853504842e+01
6.809022610641997630e+01
6.742008160740833489e+01
6.914332317176730669e+01
6.917070993917381827e+01
6.635191971355519058e+01
6.762213664364929855e+01
6.806990665120078177e+01
6.952021879271256921e+01
6.868071965037408688e+01
6.966471344639288077e+01
7.047901522808842856e+01
6.765289086266156460e+01
6.768862729406184542e+01
6.828835928216486195e+01
6.942044720537509761e+01
6.578655106602352021e+01
6.988246226134752703e+01
6.978241734451104605e+01
6.711117649846580946e+01
7.065888215710589293e+01
6.830842436012711971e+01
6.750583466607460537e+01
6.970684217037684505e+01
6.577710960267563678e+01
6.869652769956948646e+01
6.971717368372912915e+01
6.654038201211133696e+01
6.935637850292324913e+01
6.709502254130724452e+01
6.842009230754831606e+01
6.931094759871271549e+01
6.845537457810567616e+01
6.615029955088343172e+01
7.067444060149058771e+01
6.893625336945405024e+01
7.081731506503911078e+01
6.863551600350706394e+01
6.702540648012143265e+01
7.025800704639857486e+01
7.265951906783104164e+01
6.423898460460478077e+01
6.904493434829620924e+01
6.955573260253184742e+01
6.788530508795719243e+01
6.582238465331684552e+01
6.812313946793582886e+01
6.874299718347364774e+01
7.014910107562560881e+01
6.866820190489265485e+01
6.883368659554372471e+01
6.843931673523972847e+01
6.853573978761295393e+01
6.839003522493510445e+01
6.696131252691898794e+01
6.636691064456542222e+01
6.792757221749459973e+01
6.728577501946816142e+01
6.943848582656279689e+01
6.657695470050587971e+01
7.032681927842151026e+01
6.959200364202260403e+01
6.982110090679930181e+01
6.766438855520885909e+01
6.710733382377875955e+01
6.795338799480072112e+01
6.976365956230088727e+01
6.875689385061720316e+01
6.725024614422619607e+01
6.837110580688266737e+01
6.723561135964396840e+01
7.138452326492046041e+01
6.355584752852927721e+01
6.810228683959383034e+01
6.864214600410711853e+01
6.875030991734556096e+01
6.776155007393408880e+01
6.882077483655316996e+01
6.946276016630424976e+01
6.914722704691023125e+01
6.944659122591843925e+01
6.546823399993112957e+01
6.910337781377673139e+01
6.972293583953458551e+01
6.979611370936139281e+01
6.801371343441867623e+01
7.074465597270713602e+01
6.605053590132776264e+01
6.894533074010107043e+01
7.068574706467633462e+01
6.957362752084439705e+01
6.823549149514289525e+01
7.423099802291517335e+01
6.922726853835509075e+01
7.093285367654232232e+01
6.849429995818661610e+01
6.845865548223403607e+01
6.955769098795812511e+01
6.878745621357523987e+01
6.862955581908614988e+01
6.984616426725133920e+01
6.854903116163136190e+01
6.767544836609759784e+01
6.494636368753060651e+01
7.211728663641376613e+01
7.322002492485376024e+01
6.721617237645001808e+01
6.910331932857607740e+01
6.859104429293533656e+01
7.085093066235630488e+01
6.989502787084933288e+01
6.786147551563396974e+01
6.756516090247956186e+01
6.867196665739226091e+01
6.673599062302267271e+01
6.739522103605690972e+01
6.634938106801828894e+01
6.832113935285524065e+01
6.755675817075176326e+01
6.813567129821117874e+01
6.339809274012343110e+01
6.648762265905125446e+01
7.122523131528961926e+01
7.024957469413514843e+01
7.455297415863452670e+01
6.886970422667086211e+01
6.907438311361862304e+01
6.565858046187335617e+01
6.851923859496218938e+01
6.898981183515905968e+01
6.590736294215859914e+01
6.932653328287892691e+01
6.785710760937686814e+01
6.668601346621852599e+01
6.788960997741574488e+01
7.388456626302657071e+01
7.323511991180777159e+01
7.054878577156927122e+01
6.496336170469676574e+01
6.806880994841486654e+01
6.890046765376177973e+01
6.905800833727988675e+01
6.783488619017319365e+01
6.864569294879211725e+01
6.828713253112681514e+01
7.047382602000357110e+01
7.196375108017691957e+01
6.979127158793593821e+01
7.103212418152173768e+01
6.707645062641064726e+01
6.855696423826688601e+01
6.764536528299956331e+01
6.798524251565712007e+01
6.971453164057007257e+01
6.701305329118017085e+01
6.762664698224233462e+01
6.906635445464040401e+01
6.720057402437869598e+01
7.039725309154557920e+01
6.698056015406397989e+01
6.915079171988483608e+01
6.725026850883534735e+01
6.608552806028129112e+01
6.598278176042076382e+01
6.900148883493903895e+01
6.976643793789344272e+01
7.002324949502863660e+01
6.909333408212758343e+01
6.663167553908596119e+01
6.745089725941579673e+01
6.737657057365457547e+01
6.687517493450093298e+01
7.327739592532145707e+01
6.799890569147081010e+01
6.689953564936800490e+01
6.851736036729323587e+01
7.032189985552969347e+01
6.808561680987251918e+01
6.922363821757193136e+01
7.252145793025857756e+01
6.820554955990951385e+01
6.973762142081312732e+01
6.846968979829543400e+01
6.659854754600192450e+01
6.714872930239504001e+01
6.949375712758632062e+01
7.022264512470320597e+01
6.856019221254165075e+01
6.811036090963676770e+01
6.962471416954869596e+01
6.796078160127945011e+01
7.081730331668320844e+01
6.852709401680409940e+01
6.667519363263664900e+01
6.881152950903761223e+01
6.838661119477160355e+01
6.890106181108782835e+01
6.818416043587811259e+01
6.675206921505014179e+01
6.543172645298486145e+01
6.727114260347369168e+01
6.662830229062744536e+01
6.522782400146869008e+01
6.463048132663391243e+01
6.952241737910222241e+01
7.164802169089428219e+01
7.193039328030053525e+01
6.678532928798878743e+01
6.765328386871377120e+01
6.881116333987310441e+01
6.837470875557713157e+01
6.779791547432037646e+01
7.249704388324639126e+01
6.995865527625768721e+01
6.906036635127072998e+01
6.691365293355741528e+01
7.059439452560235395e+01
7.064068054162760291e+01
6.883599572230171759e+01
6.759060816617493117e+01
6.809350490708499137e+01
6.769353071416117018e+01
6.697254628621398354e+01
6.788988111227510558e+01
6.481311116873568778e+01
6.655317837456965435e+01
7.291331060740670011e+01
6.786886677534640455e+01
6.818990221906948079e+01
6.810874858899163087e+01
7.056818429702900630e+01
6.894264114944344612e+01
7.001383948833176873e+01
6.896417813763136451e+01
6.699427661242143017e+01
6.901486980998205922e+01
6.950680589927395658e+01
7.053505776950404993e+01
6.831489142766955069e+01
7.111870608772447611e+01
7.042095362098712030e+01
6.832656283391072805e+01
7.038894443991816274e+01
6.732966733142009730e+01
6.681087740743885206e+01
6.608944899847230658e+01
6.742489843006977424e+01
6.718036116798813850e+01
6.828247001005784966e+01
6.926593859425797461e+01
6.898525075939122075e+01
6.717353148584095379e+01
6.530552494600968316e+01
6.958787703183519113e+01
7.186983138675364557e+01
6.875499468953047710e+01
6.851790770673879649e+01
6.756436923240609360e+01
6.769672805433839358e+01
6.926437486792032416e+01
6.947153806675719068e+01
6.622421815958558966e+01
6.868535561945586210e+01
6.891076945831341050e+01
6.644737293626126018e+01
6.946743164802846593e+01
6.679126181849696309e+01
6.462726520524574880e+01
7.006229786079128985e+01
6.763684408362399836e+01
6.813836020626108336e+01
6.805675759163423777e+01
6.634506484545029537e+01
7.088757630966755130e+01
6.877728074170281047e+01
6.792495587932286583e+01
6.924019005785811487e+01
7.108312396492739538e+01
6.919790633777057565e+01
7.006670019791113191e+01
7.091476150681064894e+01
7.133904743235304124e+01
6.787369259915553243e+01
6.547444000382020590e+01
6.838723510291760022e+01
6.701182371764059553e+01
6.768306501119063512e+01
6.765736660212074582e+01
6.848887174764674057e+01
6.973196455919016046e+01
7.111454631774437019e+01
6.621585093640553055e+01
6.621898871831191968e+01
7.304518117995156956e+01
6.838957709134804475e+01
6.731326192710901068e+01
6.908363195381207333e+01
6.554133054668722025e+01
6.698171891004358258e+01
6.921596577049223242e+01
6.545144381365759045e+01
6.738221249698651150e+01
7.178638412795683621e+01
6.730949699435009848e+01
6.668994390600104794e+01
6.874867905620028807e+01
6.916808839870219572e+01
6.742519452842759620e+01
6.774074489236384977e+01
6.807889570540260138e+01
6.487160638610740193e+01
6.648903984965841119e+01
6.990455745956847977e+01
7.068389205860290758e+01
7.218562587854550827e+01
6.857391450627069673e+01
6.678822137129571956e+01
6.920027344677669134e+01
6.650407626096068725e+01
6.964541732435505139e+01
6.776927429468835840e+01
6.511655918141936183e+01
7.073218657524657260e+01
6.829069164205913012e+01
6.653283832292029842e+01
6.639889154925505466e+01
6.580472906891921525e+01
6.803163758065261391e+01
7.144570783519587565e+01
7.158724477688116394e+01
7.053045307214537729e+01
